,SequenceNumber,EntryName,Type
0,324,5ht1a_human,Acetylation
1,391,5ht2c_human,Acetylation
2,239,ada1a_human,Acetylation
3,175,ada2a_human,Acetylation
4,203,agtr2_human,Acetylation
5,1528,bai1_human,Acetylation
6,336,casr_human,Acetylation
7,308,cckar_human,Acetylation
8,309,cckar_human,Acetylation
9,286,ccr10_human,Acetylation
10,330,s1pr1_human,Acetylation
11,144,s1pr2_human,Acetylation
12,338,ednra_human,Acetylation
13,140,fshr_human,Acetylation
14,516,fzd4_human,Acetylation
15,518,fzd4_human,Acetylation
16,521,fzd4_human,Acetylation
17,583,gabr2_human,Acetylation
18,589,gabr2_human,Acetylation
19,428,gp126_human,Acetylation
20,669,agrg7_human,Acetylation
21,725,agrg7_human,Acetylation
22,733,agrg7_human,Acetylation
23,227,gp132_human,Acetylation
24,1197,gp179_human,Acetylation
25,61,gpr19_human,Acetylation
26,271,gpr19_human,Acetylation
27,368,gpr19_human,Acetylation
28,369,gpr19_human,Acetylation
29,382,gpr19_human,Acetylation
30,471,agrg3_human,Acetylation
31,474,agrg3_human,Acetylation
32,475,agrg3_human,Acetylation
33,693,gpr98_human,Acetylation
34,2010,gpr98_human,Acetylation
35,3806,gpr98_human,Acetylation
36,4873,gpr98_human,Acetylation
37,5825,gpr98_human,Acetylation
38,362,grpr_human,Acetylation
39,445,agrl2_human,Acetylation
40,705,agrl2_human,Acetylation
41,108,lgr4_human,Acetylation
42,332,acm1_human,Acetylation
43,339,acm1_human,Acetylation
44,828,grm5_human,Acetylation
45,152,npff1_human,Acetylation
46,254,opsg_human,Acetylation
47,674,smo_human,Acetylation
48,248,ssr2_human,Acetylation
49,322,taar1_human,Acetylation
50,231,taar2_human,Acetylation
51,258,5ht6r_human,Methylation
52,262,5ht6r_human,Methylation
53,214,aa1r_human,Methylation
54,224,aa1r_human,Methylation
55,389,ada1b_human,Methylation
56,393,ada1b_human,Methylation
57,399,ada1b_human,Methylation
58,403,ada1b_human,Methylation
59,357,adrb1_human,Methylation
60,1375,agrb2_human,Methylation
61,1383,agrb2_human,Methylation
62,1384,agrb2_human,Methylation
63,53,celr3_human,Methylation
64,334,cxcr4_human,Methylation
65,324,drd2_human,Methylation
66,332,drd2_human,Methylation
67,336,drd2_human,Methylation
68,63,drd4_human,Methylation
69,255,ffar2_human,Methylation
70,281,ffar2_human,Methylation
71,286,ffar2_human,Methylation
72,446,fzd2_human,Methylation
73,549,fzd3_human,Methylation
74,532,fzd6_human,Methylation
75,354,galr3_human,Methylation
76,365,galr3_human,Methylation
77,269,qrfpr_human,Methylation
78,1178,gp126_human,Methylation
79,1186,gp126_human,Methylation
80,732,gp158_human,Methylation
81,241,gpr22_human,Methylation
82,279,cxcr1_human,Methylation
83,280,cxcr1_human,Methylation
84,743,agrl2_human,Methylation
85,333,rxfp2_human,Methylation
86,389,mchr1_human,Methylation
87,740,grm1_human,Methylation
88,136,mtlr_human,Methylation
89,312,rl3r1_human,Methylation
90,320,rl3r1_human,Methylation
91,71,ssr3_human,Methylation
92,67,ssr5_human,Methylation
93,134,taar1_human,Methylation
94,305,ta2r9_human,Methylation
95,2306,celr1_human,O-GalNAc
96,2307,celr1_human,O-GalNAc
97,2310,celr1_human,O-GalNAc
98,2311,celr1_human,O-GalNAc
99,4,s1pr1_human,O-GalNAc
100,5,s1pr1_human,O-GalNAc
101,45,par2_human,O-GalNAc
102,46,par2_human,O-GalNAc
103,49,par2_human,O-GalNAc
104,54,par2_human,O-GalNAc
105,32,fzd2_human,O-GalNAc
106,165,fzd2_human,O-GalNAc
107,166,fzd2_human,O-GalNAc
108,179,fzd2_human,O-GalNAc
109,194,fzd2_human,O-GalNAc
110,150,fzd6_human,O-GalNAc
111,42,fzd7_human,O-GalNAc
112,157,gp107_human,O-GalNAc
113,166,gp107_human,O-GalNAc
114,171,gp107_human,O-GalNAc
115,51,agrg1_human,O-GalNAc
116,268,agrg2_human,O-GalNAc
117,271,agrg2_human,O-GalNAc
118,277,agrg2_human,O-GalNAc
119,410,agrl3_human,O-GalNAc
120,423,agrl3_human,O-GalNAc
121,196,5ht1a_human,Phosphorylation
122,199,5ht1a_human,Phosphorylation
123,205,5ht1a_human,Phosphorylation
124,215,5ht1a_human,Phosphorylation
125,240,5ht1a_human,Phosphorylation
126,60,5ht1b_human,Phosphorylation
127,63,5ht1b_human,Phosphorylation
128,64,5ht1b_human,Phosphorylation
129,61,5ht1d_human,Phosphorylation
130,137,5ht1d_human,Phosphorylation
131,147,5ht1d_human,Phosphorylation
132,193,5ht1d_human,Phosphorylation
133,235,5ht1d_human,Phosphorylation
134,49,5ht1e_human,Phosphorylation
135,50,5ht1e_human,Phosphorylation
136,148,5ht1e_human,Phosphorylation
137,27,5ht1f_human,Phosphorylation
138,38,5ht1f_human,Phosphorylation
139,122,5ht1f_human,Phosphorylation
140,126,5ht1f_human,Phosphorylation
141,131,5ht1f_human,Phosphorylation
142,184,5ht1f_human,Phosphorylation
143,201,5ht1f_human,Phosphorylation
144,202,5ht1f_human,Phosphorylation
145,205,5ht1f_human,Phosphorylation
146,233,5ht1f_human,Phosphorylation
147,280,5ht2a_human,Phosphorylation
148,287,5ht2a_human,Phosphorylation
149,288,5ht2a_human,Phosphorylation
150,290,5ht2a_human,Phosphorylation
151,291,5ht2a_human,Phosphorylation
152,298,5ht2a_human,Phosphorylation
153,305,5ht2a_human,Phosphorylation
154,419,5ht2a_human,Phosphorylation
155,412,5ht2b_human,Phosphorylation
156,354,5ht4r_human,Phosphorylation
157,355,5ht4r_human,Phosphorylation
158,260,5ht5a_human,Phosphorylation
159,345,5ht5a_human,Phosphorylation
160,347,5ht5a_human,Phosphorylation
161,354,5ht5a_human,Phosphorylation
162,347,5ht6r_human,Phosphorylation
163,285,5ht7r_human,Phosphorylation
164,216,pacr_human,Phosphorylation
165,459,pacr_human,Phosphorylation
166,468,pacr_human,Phosphorylation
167,213,aa3r_human,Phosphorylation
168,144,ada1b_human,Phosphorylation
169,149,ada1b_human,Phosphorylation
170,153,ada1b_human,Phosphorylation
171,410,ada1b_human,Phosphorylation
172,412,ada1b_human,Phosphorylation
173,417,ada1b_human,Phosphorylation
174,470,ada1b_human,Phosphorylation
175,201,ada1d_human,Phosphorylation
176,228,ada1d_human,Phosphorylation
177,132,ada2a_human,Phosphorylation
178,134,ada2a_human,Phosphorylation
179,136,ada2a_human,Phosphorylation
180,171,ada2a_human,Phosphorylation
181,258,ada2a_human,Phosphorylation
182,324,ada2a_human,Phosphorylation
183,331,ada2a_human,Phosphorylation
184,344,ada2a_human,Phosphorylation
185,338,ada2c_human,Phosphorylation
186,352,ada2c_human,Phosphorylation
187,358,ada2c_human,Phosphorylation
188,157,adrb1_human,Phosphorylation
189,423,adrb1_human,Phosphorylation
190,428,adrb1_human,Phosphorylation
191,475,adrb1_human,Phosphorylation
192,308,adrb2_human,Phosphorylation
193,248,apj_human,Phosphorylation
194,264,apj_human,Phosphorylation
195,348,apj_human,Phosphorylation
196,26,agtr1_human,Phosphorylation
197,342,agtr1_human,Phosphorylation
198,331,agtr2_human,Phosphorylation
199,150,v1ar_human,Phosphorylation
200,281,v1ar_human,Phosphorylation
201,283,v1ar_human,Phosphorylation
202,258,v1br_human,Phosphorylation
203,267,v1br_human,Phosphorylation
204,271,v1br_human,Phosphorylation
205,371,v1br_human,Phosphorylation
206,124,v2r_human,Phosphorylation
207,66,bai1_human,Phosphorylation
208,81,bai1_human,Phosphorylation
209,83,bai1_human,Phosphorylation
210,114,bai1_human,Phosphorylation
211,119,bai1_human,Phosphorylation
212,287,bai1_human,Phosphorylation
213,330,bai1_human,Phosphorylation
214,537,bai1_human,Phosphorylation
215,609,bai1_human,Phosphorylation
216,1257,bai1_human,Phosphorylation
217,1278,bai1_human,Phosphorylation
218,1306,bai1_human,Phosphorylation
219,1308,bai1_human,Phosphorylation
220,1343,bai1_human,Phosphorylation
221,1350,bai1_human,Phosphorylation
222,1352,bai1_human,Phosphorylation
223,1354,bai1_human,Phosphorylation
224,1554,bai1_human,Phosphorylation
225,4,agrb2_human,Phosphorylation
226,447,agrb2_human,Phosphorylation
227,455,agrb2_human,Phosphorylation
228,457,agrb2_human,Phosphorylation
229,543,agrb2_human,Phosphorylation
230,554,agrb2_human,Phosphorylation
231,594,agrb2_human,Phosphorylation
232,596,agrb2_human,Phosphorylation
233,655,agrb2_human,Phosphorylation
234,843,agrb2_human,Phosphorylation
235,845,agrb2_human,Phosphorylation
236,850,agrb2_human,Phosphorylation
237,1176,agrb2_human,Phosphorylation
238,1351,agrb2_human,Phosphorylation
239,1392,agrb2_human,Phosphorylation
240,1444,agrb2_human,Phosphorylation
241,1511,agrb2_human,Phosphorylation
242,1543,agrb2_human,Phosphorylation
243,53,agrb3_human,Phosphorylation
244,261,agrb3_human,Phosphorylation
245,596,agrb3_human,Phosphorylation
246,599,agrb3_human,Phosphorylation
247,767,agrb3_human,Phosphorylation
248,827,agrb3_human,Phosphorylation
249,830,agrb3_human,Phosphorylation
250,836,agrb3_human,Phosphorylation
251,1237,agrb3_human,Phosphorylation
252,1239,agrb3_human,Phosphorylation
253,1282,agrb3_human,Phosphorylation
254,1308,agrb3_human,Phosphorylation
255,1419,agrb3_human,Phosphorylation
256,1420,agrb3_human,Phosphorylation
257,1479,agrb3_human,Phosphorylation
258,1482,agrb3_human,Phosphorylation
259,334,bkrb1_human,Phosphorylation
260,340,bkrb1_human,Phosphorylation
261,17,bkrb2_human,Phosphorylation
262,178,bkrb2_human,Phosphorylation
263,175,brs3_human,Phosphorylation
264,202,brs3_human,Phosphorylation
265,204,brs3_human,Phosphorylation
266,266,c3ar_human,Phosphorylation
267,349,c3ar_human,Phosphorylation
268,459,c3ar_human,Phosphorylation
269,463,c3ar_human,Phosphorylation
270,465,c3ar_human,Phosphorylation
271,466,c3ar_human,Phosphorylation
272,470,c3ar_human,Phosphorylation
273,479,c3ar_human,Phosphorylation
274,324,c5ar1_human,Phosphorylation
275,59,calcr_human,Phosphorylation
276,71,calcr_human,Phosphorylation
277,74,calcr_human,Phosphorylation
278,149,calcr_human,Phosphorylation
279,150,calcr_human,Phosphorylation
280,156,calcr_human,Phosphorylation
281,196,calcr_human,Phosphorylation
282,252,calcr_human,Phosphorylation
283,285,calrl_human,Phosphorylation
284,409,calrl_human,Phosphorylation
285,445,calrl_human,Phosphorylation
286,460,calrl_human,Phosphorylation
287,186,casr_human,Phosphorylation
288,195,casr_human,Phosphorylation
289,900,casr_human,Phosphorylation
290,906,casr_human,Phosphorylation
291,139,ackr2_human,Phosphorylation
292,263,cckar_human,Phosphorylation
293,61,gasr_human,Phosphorylation
294,68,gasr_human,Phosphorylation
295,82,gasr_human,Phosphorylation
296,294,gasr_human,Phosphorylation
297,427,gasr_human,Phosphorylation
298,332,ccr1_human,Phosphorylation
299,340,ccr1_human,Phosphorylation
300,341,ccr1_human,Phosphorylation
301,342,ccr1_human,Phosphorylation
302,343,ccr1_human,Phosphorylation
303,345,ccr1_human,Phosphorylation
304,346,ccr1_human,Phosphorylation
305,191,ccr4_human,Phosphorylation
306,195,ccr5_human,Phosphorylation
307,343,ccr5_human,Phosphorylation
308,74,ccr6_human,Phosphorylation
309,352,ccr6_human,Phosphorylation
310,65,ccr7_human,Phosphorylation
311,66,ccr7_human,Phosphorylation
312,155,ccr7_human,Phosphorylation
313,132,ccr8_human,Phosphorylation
314,334,ccr8_human,Phosphorylation
315,338,ccr8_human,Phosphorylation
316,339,ccr8_human,Phosphorylation
317,340,ccr8_human,Phosphorylation
318,81,ccr9_human,Phosphorylation
319,83,ccr9_human,Phosphorylation
320,145,ccr9_human,Phosphorylation
321,368,ccr9_human,Phosphorylation
322,146,ackr4_human,Phosphorylation
323,148,ackr4_human,Phosphorylation
324,244,ackr4_human,Phosphorylation
325,252,ackr4_human,Phosphorylation
326,256,ackr4_human,Phosphorylation
327,269,ackr4_human,Phosphorylation
328,270,ackr4_human,Phosphorylation
329,313,ackr4_human,Phosphorylation
330,321,ackr4_human,Phosphorylation
331,83,ccrl2_human,Phosphorylation
332,170,ccrl2_human,Phosphorylation
333,329,ccrl2_human,Phosphorylation
334,333,ccrl2_human,Phosphorylation
335,341,ccrl2_human,Phosphorylation
336,342,ccrl2_human,Phosphorylation
337,373,cd97_human,Phosphorylation
338,377,cd97_human,Phosphorylation
339,378,cd97_human,Phosphorylation
340,430,cd97_human,Phosphorylation
341,531,cd97_human,Phosphorylation
342,540,cd97_human,Phosphorylation
343,810,cd97_human,Phosphorylation
344,811,cd97_human,Phosphorylation
345,814,cd97_human,Phosphorylation
346,816,cd97_human,Phosphorylation
347,817,cd97_human,Phosphorylation
348,825,cd97_human,Phosphorylation
349,281,celr1_human,Phosphorylation
350,282,celr1_human,Phosphorylation
351,283,celr1_human,Phosphorylation
352,356,celr1_human,Phosphorylation
353,616,celr1_human,Phosphorylation
354,1326,celr1_human,Phosphorylation
355,1334,celr1_human,Phosphorylation
356,2491,celr1_human,Phosphorylation
357,2726,celr1_human,Phosphorylation
358,2737,celr1_human,Phosphorylation
359,2742,celr1_human,Phosphorylation
360,2743,celr1_human,Phosphorylation
361,2784,celr1_human,Phosphorylation
362,2871,celr1_human,Phosphorylation
363,2889,celr1_human,Phosphorylation
364,2960,celr1_human,Phosphorylation
365,2971,celr1_human,Phosphorylation
366,3009,celr1_human,Phosphorylation
367,681,celr2_human,Phosphorylation
368,691,celr2_human,Phosphorylation
369,1033,celr2_human,Phosphorylation
370,1035,celr2_human,Phosphorylation
371,1121,celr2_human,Phosphorylation
372,1214,celr2_human,Phosphorylation
373,1305,celr2_human,Phosphorylation
374,2656,celr2_human,Phosphorylation
375,2659,celr2_human,Phosphorylation
376,2672,celr2_human,Phosphorylation
377,2675,celr2_human,Phosphorylation
378,2679,celr2_human,Phosphorylation
379,2776,celr2_human,Phosphorylation
380,2777,celr2_human,Phosphorylation
381,2823,celr2_human,Phosphorylation
382,265,celr3_human,Phosphorylation
383,370,celr3_human,Phosphorylation
384,534,celr3_human,Phosphorylation
385,1198,celr3_human,Phosphorylation
386,1203,celr3_human,Phosphorylation
387,1208,celr3_human,Phosphorylation
388,1209,celr3_human,Phosphorylation
389,1580,celr3_human,Phosphorylation
390,2149,celr3_human,Phosphorylation
391,2508,celr3_human,Phosphorylation
392,2826,celr3_human,Phosphorylation
393,2899,celr3_human,Phosphorylation
394,3017,celr3_human,Phosphorylation
395,3051,celr3_human,Phosphorylation
396,3056,celr3_human,Phosphorylation
397,3058,celr3_human,Phosphorylation
398,3068,celr3_human,Phosphorylation
399,3081,celr3_human,Phosphorylation
400,3140,celr3_human,Phosphorylation
401,3175,celr3_human,Phosphorylation
402,3209,celr3_human,Phosphorylation
403,157,cml1_human,Phosphorylation
404,255,cml1_human,Phosphorylation
405,316,cml1_human,Phosphorylation
406,339,cml1_human,Phosphorylation
407,342,cml1_human,Phosphorylation
408,345,cml1_human,Phosphorylation
409,349,cml1_human,Phosphorylation
410,352,cml1_human,Phosphorylation
411,347,ackr3_human,Phosphorylation
412,355,ackr3_human,Phosphorylation
413,360,ackr3_human,Phosphorylation
414,15,cnr1_human,Phosphorylation
415,224,cnr1_human,Phosphorylation
416,344,cnr1_human,Phosphorylation
417,460,cnr1_human,Phosphorylation
418,464,cnr1_human,Phosphorylation
419,465,cnr1_human,Phosphorylation
420,467,cnr1_human,Phosphorylation
421,29,cnr2_human,Phosphorylation
422,114,cnr2_human,Phosphorylation
423,137,cnr2_human,Phosphorylation
424,141,cnr2_human,Phosphorylation
425,268,cnr2_human,Phosphorylation
426,326,cnr2_human,Phosphorylation
427,335,cnr2_human,Phosphorylation
428,336,cnr2_human,Phosphorylation
429,338,cnr2_human,Phosphorylation
430,340,cnr2_human,Phosphorylation
431,128,cx3c1_human,Phosphorylation
432,137,cx3c1_human,Phosphorylation
433,303,cx3c1_human,Phosphorylation
434,308,cxcr3_human,Phosphorylation
435,12,cxcr4_human,Phosphorylation
436,312,cxcr4_human,Phosphorylation
437,342,cxcr4_human,Phosphorylation
438,344,cxcr4_human,Phosphorylation
439,359,cxcr5_human,Phosphorylation
440,182,cxcr6_human,Phosphorylation
441,8,cltr1_human,Phosphorylation
442,10,cltr1_human,Phosphorylation
443,307,cltr1_human,Phosphorylation
444,308,cltr1_human,Phosphorylation
445,326,cltr1_human,Phosphorylation
446,211,oprd_human,Phosphorylation
447,213,oprd_human,Phosphorylation
448,56,drd1_human,Phosphorylation
449,136,drd1_human,Phosphorylation
450,321,drd2_human,Phosphorylation
451,359,drd2_human,Phosphorylation
452,309,drd3_human,Phosphorylation
453,159,drd4_human,Phosphorylation
454,163,drd4_human,Phosphorylation
455,129,s1pr1_human,Phosphorylation
456,143,s1pr1_human,Phosphorylation
457,351,s1pr1_human,Phosphorylation
458,353,s1pr1_human,Phosphorylation
459,355,s1pr1_human,Phosphorylation
460,358,s1pr1_human,Phosphorylation
461,359,s1pr1_human,Phosphorylation
462,295,lpar2_human,Phosphorylation
463,334,lpar2_human,Phosphorylation
464,349,lpar2_human,Phosphorylation
465,350,lpar2_human,Phosphorylation
466,142,s1pr2_human,Phosphorylation
467,118,lpar3_human,Phosphorylation
468,206,lpar3_human,Phosphorylation
469,293,lpar3_human,Phosphorylation
470,301,lpar3_human,Phosphorylation
471,321,lpar3_human,Phosphorylation
472,329,lpar3_human,Phosphorylation
473,146,s1pr5_human,Phosphorylation
474,216,s1pr5_human,Phosphorylation
475,299,s1pr5_human,Phosphorylation
476,309,s1pr5_human,Phosphorylation
477,393,s1pr5_human,Phosphorylation
478,263,ednra_human,Phosphorylation
479,275,ednra_human,Phosphorylation
480,333,ednra_human,Phosphorylation
481,220,agrl4_human,Phosphorylation
482,223,agrl4_human,Phosphorylation
483,301,agrl4_human,Phosphorylation
484,302,agrl4_human,Phosphorylation
485,407,agrl4_human,Phosphorylation
486,50,agre1_human,Phosphorylation
487,53,agre1_human,Phosphorylation
488,736,agre1_human,Phosphorylation
489,766,agre1_human,Phosphorylation
490,770,agre1_human,Phosphorylation
491,303,agre2_human,Phosphorylation
492,807,agre2_human,Phosphorylation
493,809,agre2_human,Phosphorylation
494,158,agre3_human,Phosphorylation
495,159,agre3_human,Phosphorylation
496,281,agre3_human,Phosphorylation
497,283,agre3_human,Phosphorylation
498,296,agre3_human,Phosphorylation
499,298,agre3_human,Phosphorylation
500,299,agre3_human,Phosphorylation
501,309,agre3_human,Phosphorylation
502,317,agre3_human,Phosphorylation
503,329,agre3_human,Phosphorylation
504,140,opn3_human,Phosphorylation
505,380,opn3_human,Phosphorylation
506,52,ednrb_human,Phosphorylation
507,80,ednrb_human,Phosphorylation
508,376,par2_human,Phosphorylation
509,380,par2_human,Phosphorylation
510,383,par2_human,Phosphorylation
511,385,par2_human,Phosphorylation
512,386,par2_human,Phosphorylation
513,388,par2_human,Phosphorylation
514,389,par2_human,Phosphorylation
515,391,par2_human,Phosphorylation
516,397,par2_human,Phosphorylation
517,31,ffar1_human,Phosphorylation
518,298,ffar1_human,Phosphorylation
519,256,ffar2_human,Phosphorylation
520,296,ffar2_human,Phosphorylation
521,297,ffar2_human,Phosphorylation
522,325,fpr1_human,Phosphorylation
523,196,fpr2_human,Phosphorylation
524,316,fpr2_human,Phosphorylation
525,84,fpr3_human,Phosphorylation
526,316,fpr3_human,Phosphorylation
527,218,fshr_human,Phosphorylation
528,226,fshr_human,Phosphorylation
529,228,fshr_human,Phosphorylation
530,390,fshr_human,Phosphorylation
531,660,fshr_human,Phosphorylation
532,10,fzd1_human,Phosphorylation
533,269,fzd1_human,Phosphorylation
534,623,fzd1_human,Phosphorylation
535,646,fzd1_human,Phosphorylation
536,145,fzd10_human,Phosphorylation
537,155,fzd10_human,Phosphorylation
538,159,fzd10_human,Phosphorylation
539,176,fzd10_human,Phosphorylation
540,549,fzd10_human,Phosphorylation
541,553,fzd10_human,Phosphorylation
542,577,fzd10_human,Phosphorylation
543,534,fzd2_human,Phosphorylation
544,541,fzd2_human,Phosphorylation
545,547,fzd2_human,Phosphorylation
546,552,fzd2_human,Phosphorylation
547,178,fzd3_human,Phosphorylation
548,542,fzd3_human,Phosphorylation
549,553,fzd3_human,Phosphorylation
550,556,fzd3_human,Phosphorylation
551,558,fzd3_human,Phosphorylation
552,583,fzd3_human,Phosphorylation
553,584,fzd3_human,Phosphorylation
554,588,fzd3_human,Phosphorylation
555,613,fzd3_human,Phosphorylation
556,7,fzd5_human,Phosphorylation
557,11,fzd5_human,Phosphorylation
558,440,fzd5_human,Phosphorylation
559,556,fzd5_human,Phosphorylation
560,575,fzd5_human,Phosphorylation
561,581,fzd5_human,Phosphorylation
562,5,fzd6_human,Phosphorylation
563,496,fzd6_human,Phosphorylation
564,526,fzd6_human,Phosphorylation
565,641,fzd6_human,Phosphorylation
566,661,fzd6_human,Phosphorylation
567,11,fzd7_human,Phosphorylation
568,27,fzd7_human,Phosphorylation
569,35,fzd7_human,Phosphorylation
570,376,fzd8_human,Phosphorylation
571,540,fzd8_human,Phosphorylation
572,541,fzd8_human,Phosphorylation
573,579,fzd9_human,Phosphorylation
574,209,gabr1_human,Phosphorylation
575,776,gabr1_human,Phosphorylation
576,868,gabr1_human,Phosphorylation
577,873,gabr1_human,Phosphorylation
578,924,gabr1_human,Phosphorylation
579,57,gabr2_human,Phosphorylation
580,200,gabr2_human,Phosphorylation
581,202,gabr2_human,Phosphorylation
582,379,gabr2_human,Phosphorylation
583,434,gabr2_human,Phosphorylation
584,924,gabr2_human,Phosphorylation
585,143,galr1_human,Phosphorylation
586,144,galr1_human,Phosphorylation
587,319,galr2_human,Phosphorylation
588,25,glr_human,Phosphorylation
589,437,glr_human,Phosphorylation
590,438,glr_human,Phosphorylation
591,445,glr_human,Phosphorylation
592,459,glr_human,Phosphorylation
593,460,glr_human,Phosphorylation
594,463,glr_human,Phosphorylation
595,381,gipr_human,Phosphorylation
596,382,gipr_human,Phosphorylation
597,5,glp2r_human,Phosphorylation
598,6,glp2r_human,Phosphorylation
599,367,glp2r_human,Phosphorylation
600,250,gp149_human,Phosphorylation
601,252,gp149_human,Phosphorylation
602,295,gp149_human,Phosphorylation
603,303,gp149_human,Phosphorylation
604,318,gp149_human,Phosphorylation
605,459,gp149_human,Phosphorylation
606,543,gp149_human,Phosphorylation
607,559,gp149_human,Phosphorylation
608,237,gpr1_human,Phosphorylation
609,244,prlhr_human,Phosphorylation
610,15,gp101_human,Phosphorylation
611,27,gp101_human,Phosphorylation
612,309,gp101_human,Phosphorylation
613,310,gp101_human,Phosphorylation
614,377,qrfpr_human,Phosphorylation
615,85,gp107_human,Phosphorylation
616,432,gp107_human,Phosphorylation
617,328,hcar2_human,Phosphorylation
618,328,hcar3_human,Phosphorylation
619,163,agrf1_human,Phosphorylation
620,197,agrf1_human,Phosphorylation
621,298,agrf1_human,Phosphorylation
622,302,agrf1_human,Phosphorylation
623,324,agrf1_human,Phosphorylation
624,325,agrf1_human,Phosphorylation
625,871,agrf1_human,Phosphorylation
626,315,agrf2_human,Phosphorylation
627,316,agrf2_human,Phosphorylation
628,320,agrf2_human,Phosphorylation
629,413,agrg4_human,Phosphorylation
630,503,agrg4_human,Phosphorylation
631,511,agrg4_human,Phosphorylation
632,721,agrg4_human,Phosphorylation
633,840,agrg4_human,Phosphorylation
634,854,agrg4_human,Phosphorylation
635,1105,agrg4_human,Phosphorylation
636,1237,agrg4_human,Phosphorylation
637,1241,agrg4_human,Phosphorylation
638,1250,agrg4_human,Phosphorylation
639,1251,agrg4_human,Phosphorylation
640,1278,agrg4_human,Phosphorylation
641,1382,agrg4_human,Phosphorylation
642,1390,agrg4_human,Phosphorylation
643,1400,agrg4_human,Phosphorylation
644,1408,agrg4_human,Phosphorylation
645,1421,agrg4_human,Phosphorylation
646,1423,agrg4_human,Phosphorylation
647,1555,agrg4_human,Phosphorylation
648,1556,agrg4_human,Phosphorylation
649,1694,agrg4_human,Phosphorylation
650,1695,agrg4_human,Phosphorylation
651,1742,agrg4_human,Phosphorylation
652,1965,agrg4_human,Phosphorylation
653,1966,agrg4_human,Phosphorylation
654,1967,agrg4_human,Phosphorylation
655,2114,agrg4_human,Phosphorylation
656,2119,agrg4_human,Phosphorylation
657,2125,agrg4_human,Phosphorylation
658,2130,agrg4_human,Phosphorylation
659,2150,agrg4_human,Phosphorylation
660,2528,agrg4_human,Phosphorylation
661,2620,agrg4_human,Phosphorylation
662,2624,agrg4_human,Phosphorylation
663,2638,agrg4_human,Phosphorylation
664,2785,agrg4_human,Phosphorylation
665,3015,agrg4_human,Phosphorylation
666,71,agrf3_human,Phosphorylation
667,142,agrf3_human,Phosphorylation
668,146,agrf3_human,Phosphorylation
669,154,agrf3_human,Phosphorylation
670,557,agrf3_human,Phosphorylation
671,1063,agrf3_human,Phosphorylation
672,1076,agrf3_human,Phosphorylation
673,1079,agrf3_human,Phosphorylation
674,45,agrf4_human,Phosphorylation
675,58,agrf4_human,Phosphorylation
676,60,agrf4_human,Phosphorylation
677,288,agrf4_human,Phosphorylation
678,322,agrf4_human,Phosphorylation
679,381,agrf4_human,Phosphorylation
680,500,agrf4_human,Phosphorylation
681,681,agrf4_human,Phosphorylation
682,685,agrf4_human,Phosphorylation
683,688,agrf4_human,Phosphorylation
684,3,agrf5_human,Phosphorylation
685,322,agrf5_human,Phosphorylation
686,474,agrf5_human,Phosphorylation
687,483,agrf5_human,Phosphorylation
688,656,agrf5_human,Phosphorylation
689,698,agrf5_human,Phosphorylation
690,939,agrf5_human,Phosphorylation
691,941,agrf5_human,Phosphorylation
692,1123,agrf5_human,Phosphorylation
693,1125,agrf5_human,Phosphorylation
694,1306,agrf5_human,Phosphorylation
695,1307,agrf5_human,Phosphorylation
696,302,gp119_human,Phosphorylation
697,303,gp119_human,Phosphorylation
698,243,gpr12_human,Phosphorylation
699,253,ffar4_human,Phosphorylation
700,258,ffar4_human,Phosphorylation
701,263,ffar4_human,Phosphorylation
702,266,ffar4_human,Phosphorylation
703,363,ffar4_human,Phosphorylation
704,366,ffar4_human,Phosphorylation
705,5,agra1_human,Phosphorylation
706,277,agra2_human,Phosphorylation
707,774,agra2_human,Phosphorylation
708,777,agra2_human,Phosphorylation
709,963,agra2_human,Phosphorylation
710,966,agra2_human,Phosphorylation
711,976,agra2_human,Phosphorylation
712,982,agra2_human,Phosphorylation
713,987,agra2_human,Phosphorylation
714,989,agra2_human,Phosphorylation
715,991,agra2_human,Phosphorylation
716,1107,agra2_human,Phosphorylation
717,1116,agra2_human,Phosphorylation
718,1225,agra2_human,Phosphorylation
719,1227,agra2_human,Phosphorylation
720,1279,agra2_human,Phosphorylation
721,1294,agra2_human,Phosphorylation
722,334,agra3_human,Phosphorylation
723,336,agra3_human,Phosphorylation
724,344,agra3_human,Phosphorylation
725,632,agra3_human,Phosphorylation
726,878,agra3_human,Phosphorylation
727,950,agra3_human,Phosphorylation
728,1097,agra3_human,Phosphorylation
729,1099,agra3_human,Phosphorylation
730,1102,agra3_human,Phosphorylation
731,1224,agra3_human,Phosphorylation
732,1240,agra3_human,Phosphorylation
733,1250,agra3_human,Phosphorylation
734,965,gp126_human,Phosphorylation
735,1147,gp126_human,Phosphorylation
736,1153,gp126_human,Phosphorylation
737,1154,gp126_human,Phosphorylation
738,1163,gp126_human,Phosphorylation
739,1170,gp126_human,Phosphorylation
740,1171,gp126_human,Phosphorylation
741,1179,gp126_human,Phosphorylation
742,1199,gp126_human,Phosphorylation
743,1203,gp126_human,Phosphorylation
744,154,agrg7_human,Phosphorylation
745,193,agrg7_human,Phosphorylation
746,341,agrg7_human,Phosphorylation
747,344,agrg7_human,Phosphorylation
748,661,agrg7_human,Phosphorylation
749,666,agrg7_human,Phosphorylation
750,720,agrg7_human,Phosphorylation
751,739,agrg7_human,Phosphorylation
752,740,agrg7_human,Phosphorylation
753,746,agrg7_human,Phosphorylation
754,320,gp132_human,Phosphorylation
755,85,agrd1_human,Phosphorylation
756,183,agrd1_human,Phosphorylation
757,187,agrd1_human,Phosphorylation
758,194,agrd1_human,Phosphorylation
759,255,agrd1_human,Phosphorylation
760,309,agrd1_human,Phosphorylation
761,827,agrd1_human,Phosphorylation
762,833,agrd1_human,Phosphorylation
763,841,agrd1_human,Phosphorylation
764,445,gp135_human,Phosphorylation
765,446,gp135_human,Phosphorylation
766,447,gp135_human,Phosphorylation
767,356,g137a_human,Phosphorylation
768,155,gp139_human,Phosphorylation
769,6,gp141_human,Phosphorylation
770,7,gp141_human,Phosphorylation
771,47,gp141_human,Phosphorylation
772,49,gp141_human,Phosphorylation
773,63,gp141_human,Phosphorylation
774,68,gp141_human,Phosphorylation
775,112,gp141_human,Phosphorylation
776,424,gp142_human,Phosphorylation
777,157,gp143_human,Phosphorylation
778,177,gp143_human,Phosphorylation
779,231,gp143_human,Phosphorylation
780,343,gp143_human,Phosphorylation
781,372,gp143_human,Phosphorylation
782,494,agrd2_human,Phosphorylation
783,504,agrd2_human,Phosphorylation
784,507,agrd2_human,Phosphorylation
785,508,agrd2_human,Phosphorylation
786,827,agrd2_human,Phosphorylation
787,829,agrd2_human,Phosphorylation
788,830,agrd2_human,Phosphorylation
789,302,gp146_human,Phosphorylation
790,262,gp148_human,Phosphorylation
791,287,gp148_human,Phosphorylation
792,131,gp150_human,Phosphorylation
793,136,gp150_human,Phosphorylation
794,334,gp150_human,Phosphorylation
795,128,gp151_human,Phosphorylation
796,234,gp151_human,Phosphorylation
797,236,gp151_human,Phosphorylation
798,3,gp152_human,Phosphorylation
799,4,gp152_human,Phosphorylation
800,12,gp152_human,Phosphorylation
801,213,gp153_human,Phosphorylation
802,417,gp153_human,Phosphorylation
803,439,gp153_human,Phosphorylation
804,466,gp153_human,Phosphorylation
805,478,gp153_human,Phosphorylation
806,44,gp156_human,Phosphorylation
807,331,gp156_human,Phosphorylation
808,335,gp157_human,Phosphorylation
809,55,gp158_human,Phosphorylation
810,57,gp158_human,Phosphorylation
811,64,gp158_human,Phosphorylation
812,142,gp158_human,Phosphorylation
813,145,gp158_human,Phosphorylation
814,249,gp158_human,Phosphorylation
815,612,gp158_human,Phosphorylation
816,753,gp158_human,Phosphorylation
817,870,gp158_human,Phosphorylation
818,872,gp158_human,Phosphorylation
819,879,gp158_human,Phosphorylation
820,913,gp158_human,Phosphorylation
821,929,gp158_human,Phosphorylation
822,1193,gp158_human,Phosphorylation
823,1194,gp158_human,Phosphorylation
824,1197,gp158_human,Phosphorylation
825,18,gp160_human,Phosphorylation
826,220,gp160_human,Phosphorylation
827,57,gp161_human,Phosphorylation
828,226,gp161_human,Phosphorylation
829,245,gp161_human,Phosphorylation
830,249,gp161_human,Phosphorylation
831,251,gp161_human,Phosphorylation
832,344,gp161_human,Phosphorylation
833,345,gp161_human,Phosphorylation
834,360,gp161_human,Phosphorylation
835,430,gp161_human,Phosphorylation
836,490,gp161_human,Phosphorylation
837,493,gp161_human,Phosphorylation
838,517,gp161_human,Phosphorylation
839,379,gp162_human,Phosphorylation
840,506,gp162_human,Phosphorylation
841,507,gp162_human,Phosphorylation
842,246,gpr17_human,Phosphorylation
843,325,gpr17_human,Phosphorylation
844,12,gp173_human,Phosphorylation
845,16,gp173_human,Phosphorylation
846,212,gp173_human,Phosphorylation
847,96,gp174_human,Phosphorylation
848,103,gp174_human,Phosphorylation
849,107,gp174_human,Phosphorylation
850,216,gp174_human,Phosphorylation
851,311,gp174_human,Phosphorylation
852,327,gp174_human,Phosphorylation
853,329,gp174_human,Phosphorylation
854,3,tpra1_human,Phosphorylation
855,14,tpra1_human,Phosphorylation
856,312,tpra1_human,Phosphorylation
857,165,gp176_human,Phosphorylation
858,174,gp176_human,Phosphorylation
859,367,gp176_human,Phosphorylation
860,211,gp179_human,Phosphorylation
861,478,gp179_human,Phosphorylation
862,1086,gp179_human,Phosphorylation
863,1116,gp179_human,Phosphorylation
864,1122,gp179_human,Phosphorylation
865,1127,gp179_human,Phosphorylation
866,1184,gp179_human,Phosphorylation
867,1297,gp179_human,Phosphorylation
868,1513,gp179_human,Phosphorylation
869,1521,gp179_human,Phosphorylation
870,1567,gp179_human,Phosphorylation
871,3,gpr18_human,Phosphorylation
872,303,gpr18_human,Phosphorylation
873,314,gpr18_human,Phosphorylation
874,319,gpr18_human,Phosphorylation
875,333,gp183_human,Phosphorylation
876,349,gp183_human,Phosphorylation
877,355,gp183_human,Phosphorylation
878,344,gpr19_human,Phosphorylation
879,349,gpr19_human,Phosphorylation
880,363,gpr19_human,Phosphorylation
881,364,gpr19_human,Phosphorylation
882,371,gpr19_human,Phosphorylation
883,390,gpr19_human,Phosphorylation
884,149,gpr20_human,Phosphorylation
885,158,gpr20_human,Phosphorylation
886,322,gpr20_human,Phosphorylation
887,327,gpr20_human,Phosphorylation
888,281,gpr21_human,Phosphorylation
889,319,gpr21_human,Phosphorylation
890,263,gpr22_human,Phosphorylation
891,264,gpr22_human,Phosphorylation
892,419,gpr22_human,Phosphorylation
893,152,gpr25_human,Phosphorylation
894,159,gpr25_human,Phosphorylation
895,174,gpr25_human,Phosphorylation
896,177,gpr25_human,Phosphorylation
897,256,gpr25_human,Phosphorylation
898,334,gpr25_human,Phosphorylation
899,237,gpr3_human,Phosphorylation
900,101,gpr32_human,Phosphorylation
901,313,gpr33_human,Phosphorylation
902,320,gpr33_human,Phosphorylation
903,323,gpr33_human,Phosphorylation
904,326,gpr33_human,Phosphorylation
905,327,gpr33_human,Phosphorylation
906,149,gpr34_human,Phosphorylation
907,153,gpr34_human,Phosphorylation
908,4,gpr35_human,Phosphorylation
909,11,gpr35_human,Phosphorylation
910,129,gpr35_human,Phosphorylation
911,147,gpr35_human,Phosphorylation
912,259,gpr35_human,Phosphorylation
913,261,gpr35_human,Phosphorylation
914,262,gpr35_human,Phosphorylation
915,240,gpr37_human,Phosphorylation
916,241,gpr37_human,Phosphorylation
917,48,etbr2_human,Phosphorylation
918,51,gpr39_human,Phosphorylation
919,281,gpr39_human,Phosphorylation
920,396,gpr39_human,Phosphorylation
921,421,gpr39_human,Phosphorylation
922,427,gpr39_human,Phosphorylation
923,430,gpr39_human,Phosphorylation
924,43,gpr4_human,Phosphorylation
925,248,gpr4_human,Phosphorylation
926,251,gpr4_human,Phosphorylation
927,328,gpr4_human,Phosphorylation
928,321,pd2r2_human,Phosphorylation
929,325,pd2r2_human,Phosphorylation
930,331,pd2r2_human,Phosphorylation
931,338,pd2r2_human,Phosphorylation
932,339,pd2r2_human,Phosphorylation
933,352,pd2r2_human,Phosphorylation
934,376,pd2r2_human,Phosphorylation
935,380,pd2r2_human,Phosphorylation
936,383,pd2r2_human,Phosphorylation
937,60,gpr45_human,Phosphorylation
938,415,mtr1l_human,Phosphorylation
939,425,mtr1l_human,Phosphorylation
940,429,mtr1l_human,Phosphorylation
941,438,mtr1l_human,Phosphorylation
942,443,mtr1l_human,Phosphorylation
943,322,gpr52_human,Phosphorylation
944,187,agrg1_human,Phosphorylation
945,201,agrg1_human,Phosphorylation
946,343,agrg1_human,Phosphorylation
947,670,agrg1_human,Phosphorylation
948,676,agrg1_human,Phosphorylation
949,685,agrg1_human,Phosphorylation
950,161,gpr61_human,Phosphorylation
951,295,gpr63_human,Phosphorylation
952,303,gpr63_human,Phosphorylation
953,285,agrg2_human,Phosphorylation
954,729,agrg2_human,Phosphorylation
955,967,agrg2_human,Phosphorylation
956,1005,agrg2_human,Phosphorylation
957,1006,agrg2_human,Phosphorylation
958,324,psyr_human,Phosphorylation
959,187,ogr1_human,Phosphorylation
960,188,ogr1_human,Phosphorylation
961,244,ogr1_human,Phosphorylation
962,328,ogr1_human,Phosphorylation
963,331,ogr1_human,Phosphorylation
964,353,ogr1_human,Phosphorylation
965,285,gpr75_human,Phosphorylation
966,288,gpr75_human,Phosphorylation
967,49,gpr78_human,Phosphorylation
968,96,gpr78_human,Phosphorylation
969,101,gpr78_human,Phosphorylation
970,319,gpr82_human,Phosphorylation
971,321,gpr82_human,Phosphorylation
972,325,gpr82_human,Phosphorylation
973,316,gpr83_human,Phosphorylation
974,317,gpr83_human,Phosphorylation
975,4,gpr84_human,Phosphorylation
976,5,gpr84_human,Phosphorylation
977,10,gpr84_human,Phosphorylation
978,12,gpr84_human,Phosphorylation
979,33,gpr84_human,Phosphorylation
980,221,gpr84_human,Phosphorylation
981,25,gpr85_human,Phosphorylation
982,34,gpr85_human,Phosphorylation
983,42,gpr85_human,Phosphorylation
984,288,gpr85_human,Phosphorylation
985,306,gpr85_human,Phosphorylation
986,136,gpr87_human,Phosphorylation
987,156,gpr87_human,Phosphorylation
988,158,gpr87_human,Phosphorylation
989,162,gpr87_human,Phosphorylation
990,333,gpr87_human,Phosphorylation
991,57,gpr88_human,Phosphorylation
992,58,gpr88_human,Phosphorylation
993,148,gpr88_human,Phosphorylation
994,149,gpr88_human,Phosphorylation
995,29,lpar5_human,Phosphorylation
996,268,lpar5_human,Phosphorylation
997,332,lpar5_human,Phosphorylation
998,70,agrg3_human,Phosphorylation
999,347,agrg3_human,Phosphorylation
1000,132,gpr98_human,Phosphorylation
1001,136,gpr98_human,Phosphorylation
1002,148,gpr98_human,Phosphorylation
1003,154,gpr98_human,Phosphorylation
1004,682,gpr98_human,Phosphorylation
1005,872,gpr98_human,Phosphorylation
1006,874,gpr98_human,Phosphorylation
1007,879,gpr98_human,Phosphorylation
1008,1005,gpr98_human,Phosphorylation
1009,1060,gpr98_human,Phosphorylation
1010,1067,gpr98_human,Phosphorylation
1011,2071,gpr98_human,Phosphorylation
1012,2082,gpr98_human,Phosphorylation
1013,2095,gpr98_human,Phosphorylation
1014,2123,gpr98_human,Phosphorylation
1015,3024,gpr98_human,Phosphorylation
1016,3292,gpr98_human,Phosphorylation
1017,3365,gpr98_human,Phosphorylation
1018,3367,gpr98_human,Phosphorylation
1019,3418,gpr98_human,Phosphorylation
1020,3424,gpr98_human,Phosphorylation
1021,3530,gpr98_human,Phosphorylation
1022,3672,gpr98_human,Phosphorylation
1023,4188,gpr98_human,Phosphorylation
1024,4510,gpr98_human,Phosphorylation
1025,4512,gpr98_human,Phosphorylation
1026,4537,gpr98_human,Phosphorylation
1027,4623,gpr98_human,Phosphorylation
1028,4653,gpr98_human,Phosphorylation
1029,4654,gpr98_human,Phosphorylation
1030,4655,gpr98_human,Phosphorylation
1031,4992,gpr98_human,Phosphorylation
1032,5149,gpr98_human,Phosphorylation
1033,5158,gpr98_human,Phosphorylation
1034,5684,gpr98_human,Phosphorylation
1035,16,gpc5b_human,Phosphorylation
1036,318,gpc5b_human,Phosphorylation
1037,337,gpc5b_human,Phosphorylation
1038,354,gpc5b_human,Phosphorylation
1039,368,gpc5b_human,Phosphorylation
1040,389,gpc5b_human,Phosphorylation
1041,311,gpc5c_human,Phosphorylation
1042,326,gpc5c_human,Phosphorylation
1043,335,gpc5c_human,Phosphorylation
1044,344,gpc5c_human,Phosphorylation
1045,356,gpc5c_human,Phosphorylation
1046,359,gpc5c_human,Phosphorylation
1047,367,gpc5c_human,Phosphorylation
1048,373,gpc5c_human,Phosphorylation
1049,403,gpc5c_human,Phosphorylation
1050,406,gpc5c_human,Phosphorylation
1051,415,gpc5c_human,Phosphorylation
1052,418,gpc5c_human,Phosphorylation
1053,423,gpc5c_human,Phosphorylation
1054,431,gpc5c_human,Phosphorylation
1055,123,gpc5d_human,Phosphorylation
1056,125,gpc5d_human,Phosphorylation
1057,107,gpc6a_human,Phosphorylation
1058,191,gpc6a_human,Phosphorylation
1059,313,gpc6a_human,Phosphorylation
1060,348,gpc6a_human,Phosphorylation
1061,350,gpc6a_human,Phosphorylation
1062,621,gpc6a_human,Phosphorylation
1063,626,gpc6a_human,Phosphorylation
1064,627,gpc6a_human,Phosphorylation
1065,778,gpc6a_human,Phosphorylation
1066,886,gpc6a_human,Phosphorylation
1067,354,grpr_human,Phosphorylation
1068,68,hrh1_human,Phosphorylation
1069,70,hrh1_human,Phosphorylation
1070,230,hrh1_human,Phosphorylation
1071,233,hrh1_human,Phosphorylation
1072,271,hrh1_human,Phosphorylation
1073,285,hrh1_human,Phosphorylation
1074,378,hrh1_human,Phosphorylation
1075,386,hrh1_human,Phosphorylation
1076,401,hrh1_human,Phosphorylation
1077,208,hrh4_human,Phosphorylation
1078,258,hrh4_human,Phosphorylation
1079,124,ox1r_human,Phosphorylation
1080,138,ox1r_human,Phosphorylation
1081,223,ox2r_human,Phosphorylation
1082,231,ox2r_human,Phosphorylation
1083,243,ox2r_human,Phosphorylation
1084,317,ox2r_human,Phosphorylation
1085,321,ox2r_human,Phosphorylation
1086,368,kissr_human,Phosphorylation
1087,260,oprk_human,Phosphorylation
1088,262,oprk_human,Phosphorylation
1089,363,oprx_human,Phosphorylation
1090,93,agrl1_human,Phosphorylation
1091,121,agrl1_human,Phosphorylation
1092,126,agrl1_human,Phosphorylation
1093,131,agrl1_human,Phosphorylation
1094,236,agrl1_human,Phosphorylation
1095,326,agrl1_human,Phosphorylation
1096,616,agrl1_human,Phosphorylation
1097,966,agrl1_human,Phosphorylation
1098,967,agrl1_human,Phosphorylation
1099,989,agrl1_human,Phosphorylation
1100,1034,agrl1_human,Phosphorylation
1101,1116,agrl1_human,Phosphorylation
1102,1121,agrl1_human,Phosphorylation
1103,1129,agrl1_human,Phosphorylation
1104,1142,agrl1_human,Phosphorylation
1105,1156,agrl1_human,Phosphorylation
1106,1164,agrl1_human,Phosphorylation
1107,1173,agrl1_human,Phosphorylation
1108,1175,agrl1_human,Phosphorylation
1109,1252,agrl1_human,Phosphorylation
1110,1351,agrl1_human,Phosphorylation
1111,1356,agrl1_human,Phosphorylation
1112,1387,agrl1_human,Phosphorylation
1113,1441,agrl1_human,Phosphorylation
1114,1447,agrl1_human,Phosphorylation
1115,339,agrl2_human,Phosphorylation
1116,342,agrl2_human,Phosphorylation
1117,416,agrl2_human,Phosphorylation
1118,425,agrl2_human,Phosphorylation
1119,431,agrl2_human,Phosphorylation
1120,432,agrl2_human,Phosphorylation
1121,441,agrl2_human,Phosphorylation
1122,459,agrl2_human,Phosphorylation
1123,797,agrl2_human,Phosphorylation
1124,801,agrl2_human,Phosphorylation
1125,803,agrl2_human,Phosphorylation
1126,804,agrl2_human,Phosphorylation
1127,952,agrl2_human,Phosphorylation
1128,954,agrl2_human,Phosphorylation
1129,973,agrl2_human,Phosphorylation
1130,1134,agrl2_human,Phosphorylation
1131,1143,agrl2_human,Phosphorylation
1132,1223,agrl2_human,Phosphorylation
1133,1233,agrl2_human,Phosphorylation
1134,1234,agrl2_human,Phosphorylation
1135,1241,agrl2_human,Phosphorylation
1136,1275,agrl2_human,Phosphorylation
1137,1334,agrl2_human,Phosphorylation
1138,1337,agrl2_human,Phosphorylation
1139,1351,agrl2_human,Phosphorylation
1140,1372,agrl2_human,Phosphorylation
1141,1381,agrl2_human,Phosphorylation
1142,1400,agrl2_human,Phosphorylation
1143,1407,agrl2_human,Phosphorylation
1144,1409,agrl2_human,Phosphorylation
1145,1423,agrl2_human,Phosphorylation
1146,1458,agrl2_human,Phosphorylation
1147,4,agrl3_human,Phosphorylation
1148,21,agrl3_human,Phosphorylation
1149,35,agrl3_human,Phosphorylation
1150,450,agrl3_human,Phosphorylation
1151,460,agrl3_human,Phosphorylation
1152,663,agrl3_human,Phosphorylation
1153,814,agrl3_human,Phosphorylation
1154,816,agrl3_human,Phosphorylation
1155,821,agrl3_human,Phosphorylation
1156,990,agrl3_human,Phosphorylation
1157,1140,agrl3_human,Phosphorylation
1158,1148,agrl3_human,Phosphorylation
1159,1159,agrl3_human,Phosphorylation
1160,1175,agrl3_human,Phosphorylation
1161,1176,agrl3_human,Phosphorylation
1162,1178,agrl3_human,Phosphorylation
1163,1226,agrl3_human,Phosphorylation
1164,1392,agrl3_human,Phosphorylation
1165,1431,agrl3_human,Phosphorylation
1166,616,lgr4_human,Phosphorylation
1167,848,lgr4_human,Phosphorylation
1168,880,lgr4_human,Phosphorylation
1169,920,lgr4_human,Phosphorylation
1170,114,lgr5_human,Phosphorylation
1171,387,lgr5_human,Phosphorylation
1172,721,lgr5_human,Phosphorylation
1173,722,lgr5_human,Phosphorylation
1174,842,lgr5_human,Phosphorylation
1175,844,lgr5_human,Phosphorylation
1176,848,lgr5_human,Phosphorylation
1177,851,lgr5_human,Phosphorylation
1178,854,lgr5_human,Phosphorylation
1179,861,lgr5_human,Phosphorylation
1180,864,lgr5_human,Phosphorylation
1181,163,lgr6_human,Phosphorylation
1182,255,lgr6_human,Phosphorylation
1183,685,lgr6_human,Phosphorylation
1184,810,lgr6_human,Phosphorylation
1185,827,lgr6_human,Phosphorylation
1186,244,rxfp2_human,Phosphorylation
1187,494,lshr_human,Phosphorylation
1188,681,lshr_human,Phosphorylation
1189,688,lshr_human,Phosphorylation
1190,341,lpar1_human,Phosphorylation
1191,344,lpar1_human,Phosphorylation
1192,358,lpar1_human,Phosphorylation
1193,236,lpar4_human,Phosphorylation
1194,238,lpar4_human,Phosphorylation
1195,104,lt4r1_human,Phosphorylation
1196,150,lt4r1_human,Phosphorylation
1197,320,lt4r1_human,Phosphorylation
1198,129,lt4r2_human,Phosphorylation
1199,336,lt4r2_human,Phosphorylation
1200,342,lt4r2_human,Phosphorylation
1201,10,acm1_human,Phosphorylation
1202,366,acm1_human,Phosphorylation
1203,368,acm1_human,Phosphorylation
1204,291,acm3_human,Phosphorylation
1205,366,acm3_human,Phosphorylation
1206,413,acm3_human,Phosphorylation
1207,457,acm3_human,Phosphorylation
1208,292,acm4_human,Phosphorylation
1209,293,acm4_human,Phosphorylation
1210,296,acm4_human,Phosphorylation
1211,311,acm4_human,Phosphorylation
1212,277,acm5_human,Phosphorylation
1213,327,acm5_human,Phosphorylation
1214,332,acm5_human,Phosphorylation
1215,414,acm5_human,Phosphorylation
1216,427,acm5_human,Phosphorylation
1217,121,mas_human,Phosphorylation
1218,227,mas_human,Phosphorylation
1219,62,mshr_human,Phosphorylation
1220,154,mshr_human,Phosphorylation
1221,143,acthr_human,Phosphorylation
1222,35,mc4r_human,Phosphorylation
1223,36,mc4r_human,Phosphorylation
1224,41,mc4r_human,Phosphorylation
1225,47,mc4r_human,Phosphorylation
1226,148,mc4r_human,Phosphorylation
1227,157,mc4r_human,Phosphorylation
1228,143,mc5r_human,Phosphorylation
1229,150,mc5r_human,Phosphorylation
1230,155,mc5r_human,Phosphorylation
1231,379,opn4_human,Phosphorylation
1232,391,opn4_human,Phosphorylation
1233,392,opn4_human,Phosphorylation
1234,397,opn4_human,Phosphorylation
1235,188,grm1_human,Phosphorylation
1236,620,grm1_human,Phosphorylation
1237,632,grm1_human,Phosphorylation
1238,673,grm1_human,Phosphorylation
1239,869,grm1_human,Phosphorylation
1240,871,grm1_human,Phosphorylation
1241,109,grm2_human,Phosphorylation
1242,111,grm2_human,Phosphorylation
1243,246,grm2_human,Phosphorylation
1244,457,grm2_human,Phosphorylation
1245,501,grm2_human,Phosphorylation
1246,734,grm2_human,Phosphorylation
1247,745,grm2_human,Phosphorylation
1248,749,grm2_human,Phosphorylation
1249,255,grm3_human,Phosphorylation
1250,758,grm3_human,Phosphorylation
1251,414,grm4_human,Phosphorylation
1252,555,grm4_human,Phosphorylation
1253,562,grm4_human,Phosphorylation
1254,8,grm5_human,Phosphorylation
1255,23,grm5_human,Phosphorylation
1256,98,grm5_human,Phosphorylation
1257,250,grm5_human,Phosphorylation
1258,256,grm5_human,Phosphorylation
1259,266,grm5_human,Phosphorylation
1260,282,grm5_human,Phosphorylation
1261,607,grm5_human,Phosphorylation
1262,619,grm5_human,Phosphorylation
1263,654,grm5_human,Phosphorylation
1264,888,grm5_human,Phosphorylation
1265,894,grm5_human,Phosphorylation
1266,955,grm5_human,Phosphorylation
1267,956,grm5_human,Phosphorylation
1268,958,grm5_human,Phosphorylation
1269,970,grm5_human,Phosphorylation
1270,977,grm5_human,Phosphorylation
1271,1001,grm5_human,Phosphorylation
1272,1018,grm5_human,Phosphorylation
1273,32,grm6_human,Phosphorylation
1274,40,grm6_human,Phosphorylation
1275,371,grm6_human,Phosphorylation
1276,664,grm6_human,Phosphorylation
1277,670,grm6_human,Phosphorylation
1278,672,grm6_human,Phosphorylation
1279,676,grm6_human,Phosphorylation
1280,12,grm7_human,Phosphorylation
1281,223,grm7_human,Phosphorylation
1282,226,grm7_human,Phosphorylation
1283,229,grm7_human,Phosphorylation
1284,822,grm7_human,Phosphorylation
1285,862,grm7_human,Phosphorylation
1286,107,grm8_human,Phosphorylation
1287,471,grm8_human,Phosphorylation
1288,855,grm8_human,Phosphorylation
1289,867,grm8_human,Phosphorylation
1290,71,mtlr_human,Phosphorylation
1291,72,mtlr_human,Phosphorylation
1292,73,mtlr_human,Phosphorylation
1293,83,mtlr_human,Phosphorylation
1294,296,mtlr_human,Phosphorylation
1295,324,mtlr_human,Phosphorylation
1296,327,mtlr_human,Phosphorylation
1297,402,mtlr_human,Phosphorylation
1298,404,mtlr_human,Phosphorylation
1299,168,oprm_human,Phosphorylation
1300,263,oprm_human,Phosphorylation
1301,270,oprm_human,Phosphorylation
1302,338,oprm_human,Phosphorylation
1303,378,oprm_human,Phosphorylation
1304,17,mrgrd_human,Phosphorylation
1305,18,mrgrd_human,Phosphorylation
1306,117,mrgrf_human,Phosphorylation
1307,299,mrgrf_human,Phosphorylation
1308,130,mrgx1_human,Phosphorylation
1309,130,nmbr_human,Phosphorylation
1310,286,nmbr_human,Phosphorylation
1311,288,nmbr_human,Phosphorylation
1312,351,nmbr_human,Phosphorylation
1313,352,nmbr_human,Phosphorylation
1314,356,nmbr_human,Phosphorylation
1315,156,nmur1_human,Phosphorylation
1316,160,nmur1_human,Phosphorylation
1317,171,nmur1_human,Phosphorylation
1318,174,nmur1_human,Phosphorylation
1319,407,nmur2_human,Phosphorylation
1320,236,npff1_human,Phosphorylation
1321,35,npff2_human,Phosphorylation
1322,45,npff2_human,Phosphorylation
1323,47,npff2_human,Phosphorylation
1324,280,npff2_human,Phosphorylation
1325,465,npff2_human,Phosphorylation
1326,471,npff2_human,Phosphorylation
1327,477,npff2_human,Phosphorylation
1328,478,npff2_human,Phosphorylation
1329,500,npff2_human,Phosphorylation
1330,516,npff2_human,Phosphorylation
1331,517,npff2_human,Phosphorylation
1332,519,npff2_human,Phosphorylation
1333,520,npff2_human,Phosphorylation
1334,50,npsr1_human,Phosphorylation
1335,74,npsr1_human,Phosphorylation
1336,258,npsr1_human,Phosphorylation
1337,259,npsr1_human,Phosphorylation
1338,260,npsr1_human,Phosphorylation
1339,266,npsr1_human,Phosphorylation
1340,347,npy1r_human,Phosphorylation
1341,349,npy1r_human,Phosphorylation
1342,354,npy1r_human,Phosphorylation
1343,357,npy1r_human,Phosphorylation
1344,360,npy1r_human,Phosphorylation
1345,217,npy2r_human,Phosphorylation
1346,3,npy4r_human,Phosphorylation
1347,4,npy4r_human,Phosphorylation
1348,14,npy4r_human,Phosphorylation
1349,21,npy4r_human,Phosphorylation
1350,262,npy5r_human,Phosphorylation
1351,401,ntr1_human,Phosphorylation
1352,403,ntr1_human,Phosphorylation
1353,404,ntr1_human,Phosphorylation
1354,413,ntr1_human,Phosphorylation
1355,418,ntr1_human,Phosphorylation
1356,3,ntr2_human,Phosphorylation
1357,13,ntr2_human,Phosphorylation
1358,53,ntr2_human,Phosphorylation
1359,148,ntr2_human,Phosphorylation
1360,57,opsg_human,Phosphorylation
1361,324,opsb_human,Phosphorylation
1362,394,oxer1_human,Phosphorylation
1363,322,oxgr1_human,Phosphorylation
1364,235,oxyr_human,Phosphorylation
1365,366,oxyr_human,Phosphorylation
1366,13,p2ry1_human,Phosphorylation
1367,214,p2ry1_human,Phosphorylation
1368,237,p2ry1_human,Phosphorylation
1369,252,p2ry1_human,Phosphorylation
1370,110,p2y11_human,Phosphorylation
1371,235,p2y11_human,Phosphorylation
1372,85,p2y13_human,Phosphorylation
1373,345,p2y13_human,Phosphorylation
1374,269,p2y14_human,Phosphorylation
1375,323,p2y14_human,Phosphorylation
1376,237,p2ry4_human,Phosphorylation
1377,358,p2ry4_human,Phosphorylation
1378,218,lpar6_human,Phosphorylation
1379,6,p2ry8_human,Phosphorylation
1380,130,p2ry8_human,Phosphorylation
1381,139,p2ry8_human,Phosphorylation
1382,263,p2ry8_human,Phosphorylation
1383,272,p2ry8_human,Phosphorylation
1384,320,p2ry8_human,Phosphorylation
1385,324,p2ry8_human,Phosphorylation
1386,327,p2ry8_human,Phosphorylation
1387,331,p2ry8_human,Phosphorylation
1388,332,p2ry8_human,Phosphorylation
1389,335,p2ry8_human,Phosphorylation
1390,357,p2ry8_human,Phosphorylation
1391,89,p2y12_human,Phosphorylation
1392,105,p2y12_human,Phosphorylation
1393,107,p2y12_human,Phosphorylation
1394,262,p2y12_human,Phosphorylation
1395,264,p2y12_human,Phosphorylation
1396,318,p2y12_human,Phosphorylation
1397,324,p2ry2_human,Phosphorylation
1398,327,p2ry2_human,Phosphorylation
1399,330,p2ry2_human,Phosphorylation
1400,369,p2ry2_human,Phosphorylation
1401,53,p2ry6_human,Phosphorylation
1402,54,p2ry6_human,Phosphorylation
1403,52,par1_human,Phosphorylation
1404,69,par1_human,Phosphorylation
1405,306,par1_human,Phosphorylation
1406,101,par3_human,Phosphorylation
1407,382,par4_human,Phosphorylation
1408,362,pkr2_human,Phosphorylation
1409,369,pkr2_human,Phosphorylation
1410,374,pkr2_human,Phosphorylation
1411,136,ptafr_human,Phosphorylation
1412,310,ptafr_human,Phosphorylation
1413,254,pd2r_human,Phosphorylation
1414,347,pd2r_human,Phosphorylation
1415,352,pd2r_human,Phosphorylation
1416,353,pd2r_human,Phosphorylation
1417,357,pd2r_human,Phosphorylation
1418,358,pd2r_human,Phosphorylation
1419,10,pe2r2_human,Phosphorylation
1420,15,pe2r2_human,Phosphorylation
1421,33,pe2r2_human,Phosphorylation
1422,57,pe2r2_human,Phosphorylation
1423,62,pe2r2_human,Phosphorylation
1424,194,pe2r2_human,Phosphorylation
1425,196,pe2r2_human,Phosphorylation
1426,240,pe2r2_human,Phosphorylation
1427,7,pe2r3_human,Phosphorylation
1428,15,pe2r3_human,Phosphorylation
1429,107,pe2r3_human,Phosphorylation
1430,245,pe2r4_human,Phosphorylation
1431,252,pe2r4_human,Phosphorylation
1432,335,pe2r4_human,Phosphorylation
1433,338,pe2r4_human,Phosphorylation
1434,389,pe2r4_human,Phosphorylation
1435,394,pe2r4_human,Phosphorylation
1436,400,pe2r4_human,Phosphorylation
1437,14,pi2r_human,Phosphorylation
1438,19,pi2r_human,Phosphorylation
1439,20,pi2r_human,Phosphorylation
1440,337,pi2r_human,Phosphorylation
1441,18,pth2r_human,Phosphorylation
1442,354,pth2r_human,Phosphorylation
1443,445,pth2r_human,Phosphorylation
1444,23,pth1r_human,Phosphorylation
1445,73,pth1r_human,Phosphorylation
1446,91,pth1r_human,Phosphorylation
1447,192,pth1r_human,Phosphorylation
1448,320,pth1r_human,Phosphorylation
1449,473,pth1r_human,Phosphorylation
1450,491,pth1r_human,Phosphorylation
1451,492,pth1r_human,Phosphorylation
1452,493,pth1r_human,Phosphorylation
1453,494,pth1r_human,Phosphorylation
1454,496,pth1r_human,Phosphorylation
1455,503,pth1r_human,Phosphorylation
1456,504,pth1r_human,Phosphorylation
1457,519,pth1r_human,Phosphorylation
1458,547,pth1r_human,Phosphorylation
1459,551,pth1r_human,Phosphorylation
1460,292,rai3_human,Phosphorylation
1461,293,rai3_human,Phosphorylation
1462,312,rai3_human,Phosphorylation
1463,136,opsd_human,Phosphorylation
1464,301,opsd_human,Phosphorylation
1465,306,opsd_human,Phosphorylation
1466,269,rl3r1_human,Phosphorylation
1467,460,rl3r1_human,Phosphorylation
1468,469,rl3r1_human,Phosphorylation
1469,304,rxfp1_human,Phosphorylation
1470,504,rxfp1_human,Phosphorylation
1471,507,rxfp1_human,Phosphorylation
1472,78,rl3r2_human,Phosphorylation
1473,119,rl3r2_human,Phosphorylation
1474,126,rl3r2_human,Phosphorylation
1475,133,rl3r2_human,Phosphorylation
1476,362,rl3r2_human,Phosphorylation
1477,348,s1pr3_human,Phosphorylation
1478,194,s1pr4_human,Phosphorylation
1479,195,s1pr4_human,Phosphorylation
1480,146,sctr_human,Phosphorylation
1481,418,sctr_human,Phosphorylation
1482,420,sctr_human,Phosphorylation
1483,422,sctr_human,Phosphorylation
1484,423,sctr_human,Phosphorylation
1485,32,smo_human,Phosphorylation
1486,43,smo_human,Phosphorylation
1487,47,smo_human,Phosphorylation
1488,771,smo_human,Phosphorylation
1489,81,ssr1_human,Phosphorylation
1490,118,ssr1_human,Phosphorylation
1491,135,ssr1_human,Phosphorylation
1492,383,ssr1_human,Phosphorylation
1493,385,ssr1_human,Phosphorylation
1494,66,ssr2_human,Phosphorylation
1495,137,ssr2_human,Phosphorylation
1496,356,ssr2_human,Phosphorylation
1497,359,ssr2_human,Phosphorylation
1498,142,ssr3_human,Phosphorylation
1499,303,ssr3_human,Phosphorylation
1500,341,ssr3_human,Phosphorylation
1501,385,ssr4_human,Phosphorylation
1502,146,ssr5_human,Phosphorylation
1503,147,ssr5_human,Phosphorylation
1504,333,ssr5_human,Phosphorylation
1505,347,ssr5_human,Phosphorylation
1506,67,taar1_human,Phosphorylation
1507,32,taar2_human,Phosphorylation
1508,39,taar2_human,Phosphorylation
1509,336,taar2_human,Phosphorylation
1510,337,taar2_human,Phosphorylation
1511,350,taar2_human,Phosphorylation
1512,238,taar6_human,Phosphorylation
1513,241,taar6_human,Phosphorylation
1514,244,taar6_human,Phosphorylation
1515,245,taar6_human,Phosphorylation
1516,67,taar9_human,Phosphorylation
1517,233,taar9_human,Phosphorylation
1518,234,taar9_human,Phosphorylation
1519,236,taar9_human,Phosphorylation
1520,341,nk1r_human,Phosphorylation
1521,347,nk1r_human,Phosphorylation
1522,407,nk1r_human,Phosphorylation
1523,132,nk2r_human,Phosphorylation
1524,147,nk2r_human,Phosphorylation
1525,148,nk2r_human,Phosphorylation
1526,339,nk2r_human,Phosphorylation
1527,399,nk3r_human,Phosphorylation
1528,404,nk3r_human,Phosphorylation
1529,410,nk3r_human,Phosphorylation
1530,198,ts1r1_human,Phosphorylation
1531,310,ts1r1_human,Phosphorylation
1532,709,ts1r1_human,Phosphorylation
1533,787,ts1r1_human,Phosphorylation
1534,351,ts1r2_human,Phosphorylation
1535,669,ts1r2_human,Phosphorylation
1536,670,ts1r2_human,Phosphorylation
1537,271,ta2r1_human,Phosphorylation
1538,274,ta2r1_human,Phosphorylation
1539,48,t2r10_human,Phosphorylation
1540,53,t2r10_human,Phosphorylation
1541,54,t2r13_human,Phosphorylation
1542,49,t2r14_human,Phosphorylation
1543,121,t2r14_human,Phosphorylation
1544,164,t2r14_human,Phosphorylation
1545,170,t2r14_human,Phosphorylation
1546,173,t2r14_human,Phosphorylation
1547,223,t2r14_human,Phosphorylation
1548,224,t2r14_human,Phosphorylation
1549,300,t2r14_human,Phosphorylation
1550,308,t2r14_human,Phosphorylation
1551,51,t2r16_human,Phosphorylation
1552,55,t2r16_human,Phosphorylation
1553,238,t2r16_human,Phosphorylation
1554,239,t2r16_human,Phosphorylation
1555,155,ta2r3_human,Phosphorylation
1556,5,t2r38_human,Phosphorylation
1557,291,t2r38_human,Phosphorylation
1558,143,t2r39_human,Phosphorylation
1559,168,t2r40_human,Phosphorylation
1560,165,t2r41_human,Phosphorylation
1561,169,t2r41_human,Phosphorylation
1562,170,t2r41_human,Phosphorylation
1563,216,t2r31_human,Phosphorylation
1564,191,t2r46_human,Phosphorylation
1565,289,t2r46_human,Phosphorylation
1566,216,t2r30_human,Phosphorylation
1567,216,t2r20_human,Phosphorylation
1568,82,ta2r5_human,Phosphorylation
1569,89,ta2r5_human,Phosphorylation
1570,100,ta2r5_human,Phosphorylation
1571,156,ta2r5_human,Phosphorylation
1572,157,ta2r5_human,Phosphorylation
1573,50,ta2r7_human,Phosphorylation
1574,54,ta2r7_human,Phosphorylation
1575,166,ta2r7_human,Phosphorylation
1576,169,ta2r7_human,Phosphorylation
1577,171,ta2r7_human,Phosphorylation
1578,296,ta2r7_human,Phosphorylation
1579,305,ta2r7_human,Phosphorylation
1580,263,ta2r8_human,Phosphorylation
1581,301,ta2r8_human,Phosphorylation
1582,178,trfr_human,Phosphorylation
1583,342,trfr_human,Phosphorylation
1584,268,tshr_human,Phosphorylation
1585,298,tshr_human,Phosphorylation
1586,308,tshr_human,Phosphorylation
1587,425,tshr_human,Phosphorylation
1588,706,tshr_human,Phosphorylation
1589,739,tshr_human,Phosphorylation
1590,745,tshr_human,Phosphorylation
1591,748,tshr_human,Phosphorylation
1592,118,ta2r_human,Phosphorylation
1593,128,ta2r_human,Phosphorylation
1594,145,ta2r_human,Phosphorylation
1595,239,ta2r_human,Phosphorylation
1596,324,ta2r_human,Phosphorylation
1597,337,ta2r_human,Phosphorylation
1598,165,vipr1_human,Phosphorylation
1599,448,vipr1_human,Phosphorylation
1600,449,vipr1_human,Phosphorylation
1601,409,vipr2_human,Phosphorylation
1602,415,vipr2_human,Phosphorylation
1603,429,vipr2_human,Phosphorylation
1604,331,xcr1_human,Phosphorylation
1605,280,cltr2_human,Sumoylation
1606,882,grm8_human,Sumoylation
1607,204,aa2br_human,Ubiquitylation
1608,239,ada1a_human,Ubiquitylation
1609,252,ada1a_human,Ubiquitylation
1610,254,ada1a_human,Ubiquitylation
1611,230,agtr1_human,Ubiquitylation
1612,403,calrl_human,Ubiquitylation
1613,326,ccr1_human,Ubiquitylation
1614,342,ccr7_human,Ubiquitylation
1615,809,cd97_human,Ubiquitylation
1616,2206,celr3_human,Ubiquitylation
1617,2207,celr3_human,Ubiquitylation
1618,2477,celr3_human,Ubiquitylation
1619,328,ackr3_human,Ubiquitylation
1620,337,ackr3_human,Ubiquitylation
1621,362,ackr3_human,Ubiquitylation
1622,331,cxcr4_human,Ubiquitylation
1623,333,cxcr4_human,Ubiquitylation
1624,339,cxcr5_human,Ubiquitylation
1625,515,fzd8_human,Ubiquitylation
1626,553,fzd9_human,Ubiquitylation
1627,887,gabr1_human,Ubiquitylation
1628,893,gabr1_human,Ubiquitylation
1629,900,gabr1_human,Ubiquitylation
1630,905,gabr1_human,Ubiquitylation
1631,768,gabr2_human,Ubiquitylation
1632,772,gabr2_human,Ubiquitylation
1633,801,gabr2_human,Ubiquitylation
1634,1541,agrg4_human,Ubiquitylation
1635,483,gp135_human,Ubiquitylation
1636,486,gp135_human,Ubiquitylation
1637,282,gp173_human,Ubiquitylation
1638,167,gp174_human,Ubiquitylation
1639,673,agrg1_human,Ubiquitylation
1640,235,gpr87_human,Ubiquitylation
1641,329,gpc5c_human,Ubiquitylation
1642,332,gpc5c_human,Ubiquitylation
1643,891,grm1_human,Ubiquitylation
1644,259,grm5_human,Ubiquitylation
1645,400,oxer1_human,Ubiquitylation
1646,421,par1_human,Ubiquitylation
1647,422,par1_human,Ubiquitylation
1648,367,par4_human,Ubiquitylation
1649,285,rai3_human,Ubiquitylation
1650,290,rai3_human,Ubiquitylation
1651,291,rai3_human,Ubiquitylation
1652,382,adrb2_human,Hydroxylation
1653,395,adrb2_human,Hydroxylation
1654,540,agrb3_human,N-linked Glycosylation
1655,625,agrb3_human,N-linked Glycosylation
1656,174,c3ar_human,Sulfation
1657,184,c3ar_human,Sulfation
1658,318,c3ar_human,Sulfation
1659,415,cnr1_human,Palmitoylation
1660,27,cxcr3_human,Sulfation
1661,29,cxcr3_human,Sulfation
1662,7,cxcr4_human,Sulfation
1663,12,cxcr4_human,Sulfation
1664,18,cxcr4_human,O-linked Glycosylation
1665,7,drd5_human,N-linked Glycosylation
1666,16,ackr1_human,N-linked Glycosylation
1667,249,agrl4_human,N-linked Glycosylation
1668,191,fshr_human,N-linked Glycosylation
1669,315,agrf5_human,N-linked Glycosylation
1670,143,gp126_human,N-linked Glycosylation
1671,324,gp126_human,N-linked Glycosylation
1672,438,gp126_human,N-linked Glycosylation
1673,445,gp126_human,N-linked Glycosylation
1674,183,lpar4_human,N-linked Glycosylation
1675,629,agrl2_human,N-linked Glycosylation
1676,643,lshr_human,Palmitoylation
1677,644,lshr_human,Palmitoylation
1678,25,oprk_human,N-linked Glycosylation
1679,39,oprk_human,N-linked Glycosylation
1680,361,par2_human,Palmitoylation
1681,36,rxfp1_human,N-linked Glycosylation
1682,127,rxfp1_human,N-linked Glycosylation
1683,264,rxfp1_human,N-linked Glycosylation
1684,272,rxfp1_human,N-linked Glycosylation
1685,325,rxfp1_human,N-linked Glycosylation
1686,368,rxfp1_human,N-linked Glycosylation
1687,153,t2r14_human,N-linked Glycosylation
1688,99,tshr_human,N-linked Glycosylation
1689,177,tshr_human,N-linked Glycosylation
1690,341,glp1r_human,ADP-ribosylation
1691,348,glp1r_human,ADP-ribosylation
1692,299,opn3_human,Retinal protein
1693,340,opn4_human,Retinal protein
1694,296,opn5_human,Retinal protein
1695,293,opsb_human,Retinal protein
1696,296,opsd_human,Retinal protein
1697,312,opsg_human,Retinal protein
1698,312,opsr_human,Retinal protein
1699,383,pi2r_human,Methylation
1700,4,ta2r_human,N-linked Glycosylation
1701,16,ta2r_human,N-linked Glycosylation
1702,691,agrg1_human,Phosphorylation
1703,232,acm2_human,Phosphorylation
1704,234,acm2_human,Phosphorylation
1705,250,acm2_human,Phosphorylation
1706,251,acm2_human,Phosphorylation
1707,282,acm2_human,Phosphorylation
1708,283,acm2_human,Phosphorylation
1709,294,acm2_human,Phosphorylation
1710,334,opsd_human,Phosphorylation
1711,338,opsd_human,Phosphorylation
1712,343,opsd_human,Phosphorylation
1713,222,pe2r4_human,Phosphorylation
1714,259,pe2r4_human,Phosphorylation
1715,344,oprd_human,Phosphorylation
1716,354,pe2r4_human,Phosphorylation
1717,430,pe2r4_human,Phosphorylation
1718,460,pe2r4_human,Phosphorylation
1719,484,pe2r4_human,Phosphorylation
1720,271,acm2_human,Phosphorylation
1721,302,acm2_human,Phosphorylation
1722,695,grm1_human,Phosphorylation
1723,433,pe2r4_human,Phosphorylation
1724,889,grm7_human,Sumoylation
1725,730,cd97_human,Ubiquitylation
1726,2121,celr2_human,Ubiquitylation
1727,310,cxcr4_human,Ubiquitylation
1728,327,cxcr4_human,Ubiquitylation
1729,813,agre2_human,Ubiquitylation
1730,818,agre2_human,Ubiquitylation
1731,641,fzd1_human,Ubiquitylation
1732,214,fzd2_human,Ubiquitylation
1733,191,fzd6_human,Ubiquitylation
1734,636,fzd6_human,Ubiquitylation
1735,569,fzd7_human,Ubiquitylation
1736,584,gp107_human,Ubiquitylation
1737,201,gp119_human,Ubiquitylation
1738,774,gp158_human,Ubiquitylation
1739,706,gp179_human,Ubiquitylation
1740,334,gpc5b_human,Ubiquitylation
1741,341,gpc5c_human,Ubiquitylation
1742,1159,agrl1_human,Ubiquitylation
1743,398,ntr1_human,Ubiquitylation
1744,338,oprk_human,Ubiquitylation
1745,349,oprk_human,Ubiquitylation
1746,378,oprk_human,Ubiquitylation
1747,234,oxyr_human,Ubiquitylation
1748,227,p2ry2_human,Ubiquitylation
1749,132,p2ry8_human,Ubiquitylation
1750,368,par2_human,Ubiquitylation
1751,377,par2_human,Ubiquitylation
1752,394,par2_human,Ubiquitylation
1753,41,par2_human,Ubiquitylation
1754,468,pe2r4_human,Ubiquitylation
1755,333,rai3_human,Ubiquitylation
1756,348,rai3_human,Ubiquitylation
1757,353,rai3_human,Ubiquitylation
1758,363,ssr5_human,Ubiquitylation
1759,289,tpra1_human,Ubiquitylation
1760,5603,gpr98_human,Acetylation
1761,872,grm8_human,Acetylation
1762,359,gpr15_human,O-linked Glycosylation
1763,374,aa2ar_human,Phosphorylation
1764,286,acm2_human,Phosphorylation
1765,288,acm2_human,Phosphorylation
1766,290,acm2_human,Phosphorylation
1767,309,acm2_human,Phosphorylation
1768,311,acm2_human,Phosphorylation
1769,208,acthr_human,Phosphorylation
1770,280,acthr_human,Phosphorylation
1771,232,ada2a_human,Phosphorylation
1772,296,ada2a_human,Phosphorylation
1773,297,ada2a_human,Phosphorylation
1774,298,ada2a_human,Phosphorylation
1775,299,ada2a_human,Phosphorylation
1776,360,ada2a_human,Phosphorylation
1777,312,adrb1_human,Phosphorylation
1778,261,adrb2_human,Phosphorylation
1779,262,adrb2_human,Phosphorylation
1780,345,adrb2_human,Phosphorylation
1781,346,adrb2_human,Phosphorylation
1782,355,adrb2_human,Phosphorylation
1783,356,adrb2_human,Phosphorylation
1784,396,adrb2_human,Phosphorylation
1785,401,adrb2_human,Phosphorylation
1786,407,adrb2_human,Phosphorylation
1787,411,adrb2_human,Phosphorylation
1788,335,agtr1_human,Phosphorylation
1789,338,agtr1_human,Phosphorylation
1790,1469,bai1_human,Phosphorylation
1791,366,bkrb2_human,Phosphorylation
1792,373,bkrb2_human,Phosphorylation
1793,375,bkrb2_human,Phosphorylation
1794,323,c5ar2_human,Phosphorylation
1795,892,casr_human,Phosphorylation
1796,895,casr_human,Phosphorylation
1797,899,casr_human,Phosphorylation
1798,915,casr_human,Phosphorylation
1799,296,ccr10_human,Phosphorylation
1800,336,ccr5_human,Phosphorylation
1801,337,ccr5_human,Phosphorylation
1802,342,ccr5_human,Phosphorylation
1803,349,ccr5_human,Phosphorylation
1804,151,ccr7_human,Phosphorylation
1805,356,ccr7_human,Phosphorylation
1806,357,ccr7_human,Phosphorylation
1807,364,ccr7_human,Phosphorylation
1808,365,ccr7_human,Phosphorylation
1809,377,ccr7_human,Phosphorylation
1810,2982,celr1_human,Phosphorylation
1811,313,cltr1_human,Phosphorylation
1812,315,cltr1_human,Phosphorylation
1813,316,cltr1_human,Phosphorylation
1814,425,cnr1_human,Phosphorylation
1815,429,cnr1_human,Phosphorylation
1816,352,cnr2_human,Phosphorylation
1817,330,cxcr4_human,Phosphorylation
1818,338,cxcr4_human,Phosphorylation
1819,339,cxcr4_human,Phosphorylation
1820,341,cxcr4_human,Phosphorylation
1821,347,cxcr4_human,Phosphorylation
1822,335,ackr3_human,Phosphorylation
1823,147,drd2_human,Phosphorylation
1824,148,drd2_human,Phosphorylation
1825,228,drd2_human,Phosphorylation
1826,229,drd2_human,Phosphorylation
1827,354,drd2_human,Phosphorylation
1828,229,drd3_human,Phosphorylation
1829,233,drd3_human,Phosphorylation
1830,257,drd3_human,Phosphorylation
1831,239,drd4_human,Phosphorylation
1832,245,drd4_human,Phosphorylation
1833,289,ednra_human,Phosphorylation
1834,295,ednra_human,Phosphorylation
1835,382,ednra_human,Phosphorylation
1836,391,ednra_human,Phosphorylation
1837,393,ednra_human,Phosphorylation
1838,397,ednra_human,Phosphorylation
1839,404,ednra_human,Phosphorylation
1840,420,ednra_human,Phosphorylation
1841,421,ednra_human,Phosphorylation
1842,425,ednra_human,Phosphorylation
1843,404,etbr2_human,Phosphorylation
1844,211,fpr1_human,Phosphorylation
1845,215,fpr1_human,Phosphorylation
1846,220,fpr1_human,Phosphorylation
1847,328,fpr1_human,Phosphorylation
1848,332,fpr1_human,Phosphorylation
1849,338,fpr1_human,Phosphorylation
1850,342,fpr1_human,Phosphorylation
1851,329,fpr2_human,Phosphorylation
1852,620,fzd6_human,Phosphorylation
1853,624,fzd6_human,Phosphorylation
1854,626,fzd6_human,Phosphorylation
1855,629,fzd6_human,Phosphorylation
1856,884,gabr2_human,Phosphorylation
1857,434,gasr_human,Phosphorylation
1858,437,gasr_human,Phosphorylation
1859,442,gasr_human,Phosphorylation
1860,524,agrg5_human,Phosphorylation
1861,253,agra2_human,Phosphorylation
1862,379,agra2_human,Phosphorylation
1863,225,gp132_human,Phosphorylation
1864,229,gp132_human,Phosphorylation
1865,931,gp158_human,Phosphorylation
1866,328,gp183_human,Phosphorylation
1867,330,gp183_human,Phosphorylation
1868,337,gp183_human,Phosphorylation
1869,343,gp183_human,Phosphorylation
1870,362,gpc5b_human,Phosphorylation
1871,5,gpc5b_human,Phosphorylation
1872,383,gpc5c_human,Phosphorylation
1873,398,gpc5c_human,Phosphorylation
1874,359,gpr15_human,Phosphorylation
1875,351,gpr34_human,Phosphorylation
1876,355,gpr34_human,Phosphorylation
1877,1020,grm5_human,Phosphorylation
1878,396,hrh1_human,Phosphorylation
1879,398,hrh1_human,Phosphorylation
1880,590,lgr5_human,Phosphorylation
1881,240,lpar1_human,Phosphorylation
1882,243,lpar1_human,Phosphorylation
1883,244,lpar1_human,Phosphorylation
1884,1112,agrl2_human,Phosphorylation
1885,1430,agrl2_human,Phosphorylation
1886,1395,agrl3_human,Phosphorylation
1887,313,lt4r1_human,Phosphorylation
1888,314,lt4r1_human,Phosphorylation
1889,329,mc4r_human,Phosphorylation
1890,330,mc4r_human,Phosphorylation
1891,316,mshr_human,Phosphorylation
1892,243,opn5_human,Phosphorylation
1893,363,oprd_human,Phosphorylation
1894,358,oprk_human,Phosphorylation
1895,268,oprm_human,Phosphorylation
1896,370,oxyr_human,Phosphorylation
1897,243,p2ry2_human,Phosphorylation
1898,356,p2ry2_human,Phosphorylation
1899,384,par2_human,Phosphorylation
1900,387,par2_human,Phosphorylation
1901,390,par2_human,Phosphorylation
1902,374,pe2r4_human,Phosphorylation
1903,377,pe2r4_human,Phosphorylation
1904,379,pe2r4_human,Phosphorylation
1905,382,pe2r4_human,Phosphorylation
1906,328,pi2r_human,Phosphorylation
1907,339,ptafr_human,Phosphorylation
1908,101,pth1r_human,Phosphorylation
1909,321,rai3_human,Phosphorylation
1910,357,rai3_human,Phosphorylation
1911,333,s1pr2_human,Phosphorylation
1912,343,s1pr2_human,Phosphorylation
1913,377,s1pr4_human,Phosphorylation
1914,380,s1pr4_human,Phosphorylation
1915,383,s1pr4_human,Phosphorylation
1916,785,smo_human,Phosphorylation
1917,341,ssr2_human,Phosphorylation
1918,343,ssr2_human,Phosphorylation
1919,242,ssr5_human,Phosphorylation
1920,255,v2r_human,Phosphorylation
1921,362,v2r_human,Phosphorylation
1922,363,v2r_human,Phosphorylation
1923,364,v2r_human,Phosphorylation
1924,250,vipr1_human,Phosphorylation
1925,435,vipr1_human,Phosphorylation
1926,447,vipr1_human,Phosphorylation
1927,455,vipr1_human,Phosphorylation
1928,287,acm2_human,Phosphorylation
1929,307,acm2_human,Phosphorylation
1930,310,acm2_human,Phosphorylation
1931,423,acm2_human,Phosphorylation
1932,360,adrb2_human,Phosphorylation
1933,384,adrb2_human,Phosphorylation
1934,393,adrb2_human,Phosphorylation
1935,408,adrb2_human,Phosphorylation
1936,68,adrb2_human,Phosphorylation
1937,332,agtr1_human,Phosphorylation
1938,336,agtr1_human,Phosphorylation
1939,162,bkrb2_human,Phosphorylation
1940,888,casr_human,Phosphorylation
1941,295,ccr10_human,Phosphorylation
1942,372,ccr7_human,Phosphorylation
1943,373,ccr7_human,Phosphorylation
1944,374,ccr7_human,Phosphorylation
1945,375,ccr7_human,Phosphorylation
1946,338,ackr3_human,Phosphorylation
1947,134,drd2_human,Phosphorylation
1948,144,drd2_human,Phosphorylation
1949,225,drd2_human,Phosphorylation
1950,225,drd3_human,Phosphorylation
1951,396,ednra_human,Phosphorylation
1952,403,ednra_human,Phosphorylation
1953,417,ednra_human,Phosphorylation
1954,393,etbr2_human,Phosphorylation
1955,405,etbr2_human,Phosphorylation
1956,329,fpr1_human,Phosphorylation
1957,331,fpr1_human,Phosphorylation
1958,334,fpr1_human,Phosphorylation
1959,336,fpr1_human,Phosphorylation
1960,339,fpr1_human,Phosphorylation
1961,332,fpr2_human,Phosphorylation
1962,335,fpr2_human,Phosphorylation
1963,930,gabr1_human,Phosphorylation
1964,439,gasr_human,Phosphorylation
1965,440,gasr_human,Phosphorylation
1966,443,gasr_human,Phosphorylation
1967,2930,agrg4_human,Phosphorylation
1968,527,agrg5_human,Phosphorylation
1969,221,agrf5_human,Phosphorylation
1970,370,agra2_human,Phosphorylation
1971,353,gp173_human,Phosphorylation
1972,347,gp183_human,Phosphorylation
1973,677,grm1_human,Phosphorylation
1974,679,grm1_human,Phosphorylation
1975,140,hrh1_human,Phosphorylation
1976,142,hrh1_human,Phosphorylation
1977,478,hrh1_human,Phosphorylation
1978,236,lpar1_human,Phosphorylation
1979,308,lt4r1_human,Phosphorylation
1980,315,lt4r1_human,Phosphorylation
1981,355,lt4r2_human,Phosphorylation
1982,312,mc4r_human,Phosphorylation
1983,157,mshr_human,Phosphorylation
1984,308,mshr_human,Phosphorylation
1985,218,npff1_human,Phosphorylation
1986,358,oprd_human,Phosphorylation
1987,361,oprd_human,Phosphorylation
1988,358,p2ry1_human,Phosphorylation
1989,344,p2ry2_human,Phosphorylation
1990,337,p2y14_human,Phosphorylation
1991,99,pth1r_human,Phosphorylation
1992,306,rai3_human,Phosphorylation
1993,322,rai3_human,Phosphorylation
1994,236,s1pr1_human,Phosphorylation
1995,353,ssr2_human,Phosphorylation
1996,354,ssr2_human,Phosphorylation
1997,247,ssr5_human,Phosphorylation
1998,43,ta2r8_human,Phosphorylation
1999,49,ta2r8_human,Phosphorylation
2000,429,vipr1_human,Phosphorylation
2001,177,acm2_human,Phosphorylation
2002,365,acm3_human,Phosphorylation
2003,132,adrb2_human,Phosphorylation
2004,141,adrb2_human,Phosphorylation
2005,219,adrb2_human,Phosphorylation
2006,350,adrb2_human,Phosphorylation
2007,354,adrb2_human,Phosphorylation
2008,279,agrb2_human,Phosphorylation
2009,177,bkrb2_human,Phosphorylation
2010,332,bkrb2_human,Phosphorylation
2011,11,c5ar1_human,Phosphorylation
2012,14,c5ar1_human,Phosphorylation
2013,41,ccr1_human,Phosphorylation
2014,139,ccr2_human,Phosphorylation
2015,339,ccr5_human,Phosphorylation
2016,319,cltr1_human,Phosphorylation
2017,157,cxcr4_human,Phosphorylation
2018,334,ackr3_human,Phosphorylation
2019,354,ackr3_human,Phosphorylation
2020,184,ednra_human,Phosphorylation
2021,389,ednra_human,Phosphorylation
2022,22,fpr1_human,Phosphorylation
2023,250,fshr_human,Phosphorylation
2024,607,fzd1_human,Phosphorylation
2025,576,fzd5_human,Phosphorylation
2026,209,galr1_human,Phosphorylation
2027,220,galr1_human,Phosphorylation
2028,213,galr2_human,Phosphorylation
2029,438,gasr_human,Phosphorylation
2030,545,agrf2_human,Phosphorylation
2031,209,agrf5_human,Phosphorylation
2032,377,agra2_human,Phosphorylation
2033,1172,gp126_human,Phosphorylation
2034,1184,gp126_human,Phosphorylation
2035,1196,gp126_human,Phosphorylation
2036,298,gp146_human,Phosphorylation
2037,460,gp179_human,Phosphorylation
2038,307,gpc5b_human,Phosphorylation
2039,330,gpc5b_human,Phosphorylation
2040,376,gpc5b_human,Phosphorylation
2041,312,gpc5c_human,Phosphorylation
2042,317,gpc5c_human,Phosphorylation
2043,324,gpc5c_human,Phosphorylation
2044,358,gpc5c_human,Phosphorylation
2045,361,gpc5c_human,Phosphorylation
2046,370,gpc5c_human,Phosphorylation
2047,387,gpc5c_human,Phosphorylation
2048,414,gpc5c_human,Phosphorylation
2049,438,gpc5c_human,Phosphorylation
2050,128,gpr21_human,Phosphorylation
2051,363,gpr34_human,Phosphorylation
2052,153,gpr88_human,Phosphorylation
2053,1400,gpr98_human,Phosphorylation
2054,1109,grm1_human,Phosphorylation
2055,1111,grm1_human,Phosphorylation
2056,672,grm1_human,Phosphorylation
2057,466,grm3_human,Phosphorylation
2058,478,grm3_human,Phosphorylation
2059,480,grm3_human,Phosphorylation
2060,743,grm3_human,Phosphorylation
2061,754,grm3_human,Phosphorylation
2062,301,hrh1_human,Phosphorylation
2063,321,hrh1_human,Phosphorylation
2064,908,lgr4_human,Phosphorylation
2065,932,lgr4_human,Phosphorylation
2066,942,lgr4_human,Phosphorylation
2067,944,lgr4_human,Phosphorylation
2068,325,lpar2_human,Phosphorylation
2069,1337,agrl1_human,Phosphorylation
2070,1385,agrl1_human,Phosphorylation
2071,1406,agrl2_human,Phosphorylation
2072,1411,agrl3_human,Phosphorylation
2073,1412,agrl3_human,Phosphorylation
2074,170,agrl3_human,Phosphorylation
2075,126,npbw2_human,Phosphorylation
2076,133,npbw2_human,Phosphorylation
2077,143,npbw2_human,Phosphorylation
2078,216,npff1_human,Phosphorylation
2079,225,npff1_human,Phosphorylation
2080,137,npsr1_human,Phosphorylation
2081,147,npsr1_human,Phosphorylation
2082,152,npsr1_human,Phosphorylation
2083,53,opn5_human,Phosphorylation
2084,56,opn5_human,Phosphorylation
2085,358,ox1r_human,Phosphorylation
2086,83,ox1r_human,Phosphorylation
2087,386,oxer1_human,Phosphorylation
2088,127,p2ry8_human,Phosphorylation
2089,383,par1_human,Phosphorylation
2090,420,par1_human,Phosphorylation
2091,224,par3_human,Phosphorylation
2092,177,pf2r_human,Phosphorylation
2093,120,prlhr_human,Phosphorylation
2094,71,ssr2_human,Phosphorylation
2095,246,ta2r3_human,Phosphorylation
2096,46,ta2r8_human,Phosphorylation
2097,47,taar2_human,Phosphorylation
2098,131,taar6_human,Phosphorylation
2099,140,taar6_human,Phosphorylation
2100,117,v2r_human,Phosphorylation
2101,334,opsd_human,Dephosphorylation
2102,845,grm3_human,Dephosphorylation
2103,338,opsd_human,Dephosphorylation
2104,343,opsd_human,Dephosphorylation
2105,90,ptafr_human,Disulfide bond
2106,98,trfr_human,Disulfide bond
2107,107,drd2_human,Disulfide bond
2108,110,opsd_human,Disulfide bond
2109,173,ptafr_human,Disulfide bond
2110,179,trfr_human,Disulfide bond
2111,182,drd2_human,Disulfide bond
2112,187,opsd_human,Disulfide bond
2113,212,calrl_human,Disulfide bond
2114,282,calrl_human,Disulfide bond
2115,2,acm2_human,N-linked Glycosylation
2116,3,acm2_human,N-linked Glycosylation
2117,5,p2ry8_human,N-linked Glycosylation
2118,6,acm2_human,N-linked Glycosylation
2119,8,oxyr_human,N-linked Glycosylation
2120,10,5ht1f_human,N-linked Glycosylation
2121,11,nk2r_human,N-linked Glycosylation
2122,11,cxcr4_human,N-linked Glycosylation
2123,11,p2ry8_human,N-linked Glycosylation
2124,15,oxyr_human,N-linked Glycosylation
2125,18,5ht1f_human,N-linked Glycosylation
2126,19,nk2r_human,N-linked Glycosylation
2127,26,oxyr_human,N-linked Glycosylation
2128,30,s1pr1_human,N-linked Glycosylation
2129,30,par2_human,N-linked Glycosylation
2130,35,par1_human,N-linked Glycosylation
2131,58,vipr1_human,N-linked Glycosylation
2132,66,calrl_human,N-linked Glycosylation
2133,69,vipr1_human,N-linked Glycosylation
2134,72,sctr_human,N-linked Glycosylation
2135,77,tshr_human,N-linked Glycosylation
2136,90,casr_human,N-linked Glycosylation
2137,100,vipr1_human,N-linked Glycosylation
2138,113,tshr_human,N-linked Glycosylation
2139,118,calrl_human,N-linked Glycosylation
2140,123,calrl_human,N-linked Glycosylation
2141,130,casr_human,N-linked Glycosylation
2142,198,tshr_human,N-linked Glycosylation
2143,222,par2_human,N-linked Glycosylation
2144,256,agrf5_human,N-linked Glycosylation
2145,261,casr_human,N-linked Glycosylation
2146,287,casr_human,N-linked Glycosylation
2147,302,tshr_human,N-linked Glycosylation
2148,357,cd97_human,N-linked Glycosylation
2149,371,cd97_human,N-linked Glycosylation
2150,406,cd97_human,N-linked Glycosylation
2151,417,cd97_human,N-linked Glycosylation
2152,446,casr_human,N-linked Glycosylation
2153,453,cd97_human,N-linked Glycosylation
2154,454,cd97_human,N-linked Glycosylation
2155,468,casr_human,N-linked Glycosylation
2156,488,casr_human,N-linked Glycosylation
2157,6,ccr5_human,O-linked Glycosylation
2158,74,sctr_human,O-linked Glycosylation
2159,308,pi2r_human,Palmitoylation
2160,309,aa1r_human,Palmitoylation
2161,311,pi2r_human,Palmitoylation
2162,321,ccr5_human,Palmitoylation
2163,322,opsd_human,Palmitoylation
2164,323,opsd_human,Palmitoylation
2165,323,ccr5_human,Palmitoylation
2166,324,ccr5_human,Palmitoylation
2167,341,adrb2_human,Palmitoylation
2168,341,v2r_human,Palmitoylation
2169,342,v2r_human,Palmitoylation
2170,347,drd1_human,Palmitoylation
2171,351,drd1_human,Palmitoylation
2172,351,bkrb2_human,Palmitoylation
2173,400,ednrb_human,Palmitoylation
2174,402,ednrb_human,Palmitoylation
2175,403,ednrb_human,Palmitoylation
2176,405,ednrb_human,Palmitoylation
2177,5,cxcr4_human,Phosphorylation
2178,18,cxcr4_human,Phosphorylation
2179,138,grm4_human,Phosphorylation
2180,141,agre3_human,Phosphorylation
2181,161,ackr2_human,Phosphorylation
2182,205,ednrb_human,Phosphorylation
2183,236,fpr2_human,Phosphorylation
2184,237,fpr2_human,Phosphorylation
2185,246,adrb2_human,Phosphorylation
2186,247,etbr2_human,Phosphorylation
2187,285,drd3_human,Phosphorylation
2188,287,drd3_human,Phosphorylation
2189,302,drd3_human,Phosphorylation
2190,305,ednrb_human,Phosphorylation
2191,310,lt4r1_human,Phosphorylation
2192,314,c5ar1_human,Phosphorylation
2193,317,c5ar1_human,Phosphorylation
2194,326,s1pr3_human,Phosphorylation
2195,327,c5ar1_human,Phosphorylation
2196,329,ta2r_human,Phosphorylation
2197,331,ta2r_human,Phosphorylation
2198,332,c5ar1_human,Phosphorylation
2199,332,ssr3_human,Phosphorylation
2200,332,lgr4_human,Phosphorylation
2201,333,p2ry4_human,Phosphorylation
2202,333,lgr4_human,Phosphorylation
2203,334,c5ar1_human,Phosphorylation
2204,334,p2ry4_human,Phosphorylation
2205,336,rai3_human,Phosphorylation
2206,337,ssr3_human,Phosphorylation
2207,338,c5ar1_human,Phosphorylation
2208,339,bkrb1_human,Phosphorylation
2209,347,cxcr2_human,Phosphorylation
2210,350,ackr3_human,Phosphorylation
2211,351,cxcr2_human,Phosphorylation
2212,352,cxcr2_human,Phosphorylation
2213,352,ccr1_human,Phosphorylation
2214,353,cxcr2_human,Phosphorylation
2215,358,bkrb2_human,Phosphorylation
2216,358,oprm_human,Phosphorylation
2217,364,adrb2_human,Phosphorylation
2218,365,oprm_human,Phosphorylation
2219,366,par4_human,Phosphorylation
2220,368,npy1r_human,Phosphorylation
2221,368,gpc5c_human,Phosphorylation
2222,373,par2_human,Phosphorylation
2223,374,par4_human,Phosphorylation
2224,375,par1_human,Phosphorylation
2225,376,par1_human,Phosphorylation
2226,377,oprm_human,Phosphorylation
2227,380,hrh1_human,Phosphorylation
2228,384,par1_human,Phosphorylation
2229,391,par1_human,Phosphorylation
2230,392,par1_human,Phosphorylation
2231,395,par1_human,Phosphorylation
2232,396,par1_human,Phosphorylation
2233,399,par1_human,Phosphorylation
2234,400,par1_human,Phosphorylation
2235,406,par1_human,Phosphorylation
2236,407,ednrb_human,Phosphorylation
2237,412,par1_human,Phosphorylation
2238,413,ednrb_human,Phosphorylation
2239,413,par1_human,Phosphorylation
2240,418,par1_human,Phosphorylation
2241,419,ednrb_human,Phosphorylation
2242,435,ednrb_human,Phosphorylation
2243,436,ednrb_human,Phosphorylation
2244,440,ednrb_human,Phosphorylation
2245,441,ednrb_human,Phosphorylation
2246,442,ednrb_human,Phosphorylation
2247,456,5ht2c_human,Phosphorylation
2248,456,glr_human,Phosphorylation
2249,457,5ht2c_human,Phosphorylation
2250,457,lgr6_human,Phosphorylation
2251,606,agra2_human,Phosphorylation
2252,607,agrf5_human,Phosphorylation
2253,607,agra2_human,Phosphorylation
2254,608,agrf5_human,Phosphorylation
2255,653,fzd6_human,Phosphorylation
2256,656,fzd6_human,Phosphorylation
2257,690,agrg1_human,Phosphorylation
2258,762,gabr1_human,Phosphorylation
2259,805,celr3_human,Phosphorylation
2260,815,cd97_human,Phosphorylation
2261,818,cd97_human,Phosphorylation
2262,831,cd97_human,Phosphorylation
2263,833,cd97_human,Phosphorylation
2264,878,gabr1_human,Phosphorylation
2265,1032,agrl1_human,Phosphorylation
2266,1033,agrl1_human,Phosphorylation
2267,1040,agrl1_human,Phosphorylation
2268,1041,agrl1_human,Phosphorylation
2269,1140,gp126_human,Phosphorylation
2270,1160,gp126_human,Phosphorylation
2271,1164,gp126_human,Phosphorylation
2272,1168,gp126_human,Phosphorylation
2273,1374,agrl2_human,Phosphorylation
2274,1417,agrb3_human,Phosphorylation
2275,2642,celr2_human,Phosphorylation
2276,2648,celr2_human,Phosphorylation
2277,2761,celr1_human,Phosphorylation
2278,2764,celr1_human,Phosphorylation
2279,2867,celr1_human,Phosphorylation
2280,2868,celr2_human,Phosphorylation
2281,2869,celr2_human,Phosphorylation
2282,2871,celr2_human,Phosphorylation
2283,3060,celr3_human,Phosphorylation
2284,5665,gpr98_human,Phosphorylation
2285,80,gp141_human,Phosphorylation
2286,145,grm4_human,Phosphorylation
2287,175,agre3_human,Phosphorylation
2288,182,oprm_human,Phosphorylation
2289,264,grm7_human,Phosphorylation
2290,289,drd3_human,Phosphorylation
2291,312,gpc6a_human,Phosphorylation
2292,315,rai3_human,Phosphorylation
2293,328,gp157_human,Phosphorylation
2294,340,opsd_human,Phosphorylation
2295,348,ssr3_human,Phosphorylation
2296,356,oprm_human,Phosphorylation
2297,360,drd1_human,Phosphorylation
2298,369,bkrb2_human,Phosphorylation
2299,372,oprm_human,Phosphorylation
2300,373,oxer1_human,Phosphorylation
2301,396,oprm_human,Phosphorylation
2302,398,mtlr_human,Phosphorylation
2303,410,par1_human,Phosphorylation
2304,425,par1_human,Phosphorylation
2305,455,agrl3_human,Phosphorylation
2306,456,agrl3_human,Phosphorylation
2307,546,pth2r_human,Phosphorylation
2308,604,agrf5_human,Phosphorylation
2309,610,agrl3_human,Phosphorylation
2310,659,fzd6_human,Phosphorylation
2311,675,grm7_human,Phosphorylation
2312,677,grm7_human,Phosphorylation
2313,806,celr3_human,Phosphorylation
2314,813,gabr2_human,Phosphorylation
2315,820,cd97_human,Phosphorylation
2316,829,agrl3_human,Phosphorylation
2317,834,agrl3_human,Phosphorylation
2318,864,grm8_human,Phosphorylation
2319,876,gabr1_human,Phosphorylation
2320,5675,gpr98_human,Phosphorylation
2321,7,cxcr4_human,Phosphorylation
2322,27,ox1r_human,Phosphorylation
2323,125,5ht6r_human,Phosphorylation
2324,156,bkrb2_human,Phosphorylation
2325,200,ednrb_human,Phosphorylation
2326,292,galr2_human,Phosphorylation
2327,300,rai3_human,Phosphorylation
2328,302,fpr2_human,Phosphorylation
2329,302,agtr1_human,Phosphorylation
2330,306,ntr2_human,Phosphorylation
2331,317,rai3_human,Phosphorylation
2332,319,agtr1_human,Phosphorylation
2333,320,rai3_human,Phosphorylation
2334,325,v2r_human,Phosphorylation
2335,326,adrb2_human,Phosphorylation
2336,338,v1br_human,Phosphorylation
2337,347,bkrb2_human,Phosphorylation
2338,348,v1ar_human,Phosphorylation
2339,397,par1_human,Phosphorylation
2340,430,ednrb_human,Phosphorylation
2341,439,ednrb_human,Phosphorylation
2342,821,celr3_human,Phosphorylation
2343,1440,agrl1_human,Phosphorylation
2344,1451,agrl1_human,Phosphorylation
2345,2650,celr2_human,Phosphorylation
2395,396,ada1b_human,Phosphorylation
2396,402,ada1b_human,Phosphorylation
2397,406,ada1b_human,Phosphorylation
2400,840,grm5_human,Phosphorylation
2418,336,opsd_human,Phosphorylation
2420,841,grm5_human,Phosphorylation
2429,383,pi2r_human,Prenylation
2430,86,par1_human,Proteolytic Cleavage
2431,36,par1_human,Proteolytic Cleavage
2432,92,par1_human,Proteolytic Cleavage
2433,62,par2_human,Proteolytic Cleavage
2434,840,gp126_human,Proteolytic Cleavage
2435,55,par1_human,Proteolytic Cleavage
2436,59,par2_human,Proteolytic Cleavage
2437,64,par2_human,Proteolytic Cleavage
2438,43,par1_human,Proteolytic Cleavage
2439,71,par2_human,Proteolytic Cleavage
2440,38,par3_human,Proteolytic Cleavage
2441,51,par2_human,Proteolytic Cleavage
2442,82,par1_human,Proteolytic Cleavage
2443,32,par1_human,Proteolytic Cleavage
2444,34,par2_human,Proteolytic Cleavage
2445,76,par1_human,Proteolytic Cleavage
2446,72,par2_human,Proteolytic Cleavage
2447,413,agre2_human,Proteolytic Cleavage
2448,517,agre2_human,Proteolytic Cleavage
2449,38,par2_human,Proteolytic Cleavage
2450,47,par1_human,Proteolytic Cleavage
2451,48,par1_human,Proteolytic Cleavage
2452,54,par1_human,Proteolytic Cleavage
2453,47,par4_human,Proteolytic Cleavage
2454,64,ednrb_human,Proteolytic Cleavage
2455,468,gp126_human,Proteolytic Cleavage
2456,25,par1_human,Proteolytic Cleavage
2457,36,par2_human,Proteolytic Cleavage
2458,41,par1_human,Proteolytic Cleavage
2459,70,par1_human,Proteolytic Cleavage
2460,45,par2_human,Proteolytic Cleavage
2461,57,par2_human,Proteolytic Cleavage
2462,74,par2_human,Proteolytic Cleavage
2463,75,par2_human,Proteolytic Cleavage
2464,42,par2_human,Proteolytic Cleavage
2465,53,par2_human,Proteolytic Cleavage
2466,58,par2_human,Proteolytic Cleavage
2467,48,par2_human,Proteolytic Cleavage
2468,55,par2_human,Proteolytic Cleavage
2469,61,par2_human,Proteolytic Cleavage
2470,72,par1_human,Proteolytic Cleavage
2471,76,par2_human,Proteolytic Cleavage
2472,69,par1_human,Proteolytic Cleavage
2473,18,cxcr4_human,Sulfation
2474,3,ccr5_human,Sulfation
2475,10,ccr5_human,Sulfation
2476,11,c5ar1_human,Sulfation
2477,14,c5ar1_human,Sulfation
2478,14,ccr5_human,Sulfation
2479,15,ccr5_human,Sulfation
2480,21,cxcr4_human,Sulfation
2481,385,tshr_human,Sulfation
2482,387,tshr_human,Sulfation
2483,10,ccr1_human,Sulfation
2484,15,gpr1_human,Sulfation
2485,15,ccr8_human,Sulfation
2486,17,gpr1_human,Sulfation
2487,17,ccr8_human,Sulfation
2488,18,ccr1_human,Sulfation
2489,21,gpr1_human,Sulfation
2490,22,gpr1_human,Sulfation
2491,26,ccr2_human,Sulfation
2492,28,ccr2_human,Sulfation
2493,289,agtr1_human,S-nitrosylation
2494,127,mtr1a_human,S-nitrosylation
2495,130,mtr1a_human,S-nitrosylation
2496,194,ccr4_human,N-linked Glycosylation
2497,56,par4_human,N-linked Glycosylation
2498,78,pi2r_human,N-linked Glycosylation
2499,304,ada1a_human,Phosphorylation
2500,619,agrb3_human,Phosphorylation
2501,342,casr_human,Phosphorylation
2502,319,cxcr4_human,Phosphorylation
2503,321,cxcr4_human,Phosphorylation
2504,324,cxcr4_human,Phosphorylation
2505,325,cxcr4_human,Phosphorylation
2506,346,cxcr4_human,Phosphorylation
2507,348,cxcr4_human,Phosphorylation
2508,351,cxcr4_human,Phosphorylation
2509,352,cxcr4_human,Phosphorylation
2510,606,fzd6_human,Phosphorylation
2511,879,gabr1_human,Phosphorylation
2512,8,agra1_human,Phosphorylation
2513,1162,gp126_human,Phosphorylation
2514,1165,gp126_human,Phosphorylation
2515,684,agrg1_human,Phosphorylation
2516,687,agrg1_human,Phosphorylation
2517,689,agrg1_human,Phosphorylation
2518,1010,agrg2_human,Phosphorylation
2519,255,hrh1_human,Phosphorylation
2520,275,hrh1_human,Phosphorylation
2521,352,p2ry1_human,Phosphorylation
2522,354,p2ry1_human,Phosphorylation
2523,301,rai3_human,Phosphorylation
2524,345,rai3_human,Phosphorylation
2525,114,t2r19_human,Phosphorylation
2526,407,v1ar_human,Phosphorylation
2527,408,v1ar_human,Phosphorylation
2528,273,ada1a_human,Phosphorylation
2529,318,cxcr4_human,Phosphorylation
2530,607,fzd6_human,Phosphorylation
2531,880,gabr1_human,Phosphorylation
2532,819,gabr2_human,Phosphorylation
2533,208,agra3_human,Phosphorylation
2534,347,gpc5b_human,Phosphorylation
2535,261,gpc6a_human,Phosphorylation
2536,688,agrg1_human,Phosphorylation
2537,279,hrh1_human,Phosphorylation
2538,13,p2ry8_human,Phosphorylation
2539,760,agrg7_human,Phosphorylation
2540,113,psyr_human,Phosphorylation
2541,347,rai3_human,Phosphorylation
2542,350,rai3_human,Phosphorylation
2543,334,5ht1a_human,Ubiquitylation
