1ayr.A.pdb,1ayr.B.pdb,1ayr.C.pdb,1ayr.D.pdb,1cf1.A.pdb,1cf1.B.pdb,1cf1.C.pdb,1cf1.D.pdb,1g4m.A.pdb,1g4m.B.pdb,1g4r.A.pdb,1jsy.A.pdb,1suj.A.pdb,1zsh.A.pdb,2wtr.A.pdb,2wtr.B.pdb,3gc3.A.pdb,3gd1.C.pdb,3gd1.E.pdb,3p2d.A.pdb,3p2d.B.pdb,3ugu.A.pdb,3ugx.A.pdb,3ugx.B.pdb,3ugx.C.pdb,3ugx.D.pdb,4j2q.A.pdb,4j2q.B.pdb,4jqi.A.pdb,4zwj.A.pdb,4zwj.B.pdb,4zwj.C.pdb,4zwj.D.pdb,P49407,P32121,P36575,P10523,CAN_pos,CAN_id
M,M,M,M,-,-,-,-,-,-,-,-,-,-,-,-,-,-,-,-,-,-,-,-,-,-,-,-,-,-,-,-,-,M,M,-,M,1,N.ns1.1
-,-,-,-,-,-,-,-,-,-,-,-,-,-,-,-,-,-,-,-,-,-,-,-,-,-,-,-,-,-,-,-,-,-,-,-,A,2,N.ns1.2
-,-,-,-,-,-,-,-,-,-,-,-,-,-,-,-,-,-,-,-,-,-,-,-,-,-,-,-,-,-,-,-,-,-,-,-,A,3,N.ns1.3
-,-,-,-,-,-,-,-,-,-,-,-,-,-,-,-,-,-,-,-,-,-,-,-,-,-,-,-,-,-,-,-,-,-,-,-,S,4,N.ns1.4
-,-,-,-,-,-,-,-,-,-,-,-,-,-,-,-,-,-,-,-,-,-,-,-,-,-,-,-,-,-,-,-,-,-,-,-,G,5,N.ns1.5
K,K,K,K,-,-,-,-,-,-,-,-,-,-,-,-,-,-,-,-,-,-,-,-,-,-,-,-,-,-,-,-,-,-,-,-,K,6,N.ns1.6
A,A,A,A,-,-,-,-,-,-,-,-,-,-,-,-,-,-,-,-,-,-,-,-,-,-,-,-,-,-,-,-,-,-,-,-,T,7,N.ns1.7
N,N,N,N,-,-,-,-,-,-,-,-,-,-,-,-,-,-,-,-,-,-,-,-,-,-,-,-,-,-,-,-,-,-,-,-,S,8,N.ns1.8
K,K,K,K,-,-,-,-,-,-,-,-,-,-,-,-,-,-,-,-,-,-,-,-,-,-,-,-,-,-,-,-,-,-,G,-,K,9,N.ns1.9
P,P,P,P,-,-,-,-,-,-,-,-,-,-,-,G,-,-,-,-,-,-,-,-,-,-,-,-,-,-,-,-,-,G,E,-,S,10,N.ns1.10
A,A,A,A,-,-,A,-,-,-,-,-,-,-,-,D,-,D,-,-,-,-,-,-,-,-,-,-,-,-,-,-,-,D,K,-,E,11,N.ns1.11
P,P,P,P,-,-,P,-,-,-,-,-,-,-,K,K,-,K,-,-,-,-,-,-,-,-,-,-,-,-,-,-,-,K,P,-,P,12,N.ns1.12
N,N,N,N,-,N,N,N,G,G,-,-,-,-,G,G,G,G,-,G,G,-,N,-,N,N,-,-,-,-,-,-,-,G,G,M,N,13,N.ns1.13
H,H,H,H,H,H,H,H,T,T,-,T,S,T,T,T,T,T,-,T,T,H,H,-,H,H,H,H,T,-,-,-,-,T,T,S,H,14,N.ns1.14
V,V,V,V,V,V,V,V,R,R,R,R,K,R,R,R,R,R,-,R,R,V,V,V,V,V,V,V,R,V,V,V,V,R,R,K,V,15,N.ns1.15
I,I,I,I,I,I,I,I,V,V,V,V,V,V,V,V,V,V,V,V,V,I,I,I,I,I,I,I,V,I,I,I,I,V,V,V,I,16,N.S1.1
F,F,F,F,F,F,F,F,F,F,F,F,Y,F,F,F,F,F,F,F,F,F,F,F,F,F,F,F,F,F,F,F,F,F,F,F,F,17,N.S1.2
K,K,K,K,K,K,K,K,K,K,K,K,K,K,K,K,K,K,K,K,K,K,K,K,K,K,K,K,K,K,K,K,K,K,K,K,K,18,N.S1.3
K,K,K,K,K,K,K,K,K,K,K,K,K,K,K,K,K,K,K,K,K,K,K,K,K,K,K,K,K,K,K,K,K,K,K,K,K,19,N.S1.4
I,I,I,I,I,I,I,I,A,A,A,A,T,A,A,A,A,A,-,S,S,I,I,I,I,I,I,I,A,V,V,V,V,A,S,T,I,20,N.S1.5
S,S,S,S,S,S,S,S,S,S,S,S,C,S,S,S,S,S,-,S,S,S,S,S,S,S,S,S,S,S,S,S,S,S,S,S,S,21,N.s1s2.1
R,R,R,R,R,R,R,R,P,P,P,P,P,P,P,P,P,P,-,P,P,R,R,R,R,R,R,R,P,R,R,R,R,P,P,S,R,22,N.s1s2.2
D,D,D,D,D,D,D,D,N,N,N,N,N,N,N,N,N,N,-,N,N,D,D,D,D,D,D,D,N,D,D,D,D,N,N,N,D,23,N.s1s2.3
K,K,K,K,K,K,K,K,G,G,G,G,A,G,G,G,G,G,-,C,C,K,K,K,K,K,K,K,G,K,K,K,K,G,C,G,K,24,N.s1s2.4
S,S,S,S,S,S,S,S,K,K,K,K,K,K,K,K,K,K,-,K,K,S,S,S,S,S,S,S,K,S,S,S,S,K,K,K,S,25,N.s1s2.5
V,V,V,V,V,V,V,V,L,L,L,L,L,L,L,L,L,L,A,L,L,V,V,V,V,V,V,V,L,V,V,V,V,L,L,L,V,26,N.S2.1
T,T,T,T,T,T,T,T,T,T,T,T,S,T,T,T,T,T,T,T,T,T,T,T,T,T,T,T,T,T,T,T,T,T,T,S,T,27,N.S2.2
I,I,I,I,I,I,I,I,V,V,V,V,I,V,V,V,V,V,V,V,V,I,I,I,I,I,I,I,V,I,I,I,I,V,V,I,I,28,N.S2.3
Y,Y,Y,Y,Y,Y,Y,Y,Y,Y,Y,Y,Y,Y,Y,Y,Y,Y,Y,Y,Y,Y,Y,Y,Y,Y,Y,Y,Y,Y,Y,Y,Y,Y,Y,Y,Y,29,N.S2.4
L,L,L,L,L,L,L,L,L,L,L,L,L,L,L,L,L,L,L,L,L,L,L,L,L,L,L,L,L,L,L,L,L,L,L,L,L,30,N.S2.5
G,G,G,G,G,G,G,G,G,G,G,G,G,G,G,G,G,G,G,G,G,G,G,G,G,G,G,G,G,G,G,G,G,G,G,G,G,31,N.s2s3.1
K,K,K,K,K,K,K,K,K,K,K,K,K,K,K,K,K,K,K,K,K,K,K,K,K,K,K,K,K,K,K,K,K,K,K,K,N,32,N.s2s3.2
R,R,R,R,R,R,R,R,R,R,R,R,R,R,R,R,R,R,R,R,R,R,R,R,R,R,R,R,R,R,R,R,R,R,R,R,R,33,N.s2s3.3
D,D,D,D,D,D,D,D,D,D,D,D,D,D,D,D,D,D,D,D,D,D,D,D,D,D,D,D,D,D,D,D,D,D,D,D,D,34,N.S3.1
Y,Y,Y,Y,Y,Y,Y,Y,F,F,F,F,F,F,F,F,F,F,F,F,F,Y,Y,Y,Y,Y,Y,Y,F,Y,Y,Y,Y,F,F,F,Y,35,N.S3.2
I,I,I,I,I,I,I,I,V,V,V,V,V,V,V,V,V,V,V,V,V,I,I,I,I,I,I,I,V,V,V,V,V,V,V,V,I,36,N.S3.3
D,D,D,D,D,D,D,D,D,D,D,D,D,D,D,D,D,D,D,D,D,D,D,D,D,D,D,D,D,D,D,D,D,D,D,D,D,37,N.S3.4
H,H,H,H,H,H,H,H,H,H,H,H,H,H,H,H,H,H,H,H,H,H,H,H,H,H,H,H,H,H,H,H,H,H,H,H,H,38,N.s3s4.1
V,V,V,V,V,V,V,V,I,I,I,I,V,I,I,I,I,I,-,L,L,V,V,V,V,V,V,V,I,V,V,V,V,I,L,V,V,39,N.s3s4.2
E,E,E,E,E,E,E,E,D,D,D,D,E,D,D,D,D,D,-,D,D,E,E,E,E,E,E,E,D,S,S,S,S,D,D,D,S,40,N.s3s4.3
R,R,R,R,R,R,R,R,L,L,L,L,H,L,L,L,L,L,L,K,K,R,R,R,R,R,R,R,L,Q,Q,Q,Q,L,K,T,Q,41,N.s3s4.4
V,V,V,V,V,V,V,V,V,V,V,V,V,V,V,V,V,V,V,V,V,V,V,V,V,V,V,V,V,V,V,V,V,V,V,V,V,42,N.s3s4.5
E,E,E,E,E,E,E,E,E,E,E,E,E,E,E,E,E,E,E,D,D,E,E,E,E,E,E,E,D,E,E,E,E,D,D,E,Q,43,N.s3s4.6
P,P,P,P,P,P,P,P,P,P,P,P,P,P,P,P,P,P,P,P,P,P,P,P,P,P,P,P,P,P,P,P,P,P,P,P,P,44,N.s3s4.7
V,V,V,V,V,V,V,V,V,V,V,V,V,V,V,V,V,V,V,V,V,V,V,V,V,V,V,V,V,V,V,V,V,V,V,I,V,45,N.S4.1
D,D,D,D,D,D,D,D,D,D,D,D,D,D,D,D,D,D,D,D,D,D,D,D,D,D,D,D,D,D,D,D,D,D,D,D,D,46,N.S4.2
G,G,G,G,G,G,G,G,G,G,G,G,G,G,G,G,G,G,G,G,G,G,G,G,G,G,G,G,G,G,G,G,G,G,G,G,G,47,N.S4.3
V,V,V,V,V,V,V,V,V,V,V,V,V,V,V,V,V,V,V,V,V,V,V,V,V,V,V,V,V,V,V,V,V,V,V,V,V,48,N.S4.4
V,V,V,V,V,V,V,V,V,V,V,V,V,V,V,V,V,V,V,V,V,V,V,V,V,V,V,V,V,V,V,V,V,V,V,V,V,49,N.S4.5
L,L,L,L,L,L,L,L,L,L,L,L,L,L,L,L,L,L,L,L,L,L,L,L,L,L,L,L,L,L,L,L,L,L,L,L,L,50,N.S4.6
V,V,V,V,V,V,V,V,V,V,V,V,I,V,V,V,V,V,-,V,V,V,V,V,V,V,V,V,V,V,V,V,V,V,V,V,V,51,N.S4.7
D,D,D,D,D,D,D,D,D,D,D,D,D,D,D,D,-,D,-,D,D,D,D,D,D,D,D,D,D,D,D,D,D,D,D,D,D,52,N.s4s5.1
P,P,P,P,P,P,P,P,P,P,P,P,P,P,P,P,-,P,-,P,P,P,P,P,P,P,P,P,P,P,P,P,P,P,P,P,P,53,N.s4s5.2
E,E,E,E,E,E,E,E,E,E,E,E,E,E,E,E,-,E,-,D,D,E,E,E,E,E,E,E,E,E,E,E,E,E,D,E,D,54,N.s4s5.3
L,L,L,L,L,L,L,L,Y,Y,Y,Y,Y,Y,Y,Y,-,Y,-,Y,Y,L,L,L,L,L,L,L,Y,L,L,L,L,Y,Y,Y,L,55,N.s4s5.4
V,V,V,V,V,V,V,V,L,L,L,L,L,L,L,L,-,L,-,L,L,V,V,V,V,V,V,V,L,V,V,V,V,L,L,L,V,56,N.s4s5.5
K,K,K,K,K,K,K,K,K,K,K,K,K,K,K,K,-,K,-,K,K,K,K,K,K,K,K,K,K,K,K,K,K,K,K,K,K,57,N.s4s5.6
G,G,G,G,G,G,G,G,E,E,E,E,D,E,E,E,-,E,-,D,D,G,G,G,G,G,G,G,E,G,G,G,G,E,D,C,G,58,N.s4s5.7
K,K,K,K,K,K,K,K,R,R,R,R,R,R,R,R,R,R,-,R,R,K,K,K,K,K,K,K,R,K,K,K,K,R,R,R,K,59,N.s4s5.8
R,R,R,R,R,R,R,R,R,R,R,R,K,R,R,R,R,R,-,K,K,R,R,R,R,R,R,R,R,K,K,K,K,R,K,K,K,60,N.S5.1
V,V,V,V,V,V,V,V,V,V,V,V,V,V,V,V,V,V,-,V,V,V,V,V,V,V,V,V,V,V,V,V,V,V,V,L,V,61,N.S5.2
Y,Y,Y,Y,Y,Y,Y,Y,Y,Y,Y,Y,F,Y,Y,Y,Y,Y,-,F,F,Y,Y,Y,Y,Y,Y,Y,Y,Y,Y,Y,Y,Y,F,F,Y,62,N.S5.3
V,V,V,V,V,V,V,V,V,V,V,V,V,V,V,V,V,V,V,V,V,V,V,V,V,V,V,V,V,V,V,V,V,V,V,V,V,63,N.S5.4
S,S,S,S,S,S,S,S,T,T,T,T,T,T,T,T,T,T,T,T,T,S,S,S,S,S,S,S,T,T,T,T,T,T,T,M,T,64,N.S5.5
L,L,L,L,L,L,L,L,L,L,L,L,L,L,L,L,L,L,L,L,L,L,L,L,L,L,L,L,L,L,L,L,L,L,L,L,L,65,N.S5.6
T,T,T,T,T,T,T,T,T,T,T,T,T,T,T,T,T,T,T,T,T,T,T,T,T,T,T,T,T,T,T,T,T,T,T,T,T,66,N.S5.7
C,C,C,C,C,C,C,C,C,C,C,C,C,C,C,C,C,C,C,C,C,C,C,C,C,C,C,C,C,C,C,C,C,C,C,C,C,67,N.S5.8
A,A,A,A,A,A,A,A,A,A,A,A,A,A,A,A,A,A,A,A,A,A,A,A,A,A,A,A,A,A,A,A,A,A,A,A,A,68,N.S5.9
F,F,F,F,F,F,F,F,F,F,F,F,F,F,F,F,F,F,F,F,F,F,F,F,F,F,F,F,F,F,F,F,F,F,F,F,F,69,N.S5.10
R,R,R,R,R,R,R,R,R,R,R,R,R,R,R,R,R,R,R,R,R,R,R,R,R,R,R,R,R,R,R,R,R,R,R,R,R,70,N.S5.11
Y,Y,Y,Y,Y,Y,Y,Y,Y,Y,Y,Y,Y,Y,Y,Y,Y,Y,Y,Y,Y,Y,Y,Y,Y,Y,Y,Y,Y,Y,Y,Y,Y,Y,Y,Y,Y,71,N.S5.12
G,G,G,G,G,G,G,G,G,G,G,G,G,G,G,G,G,G,G,G,G,G,G,G,G,G,G,G,G,G,G,G,G,G,G,G,G,72,N.s5s6.1
Q,Q,Q,Q,Q,Q,Q,Q,R,R,R,R,R,R,R,R,G,R,R,R,R,Q,Q,Q,Q,Q,Q,Q,R,Q,Q,Q,Q,R,R,R,Q,73,N.s5s6.2
E,E,E,E,E,-,E,E,E,E,E,E,D,E,E,-,-,-,E,E,E,-,E,E,-,E,E,E,E,E,E,E,E,E,E,D,E,74,N.s5s6.3
D,D,D,D,D,-,D,D,D,D,D,D,D,D,D,-,-,-,-,D,D,-,D,D,-,D,D,D,D,D,D,D,D,D,D,D,D,75,N.s5s6.4
I,I,I,I,I,-,I,I,L,L,L,L,L,L,L,-,-,-,-,L,L,-,I,I,-,I,I,I,L,I,I,I,I,L,L,L,I,76,N.s5s6.5
D,D,D,D,D,-,D,D,D,D,D,D,D,D,D,-,-,-,-,D,D,-,D,D,-,D,D,D,D,D,D,D,D,D,D,E,D,77,N.s5s6.6
V,V,V,V,V,-,V,V,V,V,V,V,L,V,V,-,-,-,-,V,V,-,V,V,-,V,-,V,V,V,V,V,V,V,V,V,V,78,N.s5s6.7
M,M,M,M,M,-,M,M,L,L,L,L,I,L,L,V,-,-,L,L,L,-,M,M,-,M,M,M,L,M,M,M,M,L,L,I,I,79,N.s5s6.8
G,G,G,G,G,-,G,G,G,G,G,G,G,G,G,G,-,-,G,G,G,G,G,G,-,G,G,G,G,G,G,G,G,G,G,G,G,80,N.s5s6.9
L,L,L,L,L,-,L,L,L,L,L,L,M,L,L,L,L,L,L,L,L,L,L,L,L,L,L,L,L,L,L,L,L,L,L,L,L,81,N.s5s6.10
S,S,S,S,S,S,S,S,T,T,T,T,S,T,T,T,T,T,T,S,S,S,S,S,S,S,S,S,T,T,T,T,T,T,S,T,T,82,N.s5s6.11
F,F,F,F,F,F,F,F,F,F,F,F,F,F,F,F,F,F,F,F,F,F,F,F,F,F,F,F,F,F,F,F,F,F,F,F,F,83,N.S6.1
R,R,R,R,R,R,R,R,R,R,R,R,R,R,R,R,R,R,R,R,R,R,R,R,R,R,R,R,R,R,R,R,R,R,R,R,R,84,N.S6.2
R,R,R,R,R,R,R,R,K,K,K,K,K,K,K,K,K,K,K,K,K,R,R,R,R,R,R,R,K,R,R,R,R,K,K,K,R,85,N.S6.3
D,D,D,D,D,D,D,D,D,D,D,D,D,D,D,D,D,D,D,D,D,D,D,D,D,D,D,D,D,D,D,D,D,D,D,D,D,86,N.S6.4
L,L,L,L,L,L,L,L,L,L,L,L,L,L,L,L,L,L,L,L,L,L,L,L,L,L,L,L,L,L,L,L,L,L,L,L,L,87,N.S6.5
Y,Y,Y,Y,Y,Y,Y,Y,F,F,F,F,Y,F,F,F,F,F,F,F,F,Y,Y,Y,Y,Y,Y,Y,F,Y,Y,Y,Y,F,F,Y,Y,88,N.S6.6
F,F,F,F,F,F,F,F,V,V,V,V,S,V,V,V,V,V,V,I,I,F,F,F,F,F,F,F,V,F,F,F,F,V,I,V,F,89,N.S6.7
S,S,S,S,S,S,S,S,A,A,A,A,L,A,A,A,A,A,A,A,A,S,S,S,S,S,S,S,A,S,S,S,S,A,A,Q,S,90,N.S6.8
Q,Q,Q,Q,Q,Q,Q,Q,N,N,N,N,A,N,N,N,N,N,-,N,N,Q,Q,Q,Q,Q,Q,Q,N,R,R,R,R,N,T,T,R,91,N.S6.9
V,V,V,V,V,V,V,V,V,V,V,V,T,V,V,V,V,V,-,Y,Y,V,V,V,V,V,V,V,V,V,V,V,V,V,Y,L,V,92,N.S6.10
Q,Q,Q,Q,Q,Q,Q,Q,Q,Q,Q,Q,Q,Q,Q,Q,Q,Q,-,Q,Q,Q,Q,Q,Q,Q,Q,Q,Q,Q,Q,Q,Q,Q,Q,Q,Q,93,N.S6.11
V,V,V,V,V,V,V,V,S,S,S,S,V,S,S,S,S,S,-,A,A,V,V,V,V,V,V,V,S,V,V,V,V,S,A,V,V,94,N.S6.12
F,F,F,F,F,F,F,F,F,F,F,F,Y,F,F,F,F,F,-,F,F,F,F,F,F,F,F,F,F,Y,Y,Y,Y,F,F,V,Y,95,N.S6.13
P,P,P,P,P,P,P,P,P,P,P,P,P,P,P,P,P,P,-,P,P,P,P,P,P,P,P,P,P,P,P,P,P,P,P,P,P,96,N.s6h1.1
P,P,P,P,P,P,P,P,P,P,P,P,P,P,P,P,P,P,-,P,P,P,P,P,P,P,P,P,P,P,P,P,P,P,P,A,P,97,N.s6h1.2
V,V,V,V,V,V,V,V,A,A,A,A,-,A,A,A,-,A,-,T,T,V,V,V,V,V,V,V,A,V,V,V,V,A,V,E,V,98,N.s6h1.3
G,G,G,G,G,G,G,G,P,P,P,P,-,P,P,P,-,-,-,P,P,G,G,G,G,-,G,G,P,G,G,G,G,P,P,S,G,99,N.s6h1.4
-,-,-,-,-,-,-,-,-,-,-,-,-,-,-,-,-,-,-,-,-,-,-,-,-,-,-,-,-,-,-,-,-,-,-,S,-,100,N.s6h1.5
A,A,A,A,A,A,A,A,E,E,E,E,E,E,E,E,-,-,-,N,N,A,A,-,A,-,A,A,E,A,A,A,A,E,N,S,-,101,N.s6h1.6
-,-,-,-,-,-,-,-,D,D,D,D,T,D,D,D,-,-,-,P,P,-,-,-,-,-,-,-,D,-,-,-,-,D,P,P,A,102,N.s6h1.7
S,S,S,S,S,S,S,S,K,K,K,K,K,K,K,K,-,K,-,P,P,S,S,-,S,-,S,S,K,M,M,M,M,K,P,Q,A,103,N.s6h1.8
G,G,G,G,G,G,G,G,K,K,K,K,E,K,K,K,K,K,-,R,R,G,G,G,G,-,G,G,K,S,S,S,S,K,R,G,S,104,N.s6h1.9
A,A,A,A,A,A,A,A,P,P,P,P,P,P,P,P,P,P,P,P,P,A,A,A,A,-,A,A,P,V,V,V,V,P,P,P,T,105,N.s6h1.10
T,T,T,T,T,T,T,T,L,L,L,L,L,L,L,L,L,L,L,P,P,T,T,T,T,T,T,T,L,L,L,L,L,L,P,L,P,106,N.s6h1.11
T,T,T,T,T,T,T,T,T,T,T,T,T,T,T,T,T,T,T,T,T,T,T,T,T,T,T,T,T,T,T,T,T,T,T,T,T,107,N.s6h1.12
R,R,R,R,R,R,R,R,R,R,R,R,P,R,R,R,R,R,R,R,R,R,R,R,R,R,R,R,R,Q,Q,Q,Q,R,R,V,K,108,N.H1.1
L,L,L,L,L,L,L,L,L,L,L,L,L,L,L,L,L,L,L,L,L,L,L,L,L,L,L,L,L,L,L,L,L,L,L,L,L,109,N.H1.2
Q,Q,Q,Q,Q,Q,Q,Q,Q,Q,Q,Q,Q,Q,Q,Q,Q,Q,Q,Q,Q,Q,Q,Q,Q,Q,Q,Q,Q,Q,Q,Q,Q,Q,Q,Q,Q,110,N.H1.3
E,E,E,E,E,E,E,E,E,E,E,E,E,E,E,E,E,E,E,E,E,E,E,E,E,E,E,E,E,E,E,E,E,E,D,E,E,111,N.H1.4
S,S,S,S,S,S,S,S,R,R,R,R,K,R,R,R,R,R,R,R,R,S,S,S,S,S,S,S,R,S,S,S,S,R,R,R,S,112,N.H1.5
L,L,L,L,L,L,L,L,L,L,L,L,L,L,L,L,L,L,L,L,L,L,L,L,L,L,L,L,L,L,L,L,L,L,L,L,L,113,N.H1.6
I,I,I,I,I,I,I,I,I,I,I,I,M,I,I,I,I,I,I,L,L,I,I,I,I,I,I,I,I,L,L,L,L,I,L,L,L,114,N.H1.7
K,K,K,K,K,K,K,K,K,K,K,K,K,K,K,K,K,K,K,R,R,K,K,K,K,K,K,K,K,K,K,K,K,K,R,H,K,115,N.H1.8
K,K,K,K,K,K,K,K,K,K,K,K,K,K,K,K,K,K,K,K,K,K,K,K,K,K,K,K,K,K,K,K,K,K,K,K,K,116,N.H1.9
L,L,L,L,L,L,L,L,L,L,L,L,L,L,L,L,L,L,L,L,L,L,L,L,L,L,L,L,L,L,L,L,L,L,L,L,L,117,N.H1.10
G,G,G,G,G,G,G,G,G,G,G,G,G,G,G,G,G,G,G,G,G,G,G,G,G,G,G,G,G,G,G,G,G,G,G,G,G,118,N.h1s7.1
A,A,A,A,A,A,A,A,E,E,E,E,A,E,E,E,E,E,E,Q,Q,A,A,A,A,A,A,A,E,D,D,D,D,E,Q,D,S,119,N.h1s7.2
N,N,N,N,N,N,N,N,H,H,H,H,H,H,H,H,H,H,H,H,H,N,N,N,N,N,N,N,H,N,N,N,N,H,H,N,N,120,N.h1s7.3
T,T,T,T,T,T,T,T,A,A,A,A,A,A,A,A,A,A,A,A,A,T,T,T,T,T,T,T,A,T,T,T,T,A,A,A,T,121,N.S7.1
Y,Y,Y,Y,Y,Y,Y,Y,Y,Y,Y,Y,Y,Y,Y,Y,Y,Y,Y,H,H,Y,Y,Y,Y,Y,Y,Y,Y,Y,Y,Y,Y,Y,H,Y,Y,122,N.S7.2
P,P,P,P,P,P,P,P,P,P,P,P,P,P,P,P,P,P,P,P,P,P,P,P,P,P,P,P,P,P,P,P,P,P,P,P,P,123,N.S7.3
F,F,F,F,F,F,F,F,F,F,F,F,F,F,F,F,F,F,F,F,F,F,F,F,F,F,F,F,F,F,F,F,F,F,F,F,F,124,N.S7.4
L,L,L,L,L,L,L,L,T,T,T,T,C,T,T,T,T,T,T,F,F,L,L,L,L,L,L,L,T,L,L,L,L,T,F,T,L,125,N.S7.5
L,L,L,L,L,L,L,L,F,F,F,F,F,F,F,F,F,F,F,F,F,L,L,L,L,L,L,L,F,L,L,L,L,F,F,L,L,126,N.S7.6
T,T,T,T,T,T,T,T,E,E,E,E,K,E,E,E,E,E,E,T,T,T,T,T,T,T,T,T,E,T,T,T,T,E,T,Q,T,127,N.s7s8.1
F,F,F,F,F,F,F,F,I,I,I,I,M,I,I,I,I,I,I,I,I,F,F,F,F,F,F,F,I,F,F,F,F,I,I,M,F,128,N.s7s8.2
P,P,P,P,P,P,P,P,P,P,P,P,G,P,P,P,P,P,P,P,P,P,P,P,P,P,P,P,P,P,P,P,P,P,P,V,P,129,N.s7s8.3
D,D,D,D,D,D,D,D,P,P,P,P,T,P,P,P,P,P,P,Q,Q,D,D,D,D,D,D,D,P,D,D,D,D,P,Q,T,D,130,N.s7s8.4
Y,Y,Y,Y,Y,Y,Y,Y,N,N,N,N,N,N,N,N,N,N,N,N,N,Y,Y,Y,Y,Y,Y,Y,N,Y,Y,Y,Y,N,N,N,Y,131,N.s7s8.5
L,L,L,L,L,L,L,L,L,L,L,L,L,L,L,L,L,L,L,L,L,L,L,L,L,L,L,L,L,L,L,L,L,L,L,L,L,132,N.s7s8.6
P,P,P,P,P,P,P,P,P,P,P,P,P,P,P,P,P,P,P,P,P,P,P,P,P,P,P,P,P,P,P,P,P,P,P,P,P,133,N.s7s8.7
C,C,C,C,C,C,C,C,C,C,C,C,C,C,C,C,C,C,C,C,C,C,C,C,C,C,C,C,C,C,C,C,C,C,C,C,C,134,N.s7s8.8
S,S,S,S,S,S,S,S,S,S,S,S,S,S,S,S,S,S,S,S,S,S,S,S,S,S,S,S,S,S,S,S,S,S,S,S,S,135,N.s7s8.9
V,V,V,V,V,V,V,V,V,V,V,V,V,V,V,V,V,V,V,V,V,V,V,V,V,V,V,V,V,V,V,V,V,V,V,V,V,136,N.S8.1
M,M,M,M,M,M,M,M,T,T,T,T,T,T,T,T,T,T,T,T,T,M,M,M,M,M,M,M,T,M,M,M,M,T,T,T,M,137,N.S8.2
L,L,L,L,L,L,L,L,L,L,L,L,L,L,L,L,L,L,L,L,L,L,L,L,L,L,L,L,L,L,L,L,L,L,L,L,L,138,N.S8.3
Q,Q,Q,Q,Q,Q,Q,Q,Q,Q,Q,Q,Q,Q,Q,Q,Q,Q,Q,Q,Q,Q,Q,Q,Q,Q,Q,Q,Q,Q,Q,Q,Q,Q,Q,Q,Q,139,N.s8s9.1
P,P,P,P,P,P,P,P,P,P,P,P,P,P,P,P,-,P,P,P,P,P,P,P,P,P,P,P,P,P,P,P,P,P,P,P,P,140,N.s8s9.2
A,A,A,A,A,A,A,A,G,G,G,G,G,G,G,G,-,G,G,G,G,A,A,A,A,A,A,A,G,A,A,A,A,G,G,G,A,141,N.s8s9.3
P,P,P,P,P,P,P,P,P,P,P,P,P,P,P,P,-,P,P,P,P,P,P,P,P,P,P,P,P,P,P,P,P,P,P,P,P,142,N.s8s9.4
Q,Q,Q,Q,Q,Q,Q,Q,E,E,E,E,D,E,E,E,-,E,-,E,E,Q,Q,Q,Q,Q,Q,Q,E,Q,Q,Q,Q,E,E,E,Q,143,N.s8s9.5
D,D,D,D,D,D,D,D,D,D,D,D,D,D,D,D,-,D,-,D,D,D,D,D,D,D,D,D,D,D,D,D,D,D,D,D,D,144,N.s8s9.6
V,V,V,V,V,V,V,V,T,T,T,T,T,T,T,T,-,T,-,T,T,V,V,V,V,V,V,V,T,V,V,V,V,T,T,A,S,145,N.s8s9.7
G,G,G,G,G,G,G,G,G,G,G,G,G,G,G,G,-,G,-,G,G,G,G,G,G,G,G,G,G,G,G,G,G,G,G,G,G,146,N.s8s9.8
K,K,K,K,K,K,K,K,K,K,K,K,K,K,K,K,-,K,K,K,K,K,K,K,K,K,K,K,K,K,K,K,K,K,K,K,K,147,N.s8s9.9
S,S,S,S,S,S,S,S,A,A,A,A,S,A,A,A,A,A,A,A,A,S,S,S,S,S,S,S,A,S,S,S,S,A,A,P,S,148,N.s8s9.10
C,C,C,C,C,C,C,C,C,C,C,C,C,C,C,C,C,C,C,C,C,C,C,C,C,C,C,C,C,C,C,C,C,C,C,C,C,149,N.S9.1
G,G,G,G,G,G,G,G,G,G,G,G,G,G,G,G,G,G,G,G,G,G,G,G,G,G,G,G,G,G,G,G,G,G,G,G,G,150,N.S9.2
V,V,V,V,V,V,V,V,V,V,V,V,V,V,V,V,V,V,V,V,V,V,V,V,V,V,V,V,V,V,V,V,V,V,V,I,V,151,N.S9.3
D,D,D,D,D,D,D,D,D,D,D,D,D,D,D,D,D,D,D,D,D,D,D,D,D,D,D,D,D,D,D,D,D,D,D,D,D,152,N.S9.4
F,F,F,F,F,F,F,F,Y,Y,Y,Y,F,Y,Y,Y,Y,Y,Y,F,F,F,F,F,F,F,F,F,Y,F,F,F,F,Y,F,F,F,153,N.S9.5
E,E,E,E,E,E,E,E,E,E,E,E,E,E,E,E,E,E,E,E,E,E,E,E,E,E,E,E,E,E,E,E,E,E,E,E,E,154,N.S9.6
I,I,I,I,I,I,I,I,V,V,V,V,V,V,V,V,V,V,V,I,I,I,I,I,I,I,I,I,V,V,V,V,V,V,I,V,V,155,N.S9.7
K,K,K,K,K,K,K,K,K,K,K,K,K,K,K,K,K,K,K,R,R,K,K,K,K,K,K,K,K,K,K,K,K,K,R,K,K,156,N.S9.8
A,A,A,A,A,A,A,A,A,A,A,A,A,A,A,A,A,A,A,A,A,A,A,A,A,A,A,A,A,A,A,A,A,A,A,S,A,157,N.S9.9
F,F,F,F,F,F,F,F,F,F,F,F,F,F,F,F,F,F,F,F,F,F,F,F,F,F,F,F,F,F,F,F,F,F,F,F,F,158,N.S9.10
A,A,A,A,A,A,A,A,C,C,C,C,C,C,C,C,C,C,-,C,C,A,A,A,A,A,A,A,C,A,A,A,A,C,C,C,A,159,N.S9.11
T,T,T,T,T,T,T,T,A,A,A,A,A,A,A,A,A,A,-,A,A,T,T,T,T,T,T,T,A,S,S,S,S,A,A,A,T,160,N.S9.12
H,H,H,H,H,H,H,H,E,E,E,E,E,E,E,E,E,E,-,K,K,H,H,H,H,D,H,H,E,D,D,D,D,E,K,E,D,161,N.s9s10.1
S,S,S,S,S,S,S,S,-,-,-,-,-,-,-,-,-,-,-,-,-,S,S,S,S,-,-,S,-,I,I,I,I,N,S,N,S,162,N.s9s10.2
T,T,T,T,T,T,T,T,-,-,-,-,-,-,-,-,-,-,-,-,-,T,T,T,T,-,-,T,-,T,T,T,T,-,-,-,T,163,N.s9s10.3
D,D,D,D,D,D,D,D,N,N,N,N,N,N,N,N,N,N,-,S,S,D,D,D,D,-,-,D,N,D,D,D,D,-,-,-,D,164,N.s9s10.4
V,V,V,V,V,V,V,V,L,L,L,L,L,L,L,L,L,L,-,L,L,V,V,-,V,-,-,-,L,P,P,P,P,-,-,-,A,165,N.s9s10.5
E,E,E,E,E,E,E,E,E,E,E,E,E,E,E,E,E,E,-,E,E,E,E,-,E,-,-,-,E,E,E,E,E,L,L,P,E,166,N.s9s10.6
E,E,E,E,E,E,E,E,E,E,E,E,E,E,E,E,E,E,-,E,E,E,E,-,E,-,-,-,E,E,E,E,E,E,E,E,E,167,N.s9s10.7
D,D,D,D,D,D,D,D,-,-,-,-,-,-,-,-,-,-,-,-,-,D,D,-,D,-,-,-,-,D,D,D,D,E,E,E,D,168,N.s9s10.8
K,K,K,K,K,K,K,K,K,K,K,K,K,K,K,K,K,K,-,K,K,K,K,V,K,K,K,-,K,K,K,K,K,K,K,T,K,169,N.s9s10.9
I,I,I,I,I,I,I,I,I,I,I,I,I,I,I,I,I,I,-,S,S,I,I,I,I,I,I,I,I,I,I,I,I,I,S,V,I,170,N.s9s10.10
P,P,P,P,P,P,P,P,H,H,H,H,H,H,H,H,H,H,-,H,H,P,P,P,P,P,P,P,H,P,P,P,P,H,H,S,P,171,N.s9s10.11
K,K,K,K,K,K,K,K,K,K,K,K,K,K,K,K,K,K,K,K,K,K,K,K,K,K,K,K,K,K,K,K,K,K,K,K,K,172,N.s9s10.12
K,K,K,K,K,K,K,K,R,R,R,R,R,R,R,R,R,R,R,R,R,K,K,K,K,K,K,K,R,K,K,K,K,R,R,R,K,173,N.s9s10.13
S,S,S,S,S,S,S,S,N,N,N,N,N,N,N,N,N,N,N,N,N,S,S,S,S,S,S,S,N,S,S,S,S,N,N,D,S,174,N.s9s10.14
S,S,S,S,S,S,S,S,S,S,S,S,S,S,S,S,S,S,S,S,S,S,S,S,S,S,S,S,S,S,S,S,S,S,S,Y,S,175,N.S10.1
V,V,V,V,V,V,V,V,V,V,V,V,V,V,V,V,V,V,V,V,V,V,V,V,V,V,V,V,V,V,V,V,V,V,V,V,V,176,N.S10.2
R,R,R,R,R,R,R,R,R,R,R,R,Q,R,R,R,R,R,R,R,R,R,R,R,R,R,R,R,R,R,R,R,R,R,R,R,R,177,N.S10.3
L,L,L,L,L,L,L,L,L,L,L,L,L,L,L,L,L,L,L,L,L,L,L,L,L,L,L,L,L,L,L,L,L,L,L,L,L,178,N.S10.4
L,L,L,L,L,L,L,L,V,V,V,V,V,V,V,V,V,V,V,V,V,L,L,L,L,L,L,L,V,L,L,L,L,V,V,V,L,179,N.S10.5
I,I,I,I,I,I,I,I,I,I,I,I,I,I,I,I,I,I,I,I,I,I,I,I,I,I,I,I,I,I,I,I,I,I,I,V,I,180,N.S10.6
R,R,R,R,R,R,R,R,R,R,R,R,R,R,R,R,R,R,R,R,R,R,R,R,R,R,R,R,R,R,R,R,R,R,R,R,R,181,N.S10.7
K,K,K,K,K,K,K,K,K,K,K,K,K,K,K,K,K,K,K,K,K,K,K,K,K,K,K,K,K,K,K,K,K,K,K,K,K,182,N.S10.8
V,V,V,V,V,V,V,V,V,V,V,V,V,V,V,V,V,V,V,V,V,V,V,V,V,V,V,V,V,V,V,V,V,V,V,V,V,183,N.S10.9
Q,Q,Q,Q,Q,Q,Q,Q,Q,Q,Q,Q,Q,Q,Q,Q,Q,Q,Q,Q,Q,Q,Q,Q,Q,Q,Q,Q,Q,Q,Q,Q,Q,Q,Q,Q,Q,184,N.S10.10
H,H,H,H,H,H,H,H,Y,Y,Y,Y,F,Y,Y,Y,Y,Y,Y,F,F,H,H,H,H,H,H,H,Y,H,H,H,H,Y,F,F,H,185,N.S10.11
A,A,A,A,A,A,A,A,A,A,A,A,A,A,A,A,A,A,A,A,A,A,A,A,A,A,A,A,A,A,A,A,A,A,A,A,A,186,C.s10s11.1
P,P,P,P,P,P,P,P,P,P,P,P,P,P,P,P,P,P,P,P,P,P,P,P,P,P,P,P,P,P,P,P,P,P,P,P,P,187,C.s10s11.2
R,R,R,R,R,R,R,R,E,E,E,E,A,E,E,E,E,E,E,E,E,R,R,R,R,R,R,R,E,P,P,P,P,E,E,P,L,188,C.s10s11.3
D,D,D,D,D,D,D,D,R,R,R,R,N,R,R,R,R,R,R,K,K,D,D,D,D,D,D,D,R,E,E,E,E,R,K,E,E,189,C.s10s11.4
M,M,M,M,M,M,M,M,P,P,P,P,L,P,P,P,P,P,P,P,P,M,M,M,M,M,M,M,P,M,M,M,M,P,P,A,M,190,C.s10s11.5
G,G,G,G,G,G,G,G,G,G,G,G,G,G,-,-,G,-,-,G,G,G,G,G,G,G,G,G,G,G,G,G,G,G,G,G,G,191,C.s10s11.6
P,P,P,P,P,P,P,P,P,P,P,P,V,P,-,-,P,-,-,P,P,P,P,P,P,P,P,P,P,P,P,P,P,P,P,P,P,192,C.s10s11.7
Q,Q,Q,Q,Q,Q,Q,Q,Q,Q,Q,Q,A,Q,Q,Q,Q,Q,Q,Q,Q,Q,Q,Q,Q,Q,Q,Q,Q,Q,Q,Q,Q,Q,Q,G,Q,193,C.s10s11.8
P,P,P,P,P,P,P,P,P,P,P,P,P,P,P,P,P,P,P,P,P,P,P,P,P,P,P,P,P,P,P,P,P,P,P,P,P,194,C.s10s11.9
R,R,R,R,R,R,R,R,T,T,T,T,K,T,T,T,T,T,T,S,S,R,R,R,R,R,R,R,T,S,S,S,S,T,S,S,R,195,C.s10s11.10
A,A,A,A,A,A,A,A,A,A,A,A,T,A,A,A,A,A,A,A,A,A,A,A,A,A,A,A,A,A,A,A,A,A,A,A,A,196,C.S11.1
E,E,E,E,E,E,E,E,E,E,E,E,E,E,E,E,E,E,E,E,E,E,E,E,E,E,E,E,E,E,E,E,E,E,E,Q,E,197,C.S11.2
A,A,A,A,A,A,A,A,T,T,T,T,I,T,T,T,T,T,T,T,T,A,A,A,A,A,A,A,T,A,A,A,A,T,T,T,A,198,C.S11.3
S,S,S,S,S,S,S,S,T,T,T,T,T,T,T,T,T,T,T,T,T,S,S,S,S,S,S,S,T,S,S,S,S,T,T,I,A,199,C.S11.4
W,W,W,W,W,W,W,W,R,R,R,R,R,R,R,R,R,R,R,R,R,W,W,W,W,W,W,W,R,W,W,W,W,R,R,R,W,200,C.S11.5
Q,Q,Q,Q,Q,Q,Q,Q,Q,Q,Q,Q,Q,Q,Q,Q,Q,Q,Q,H,H,Q,Q,Q,Q,Q,Q,Q,Q,Q,Q,Q,Q,Q,H,R,Q,201,C.S11.6
F,F,F,F,F,F,F,F,F,F,F,F,F,F,F,F,F,F,F,F,F,F,F,F,F,F,F,F,F,F,F,F,F,F,F,F,F,202,C.s11s12.1
F,F,F,F,F,F,F,F,L,L,L,L,M,L,L,L,L,L,L,L,L,F,F,F,F,F,F,F,L,F,F,F,F,L,L,L,F,203,C.s11s12.2
M,M,M,M,M,M,M,M,M,M,M,M,L,M,M,M,M,M,M,M,M,M,M,M,M,M,M,M,M,M,M,M,M,M,M,L,M,204,C.s11s12.3
S,S,S,S,S,S,S,S,S,S,S,S,S,S,S,S,S,S,S,S,S,S,S,S,S,S,S,S,S,S,S,S,S,S,S,S,S,205,C.s11s12.4
D,D,D,D,D,D,D,D,D,D,D,D,D,D,D,D,D,D,D,D,D,D,D,D,D,D,D,D,D,D,D,D,D,D,D,A,D,206,C.s11s12.5
K,K,K,K,K,K,K,K,K,K,K,K,R,K,K,K,K,K,K,R,R,K,K,K,K,K,K,K,K,K,K,K,K,K,R,Q,K,207,C.s11s12.6
P,P,P,P,P,P,P,P,P,P,P,P,P,P,P,P,P,P,P,S,S,P,P,P,P,P,P,P,P,P,P,P,P,P,S,P,P,208,C.s11s12.7
L,L,L,L,L,L,L,L,L,L,L,L,L,L,L,L,L,L,L,L,L,L,L,L,L,L,L,L,L,L,L,L,L,L,L,L,L,209,C.S12.1
R,R,R,R,R,R,R,R,H,H,H,H,H,H,H,H,H,H,H,H,H,R,R,R,R,R,R,R,H,N,N,N,N,H,H,Q,H,210,C.S12.2
L,L,L,L,L,L,L,L,L,L,L,L,L,L,L,L,L,L,L,L,L,L,L,L,L,L,L,L,L,L,L,L,L,L,L,L,L,211,C.S12.3
A,A,A,A,A,A,A,A,E,E,E,E,E,E,E,E,E,E,E,E,E,A,A,A,A,A,A,A,E,S,S,S,S,E,E,Q,A,212,C.S12.4
V,V,V,V,V,V,V,V,A,A,A,A,A,A,A,A,A,A,A,A,A,V,V,V,V,V,V,V,A,V,V,V,V,A,A,A,V,213,C.S12.5
S,S,S,S,S,S,S,S,S,S,S,S,S,S,S,S,S,S,S,S,S,S,S,S,S,S,S,S,S,S,S,S,S,S,S,W,S,214,C.S12.6
L,L,L,L,L,L,L,L,L,L,L,L,L,L,L,L,L,L,L,L,L,L,L,L,L,L,L,L,L,L,L,L,L,L,L,M,L,215,C.S12.7
S,S,S,S,S,S,S,S,D,D,D,D,D,D,D,D,D,D,D,D,D,S,S,S,S,S,S,S,D,S,S,S,S,D,D,D,N,216,C.s12s13.1
K,K,K,K,K,K,K,K,K,K,K,K,K,K,K,K,K,K,K,K,K,K,K,K,K,K,K,K,K,K,K,K,K,K,K,R,K,217,C.s12s13.2
E,E,E,E,E,E,E,E,E,E,E,E,E,E,E,E,E,E,E,E,E,E,E,E,E,E,E,E,E,E,E,E,E,E,E,E,E,218,C.s12s13.3
I,I,I,I,I,I,I,I,I,I,I,I,I,I,I,I,I,I,I,L,L,I,I,I,I,I,I,I,I,I,I,I,I,I,L,V,I,219,C.S13.1
Y,Y,Y,Y,Y,Y,Y,Y,Y,Y,Y,Y,Y,Y,Y,Y,Y,Y,Y,Y,Y,Y,Y,Y,Y,Y,Y,Y,Y,Y,Y,Y,Y,Y,Y,H,Y,220,C.S13.2
Y,Y,Y,Y,Y,Y,Y,Y,Y,Y,Y,Y,Y,Y,Y,Y,Y,Y,Y,Y,Y,Y,Y,Y,Y,Y,Y,Y,Y,F,F,F,F,Y,Y,Y,F,221,C.S13.3
H,H,H,H,H,H,H,H,H,H,H,H,H,H,H,H,H,H,H,H,H,H,H,H,H,H,H,H,H,H,H,H,H,H,H,H,H,222,C.s13s14.1
G,G,G,G,G,G,G,G,G,G,G,G,G,G,G,G,G,G,G,G,G,G,G,G,G,G,G,G,G,G,G,G,G,G,G,G,G,223,C.s13s14.2
E,E,E,E,E,E,E,E,E,E,E,E,E,E,E,E,E,E,E,E,E,E,E,E,E,E,E,E,E,E,E,E,E,E,E,E,E,224,C.s13s14.3
P,P,P,P,P,P,P,P,P,P,P,P,P,P,P,P,P,P,P,P,P,P,P,P,P,P,P,P,P,P,P,P,P,P,P,P,P,225,C.s13s14.4
I,I,I,I,I,I,I,I,I,I,I,I,I,I,I,I,I,I,I,L,L,I,I,I,I,I,I,I,I,I,I,I,I,I,L,I,I,226,C.S14.1
P,P,P,P,P,P,P,P,S,S,S,S,N,S,S,S,S,S,S,N,N,P,P,P,P,P,P,P,S,P,P,P,P,S,N,S,P,227,C.S14.2
V,V,V,V,V,V,V,V,V,V,V,V,V,V,V,V,V,V,V,V,V,V,V,V,V,V,V,V,V,V,V,V,V,V,V,V,V,228,C.S14.3
T,T,T,T,T,T,T,T,N,N,N,N,N,N,N,N,N,N,N,N,N,T,T,T,T,T,T,T,N,T,T,T,T,N,N,N,T,229,C.S14.4
V,V,V,V,V,V,V,V,V,V,V,V,V,V,V,V,V,V,V,V,V,V,V,V,V,V,V,V,V,V,V,V,V,V,V,V,V,230,C.S14.5
A,A,A,A,A,A,A,A,H,H,H,H,K,H,H,H,H,H,H,H,H,A,A,A,A,A,A,A,H,T,T,T,T,H,H,S,T,231,C.S14.6
V,V,V,V,V,V,V,V,V,V,V,V,I,V,V,V,V,V,V,V,V,V,V,V,V,V,V,V,V,V,V,V,V,V,V,I,V,232,C.S14.7
T,T,T,T,T,T,T,T,T,T,T,T,N,T,T,T,T,T,T,T,T,T,T,T,T,T,T,T,T,T,T,T,T,T,T,N,T,233,C.S14.8
N,N,N,N,N,N,N,N,N,N,N,N,N,N,N,N,N,N,N,N,N,N,N,N,N,N,N,N,N,N,N,N,N,N,N,N,N,234,C.S14.9
S,S,S,S,S,S,S,S,N,N,N,N,T,N,N,N,N,N,N,N,N,S,S,S,S,S,S,S,N,N,N,N,N,N,N,C,N,235,C.s14s15.1
T,T,T,T,T,T,T,T,T,T,T,T,T,T,T,T,T,T,T,S,S,T,T,T,T,T,T,T,T,T,T,T,T,T,S,T,T,236,C.s14s15.2
E,E,E,E,E,E,E,E,N,N,N,N,G,N,N,N,N,N,N,T,T,E,E,E,E,E,E,E,N,D,D,D,D,N,T,N,E,237,C.s14s15.3
K,K,K,K,K,K,K,K,K,K,K,K,K,K,K,K,K,K,K,K,K,K,K,K,K,K,K,K,K,K,K,K,K,K,K,K,K,238,C.s14s15.4
T,T,T,T,T,T,T,T,T,T,T,T,I,T,T,T,T,T,T,T,T,T,T,T,T,T,T,T,T,V,V,V,V,T,T,V,T,239,C.s14s15.5
V,V,V,V,V,V,V,V,V,V,V,V,V,V,V,V,V,V,V,V,V,V,V,V,V,V,V,V,V,V,V,V,V,V,V,I,V,240,C.S15.1
K,K,K,K,K,K,K,K,K,K,K,K,K,K,K,K,K,K,K,K,K,K,K,K,K,K,K,K,K,K,K,K,K,K,K,K,K,241,C.S15.2
K,K,K,K,K,K,K,K,K,K,K,K,K,K,K,K,K,K,K,K,K,K,K,K,K,K,K,K,K,K,K,K,K,K,K,K,K,242,C.S15.3
I,I,I,I,I,I,I,I,I,I,I,I,I,I,I,I,I,I,I,I,I,I,I,I,I,I,I,I,I,I,I,I,I,I,I,I,I,243,C.S15.4
K,K,K,K,K,K,K,K,K,K,K,K,K,K,K,K,K,K,K,K,K,K,K,K,K,K,K,K,K,K,K,K,K,K,K,K,K,244,C.S15.5
V,V,V,V,V,V,V,V,I,I,I,I,I,I,I,I,I,I,I,V,V,V,V,V,V,V,V,V,I,V,V,V,V,I,V,I,A,245,C.S15.6
L,L,L,L,L,L,L,L,S,S,S,S,I,S,S,S,S,S,S,S,S,L,L,L,L,L,L,L,S,S,S,S,S,S,S,S,F,246,C.S15.7
V,V,V,V,V,V,V,V,V,V,V,V,V,V,V,V,V,V,V,V,V,V,V,V,V,V,V,V,V,V,V,V,V,V,V,V,V,247,C.S15.8
E,E,E,E,E,E,E,E,R,R,R,R,E,R,R,R,R,R,R,R,R,E,E,E,E,E,E,E,R,E,E,E,E,R,R,D,E,248,C.S15.9
Q,Q,Q,Q,Q,Q,Q,Q,Q,Q,Q,Q,Q,Q,Q,Q,Q,Q,Q,Q,Q,Q,Q,Q,Q,Q,Q,Q,Q,Q,Q,Q,Q,Q,Q,Q,Q,249,C.S15.10
V,V,V,V,V,V,V,V,Y,Y,Y,Y,V,Y,Y,Y,Y,Y,Y,Y,Y,V,V,V,V,V,V,V,Y,I,I,I,I,Y,Y,I,V,250,C.S15.11
T,T,T,T,T,T,T,T,A,A,A,A,T,A,A,A,A,A,A,A,A,T,T,T,T,T,T,T,A,A,A,A,A,A,A,T,A,251,C.S15.12
N,N,N,N,N,N,N,N,D,D,D,D,D,D,D,D,D,D,D,D,D,N,N,N,N,N,N,N,D,N,N,N,N,D,D,D,N,252,C.S15.13
V,V,V,V,V,V,V,V,I,I,I,I,V,I,I,I,I,I,I,I,I,V,V,V,V,V,V,V,I,V,V,V,V,I,I,V,V,253,C.S15.14
V,V,V,V,V,V,V,V,C,C,C,C,V,C,C,C,C,C,C,C,C,V,V,V,V,V,V,V,C,V,V,V,V,C,C,V,V,254,C.s15s16.1
L,L,L,L,L,L,L,L,L,L,L,L,L,L,L,L,L,L,L,L,L,L,L,L,L,L,L,L,L,L,L,L,L,L,L,L,L,255,C.s15s16.2
Y,Y,Y,Y,Y,Y,Y,Y,F,F,F,F,F,F,F,F,F,F,F,F,F,Y,Y,Y,Y,Y,Y,Y,F,Y,Y,Y,Y,F,F,Y,Y,256,C.s15s16.3
S,S,S,S,S,S,S,S,N,N,N,N,S,N,N,N,N,N,N,S,S,S,S,S,S,S,S,S,N,S,S,S,S,N,S,S,S,257,C.s15s16.4
S,S,S,S,S,S,S,S,T,T,T,T,L,T,T,T,T,T,T,T,T,S,S,S,S,S,S,S,T,S,S,S,S,T,T,L,S,258,C.s15s16.5
D,D,D,D,D,D,D,D,A,A,A,A,D,A,A,A,A,A,A,A,A,D,D,D,D,D,D,D,A,D,D,D,D,A,A,D,D,259,C.S16.1
Y,Y,Y,Y,Y,Y,Y,Y,Q,Q,Q,Q,K,Q,Q,Q,Q,Q,Q,Q,Q,Y,Y,Y,Y,Y,Y,Y,Q,Y,Y,Y,Y,Q,Q,K,Y,260,C.S16.2
Y,Y,Y,Y,Y,Y,Y,Y,Y,Y,Y,Y,Y,Y,Y,Y,Y,Y,Y,Y,Y,Y,Y,Y,Y,Y,Y,Y,Y,Y,Y,Y,Y,Y,Y,Y,Y,261,C.S16.3
I,I,I,I,I,I,I,I,K,K,K,K,V,K,K,K,K,K,K,K,K,I,I,I,I,I,I,I,K,V,V,V,V,K,K,T,V,262,C.S16.4
K,K,K,K,K,K,K,K,C,C,C,C,K,C,C,C,C,C,C,C,C,K,K,K,K,K,K,K,C,K,K,K,K,C,C,K,K,263,C.S16.5
T,T,T,T,T,T,T,T,P,P,P,P,T,P,P,P,P,P,P,P,P,T,T,T,T,T,T,T,P,P,P,P,P,P,P,T,P,264,C.S16.6
V,V,V,V,V,V,V,V,V,V,V,V,V,V,V,V,V,V,V,V,V,V,V,V,V,V,V,V,V,V,V,V,V,V,V,V,V,265,C.S16.7
A,A,A,A,A,A,A,A,A,A,A,A,C,A,A,A,A,A,A,A,A,A,A,A,A,A,A,A,A,A,A,A,A,A,A,F,A,266,C.S16.8
A,A,A,A,A,A,A,A,M,M,M,M,A,M,M,M,M,M,M,Q,Q,A,A,A,A,A,A,A,M,S,S,S,S,M,Q,I,M,267,C.S16.9
E,E,E,E,E,E,E,E,E,E,E,E,E,E,E,E,E,E,E,V,V,E,E,E,E,E,E,E,E,E,E,E,E,E,L,Q,E,268,C.S16.10
E,E,E,E,E,E,E,E,E,E,E,E,E,E,E,E,E,E,E,E,E,E,E,E,E,E,E,E,E,E,E,E,E,E,E,E,E,269,C.S16.11
A,A,A,A,A,A,A,A,A,A,A,A,T,A,A,A,A,A,A,Q,Q,A,A,A,A,A,A,A,A,T,T,T,T,A,Q,F,A,270,C.S16.12
Q,Q,Q,Q,Q,Q,Q,Q,D,D,D,D,N,D,D,D,D,D,D,D,D,Q,Q,Q,Q,Q,Q,Q,D,Q,Q,Q,Q,D,D,T,Q,271,C.s16s17.1
E,E,E,E,E,E,E,E,D,D,D,D,D,D,D,D,D,D,D,D,D,E,E,E,E,E,E,E,D,E,E,E,E,D,D,E,E,272,C.s16s17.2
K,K,K,K,K,K,K,K,T,T,T,T,T,T,T,T,T,T,T,Q,Q,K,K,K,K,K,K,K,T,K,K,K,K,T,Q,T,K,273,C.s16s17.3
V,V,V,V,V,V,V,V,V,V,V,V,V,V,V,V,V,V,V,V,V,V,V,V,V,V,V,V,V,V,V,V,V,V,V,V,V,274,C.s16s17.4
P,P,P,P,P,P,P,P,A,A,A,A,A,A,A,A,A,A,A,S,S,P,P,P,P,P,P,P,A,Q,Q,Q,Q,A,S,A,P,275,C.s16s17.5
P,P,P,P,P,P,P,P,P,P,P,P,A,P,P,P,P,P,P,P,P,P,P,P,P,P,P,P,P,P,P,P,P,P,P,A,P,276,C.s16s17.6
N,N,N,N,N,N,N,N,S,S,S,S,N,S,S,S,S,S,S,S,S,N,N,N,N,N,N,N,S,N,N,N,N,S,S,N,N,277,C.s16s17.7
S,S,S,S,S,S,S,S,S,S,S,S,S,S,S,S,S,S,S,S,S,S,S,S,S,S,S,S,S,S,S,S,S,S,S,S,S,278,C.S17.1
S,S,S,S,S,S,S,S,T,T,T,T,T,T,T,T,T,T,T,T,T,S,S,S,S,S,S,S,T,T,T,T,T,T,T,S,T,279,C.S17.2
L,L,L,L,L,L,L,L,F,F,F,F,L,F,F,F,F,F,F,F,F,L,L,L,L,L,L,L,F,L,L,L,L,F,F,F,L,280,C.S17.3
T,T,T,T,T,T,T,T,C,C,C,C,S,C,C,C,C,C,C,C,C,T,T,T,T,T,T,T,C,T,T,T,T,C,C,S,T,281,C.S17.4
K,K,K,K,K,K,K,K,K,K,K,K,K,K,K,K,K,K,K,K,K,K,K,K,K,K,K,K,K,K,K,K,K,K,K,Q,K,282,C.S17.5
T,T,T,T,T,T,T,T,V,V,V,V,T,V,V,V,V,V,V,V,V,T,T,T,T,T,T,T,V,T,T,T,T,V,V,S,T,283,C.S17.6
L,L,L,L,L,L,L,L,Y,Y,Y,Y,F,Y,Y,Y,Y,Y,Y,Y,Y,L,L,L,L,L,L,L,Y,L,L,L,L,Y,Y,F,L,284,C.S17.7
T,T,T,T,T,T,T,T,T,T,T,T,S,T,T,T,T,T,T,T,T,T,T,T,T,T,T,T,T,V,V,V,V,T,T,A,T,285,C.S17.8
L,L,L,L,L,L,L,L,L,L,L,L,V,L,L,L,L,L,L,I,I,L,L,L,L,L,L,L,L,L,L,L,L,L,I,V,L,286,C.S17.9
V,V,V,V,V,V,V,V,T,T,T,T,T,T,T,T,T,T,T,T,T,V,V,V,V,V,V,V,T,V,V,V,V,T,T,T,L,287,C.s17s18.1
P,P,P,P,P,P,P,P,P,P,P,P,P,P,P,P,P,P,P,P,P,P,P,P,P,P,P,P,P,P,P,P,P,P,P,P,P,288,C.s17s18.2
L,L,L,L,L,L,L,L,F,F,F,F,M,F,F,F,F,F,F,L,L,L,L,L,L,L,L,L,F,L,L,L,L,F,L,I,L,289,C.s17s18.3
L,L,L,L,L,L,L,L,L,L,L,L,L,L,L,L,L,L,L,L,L,L,L,L,L,L,L,L,L,L,L,L,L,L,L,L,L,290,C.s17s18.4
A,A,A,A,A,A,A,A,A,A,A,A,A,A,A,A,A,A,A,S,S,A,A,A,A,A,A,A,A,A,A,A,A,A,S,A,A,291,C.s17s18.5
N,N,N,N,N,N,N,N,N,N,N,N,N,N,N,N,-,N,N,N,N,N,N,N,N,N,N,N,N,N,N,N,N,N,D,A,N,292,C.s17s18.6
N,N,N,N,N,N,N,N,N,N,N,N,N,N,N,N,-,N,N,N,N,N,N,N,N,N,N,N,N,N,N,N,N,N,N,S,N,293,C.s17s18.7
R,R,R,R,R,R,R,R,R,R,R,R,R,R,R,R,-,R,-,R,R,R,R,R,R,R,R,R,R,R,R,R,R,R,R,C,R,294,C.s17s18.8
E,E,E,E,E,E,E,E,E,E,E,E,E,E,E,E,-,E,-,E,E,E,E,E,E,E,E,E,E,E,E,E,E,E,E,Q,E,295,C.s17s18.9
R,R,R,R,R,R,R,R,K,K,K,K,K,K,K,K,K,K,K,K,K,R,R,R,R,R,R,R,K,R,R,R,R,K,K,K,R,296,C.s17s18.10
R,R,R,R,R,R,R,R,R,R,R,R,R,R,R,R,R,R,R,R,R,R,R,R,R,R,R,R,R,R,R,R,R,R,R,R,R,297,C.s17s18.11
G,G,G,G,G,G,G,G,G,G,G,G,G,G,G,G,G,G,G,G,G,G,G,G,G,G,G,G,G,G,G,G,G,G,G,G,G,298,C.s17s18.12
I,I,I,I,I,I,I,I,L,L,L,L,L,L,L,L,L,L,L,L,L,I,I,I,I,I,I,I,L,I,I,I,I,L,L,L,I,299,C.s17s18.13
A,A,A,A,A,A,A,A,A,A,A,A,A,A,A,A,A,A,A,A,A,A,A,A,A,A,A,A,A,A,A,A,A,A,A,A,A,300,C.s17s18.14
L,L,L,L,L,L,L,L,L,L,L,L,L,L,L,L,L,L,L,L,L,L,L,L,L,L,L,L,L,L,L,L,L,L,L,L,L,301,C.s17s18.15
D,D,D,D,D,D,D,D,D,D,D,D,D,D,D,D,D,D,D,D,D,D,D,D,D,D,D,D,D,D,D,D,D,D,D,D,D,302,C.s17s18.16
G,G,G,G,G,G,G,G,G,G,G,G,G,G,G,G,G,G,G,G,G,G,G,G,G,G,G,G,G,G,G,G,G,G,G,G,G,303,C.s17s18.17
K,K,K,K,K,K,K,K,K,K,K,K,K,K,K,K,K,K,K,K,K,K,K,K,K,K,K,K,K,K,K,K,K,K,K,K,K,304,C.s17s18.18
I,I,I,I,I,I,I,I,L,L,L,L,L,L,L,L,L,L,L,L,L,I,I,I,I,I,I,I,L,I,I,I,I,L,L,L,I,305,C.s17s18.19
K,K,K,K,K,K,K,K,K,K,K,K,K,K,K,K,K,K,K,K,K,K,K,K,K,K,K,K,K,K,K,K,K,K,K,K,K,306,C.s17s18.20
H,H,H,H,H,H,H,H,H,H,H,H,H,H,H,H,H,H,H,H,H,H,H,H,H,H,H,H,H,H,H,H,H,H,H,H,H,307,C.s17s18.21
E,E,E,E,E,E,E,E,E,E,E,E,E,E,E,E,E,E,E,E,E,E,E,E,E,E,E,E,E,E,E,E,E,E,E,E,E,308,C.s17s18.22
D,D,D,D,D,D,D,D,D,D,D,D,D,D,D,D,D,D,D,D,D,D,D,D,D,D,D,D,D,D,D,D,D,D,D,D,D,309,C.s17s18.23
T,T,T,T,T,T,T,T,T,T,T,T,T,T,T,T,T,T,T,T,T,T,T,T,T,T,T,T,T,T,T,T,T,T,T,T,T,310,C.s17s18.24
N,N,N,N,N,N,N,N,N,N,N,N,N,N,N,N,N,N,N,N,N,N,N,N,N,N,N,N,N,N,N,N,N,N,N,N,N,311,C.s17s18.25
L,L,L,L,L,L,L,L,L,L,L,L,L,L,L,L,L,L,L,L,L,L,L,L,L,L,L,L,L,L,L,L,L,L,L,L,L,312,C.s17s18.26
A,A,A,A,A,A,A,A,A,A,A,A,A,A,A,A,A,A,A,A,A,A,A,A,A,A,A,A,A,A,A,A,A,A,A,A,A,313,C.s17s18.27
S,S,S,S,S,S,S,S,S,S,S,S,S,S,S,S,S,S,S,S,S,S,S,S,S,S,S,S,S,S,S,S,S,S,S,S,S,314,C.s17s18.28
S,S,S,S,S,S,S,S,S,S,S,S,T,S,S,S,S,S,S,S,S,S,S,S,S,S,S,S,S,S,S,S,S,S,S,S,S,315,C.s17s18.29
T,T,T,T,T,T,T,T,T,T,T,T,T,T,T,T,T,T,T,T,T,T,T,T,T,T,T,T,T,T,T,T,T,T,T,T,T,316,C.s17s18.30
I,I,I,I,I,I,I,I,L,L,L,L,V,L,L,L,L,L,L,I,I,I,I,I,I,I,I,I,L,I,I,I,I,L,I,I,I,317,C.s17s18.31
I,I,I,I,I,I,I,I,L,L,L,L,I,L,L,L,L,L,L,V,V,I,I,I,I,I,I,I,L,I,I,I,I,L,V,I,I,318,C.s17s18.32
K,K,K,K,K,K,K,K,R,R,R,R,R,R,R,R,R,R,R,K,K,K,K,K,K,K,K,K,R,K,K,K,K,R,K,R,K,319,C.s17s18.33
E,E,E,E,E,E,E,E,E,E,E,E,P,E,E,E,E,E,E,E,E,E,E,E,E,E,E,E,E,E,E,E,E,E,E,P,E,320,C.s17s18.34
G,G,G,G,G,G,G,G,G,G,G,G,G,G,G,G,G,G,G,G,G,G,G,G,G,G,G,G,-,G,G,G,G,G,G,G,G,321,C.s17s18.35
I,I,I,I,I,I,I,I,A,A,A,A,M,A,A,A,A,A,A,A,A,I,I,I,I,I,I,I,-,I,I,I,I,A,A,M,I,322,C.s17s18.36
D,D,D,D,D,D,D,D,N,N,N,N,D,N,N,N,N,N,N,N,N,D,D,D,D,D,D,D,-,D,D,D,D,N,N,D,D,323,C.s17s18.37
K,K,K,K,K,K,K,K,R,R,R,R,K,R,R,R,R,R,R,K,K,K,K,K,K,K,K,K,R,R,R,R,R,R,K,K,R,324,C.s17s18.38
T,T,T,T,T,T,T,T,E,E,E,E,E,E,E,E,E,E,E,E,E,T,T,T,T,T,T,T,E,T,T,T,T,E,E,E,T,325,C.s17s18.39
V,V,V,V,V,V,V,V,I,I,I,I,V,I,I,I,I,I,I,V,V,V,V,V,V,V,V,V,I,V,V,V,V,I,V,L,V,326,C.s17s18.40
M,M,M,M,M,M,M,M,L,L,L,L,L,L,L,L,L,L,L,L,L,M,M,M,M,M,M,M,L,M,M,M,M,L,L,L,L,327,C.s17s18.41
G,G,G,G,G,G,G,G,G,G,G,G,G,G,G,G,G,G,G,G,G,G,G,G,G,G,G,G,G,G,G,G,G,G,G,G,G,328,C.s17s18.42
I,I,I,I,I,I,I,I,I,I,I,I,I,I,I,I,I,I,I,I,I,I,I,I,I,I,I,I,I,I,I,I,I,I,I,I,I,329,C.S18.1
L,L,L,L,L,L,L,L,I,I,I,I,L,I,I,I,I,I,I,L,L,L,L,L,L,L,L,L,I,L,L,L,L,I,L,L,L,330,C.S18.2
V,V,V,V,V,V,V,V,V,V,V,V,V,V,V,V,V,V,V,V,V,V,V,V,V,V,V,V,V,V,V,V,V,V,V,V,V,331,C.S18.3
S,S,S,S,S,S,S,S,S,S,S,S,S,S,S,S,S,S,S,S,S,S,S,S,S,S,S,S,S,S,S,S,S,S,S,S,S,332,C.S18.4
Y,Y,Y,Y,Y,Y,Y,Y,Y,Y,Y,Y,Y,Y,Y,Y,Y,Y,Y,Y,Y,Y,Y,Y,Y,Y,Y,Y,Y,Y,Y,Y,Y,Y,Y,Y,Y,333,C.S18.5
Q,Q,Q,Q,Q,Q,Q,Q,K,K,K,K,K,K,K,K,K,K,K,R,R,Q,Q,Q,Q,Q,Q,Q,K,H,H,H,H,K,R,K,Q,334,C.S18.6
I,I,I,I,I,I,I,I,V,V,V,V,V,V,V,V,V,V,V,V,V,I,I,I,I,I,I,I,V,I,I,I,I,V,V,V,I,335,C.S18.7
K,K,K,K,K,K,K,K,K,K,K,K,K,K,K,K,K,K,K,K,K,K,K,K,K,K,K,K,K,K,K,K,K,K,K,R,K,336,C.S18.8
V,V,V,V,V,V,V,V,V,V,V,V,V,V,V,V,V,V,V,V,V,V,V,V,V,V,V,V,V,V,V,V,V,V,V,V,V,337,C.S18.9
K,K,K,K,K,K,K,K,K,K,K,K,H,K,K,K,K,K,K,K,K,K,K,K,K,K,K,K,K,K,K,K,K,K,K,N,K,338,C.S18.10
L,L,L,L,L,L,L,L,L,L,L,L,L,L,L,L,L,L,L,L,L,L,L,L,L,L,L,L,L,L,L,L,L,L,L,L,L,339,C.S18.11
T,T,T,T,T,T,T,T,V,V,V,V,V,V,V,V,V,V,V,V,V,T,T,T,T,T,T,T,V,T,T,T,T,V,V,M,T,340,C.S18.12
V,V,V,V,V,V,V,V,V,V,V,V,V,V,V,V,V,V,V,V,V,V,V,V,V,V,V,V,V,V,V,V,V,V,V,V,V,341,C.S18.13
S,S,S,S,S,S,S,S,S,S,S,S,A,S,S,S,S,S,S,S,S,S,S,S,S,S,S,S,S,S,S,S,S,S,S,S,-,342,C.s18s19.1
-,-,-,-,-,-,-,-,-,-,-,-,R,-,-,-,-,-,R,-,-,-,-,-,-,-,-,-,R,-,-,-,-,R,R,C,-,343,C.s18s19.2
-,-,-,-,-,-,-,-,-,-,-,-,G,-,-,-,-,-,G,-,-,-,-,-,-,-,-,-,G,-,-,-,-,G,G,G,S,344,C.s18s19.3
G,G,G,G,G,G,G,G,-,-,-,-,G,-,-,-,-,-,G,-,-,G,G,G,G,G,G,G,G,G,G,G,G,G,G,G,G,345,C.s18s19.4
L,L,L,L,L,L,L,L,-,-,-,-,I,-,-,-,-,-,L,-,-,L,L,L,L,-,L,L,L,F,F,F,F,L,-,I,F,346,C.s18s19.5
L,L,L,L,L,L,L,L,-,-,-,-,L,-,-,-,-,-,L,-,-,L,L,-,L,-,L,L,L,L,L,L,L,L,-,L,L,347,C.s18s19.6
G,G,G,G,G,G,G,G,-,-,-,-,G,-,-,-,-,-,G,-,-,G,G,-,-,-,-,G,G,-,-,-,-,G,-,G,G,348,C.s18s19.7
E,E,E,E,E,E,E,E,-,-,D,-,D,-,-,-,-,-,D,-,-,E,E,-,-,-,-,E,D,-,-,-,-,D,-,D,E,349,C.s18s19.8
L,L,L,L,L,L,L,L,-,R,L,-,L,-,-,R,-,R,L,-,-,L,L,-,-,-,-,L,L,-,-,-,-,L,-,L,L,350,C.s18s19.9
T,T,T,T,T,T,T,T,R,A,A,-,T,-,-,A,R,A,A,R,R,T,T,T,-,T,T,T,A,T,T,T,T,A,-,T,T,351,C.s18s19.10
S,S,S,S,S,S,S,S,G,S,S,S,S,S,-,S,G,S,S,G,G,S,S,S,S,S,S,S,S,S,S,S,S,S,-,A,S,352,C.s18s19.11
S,S,S,S,S,S,S,S,S,S,S,S,S,S,S,S,G,S,S,G,G,S,S,S,S,S,S,S,S,S,S,S,S,S,-,S,S,353,C.S19.1
E,E,E,E,E,E,E,E,D,D,D,D,D,D,D,D,D,D,D,D,D,E,E,E,E,E,E,E,D,E,E,E,E,D,D,D,E,354,C.S19.2
V,V,V,V,V,V,V,V,V,V,V,V,V,V,V,V,V,V,V,V,V,V,V,V,V,V,V,V,V,V,V,V,V,V,V,V,V,355,C.S19.3
A,A,A,A,A,A,A,A,A,A,A,A,A,A,A,A,A,A,A,S,S,A,A,A,A,A,A,A,A,A,A,A,A,A,S,G,A,356,C.S19.4
T,T,T,T,T,T,T,T,V,V,V,V,V,V,V,V,V,V,V,V,V,T,T,T,T,T,T,T,V,T,T,T,T,V,V,V,T,357,C.S19.5
E,E,E,E,E,E,E,E,E,E,E,E,E,E,E,E,E,E,E,E,E,E,E,E,E,E,E,E,E,E,E,E,E,E,E,E,E,358,C.S19.6
V,V,V,V,V,V,V,V,L,L,L,L,L,L,L,L,L,L,L,L,L,V,V,V,V,V,V,V,L,V,V,V,V,L,L,L,V,359,C.S19.7
P,P,P,P,P,P,P,P,P,P,P,P,P,P,P,P,P,P,P,P,P,P,P,P,P,P,P,P,P,P,P,P,P,P,P,P,P,360,C.S19.8
F,F,F,F,F,F,F,F,F,F,F,F,L,F,F,F,F,F,F,F,F,F,F,F,F,F,F,F,F,F,F,F,F,F,F,L,F,361,C.S19.9
R,R,R,R,R,R,R,R,T,T,T,T,T,T,T,T,T,T,T,V,V,R,R,R,R,R,R,R,T,R,R,R,R,T,V,V,R,362,C.S19.10
L,L,L,L,L,L,L,L,L,L,L,L,L,L,L,L,L,L,L,L,L,L,L,L,L,L,L,L,L,L,L,L,L,L,L,L,L,363,C.S19.11
M,M,M,M,M,M,M,M,M,M,M,M,M,M,M,M,M,M,M,M,M,M,M,M,M,M,M,M,M,M,M,M,M,M,M,I,M,364,C.S19.12
H,H,H,H,H,H,H,H,H,H,H,H,H,H,H,H,H,H,H,H,H,H,H,H,H,H,H,H,H,H,H,H,H,H,H,H,H,365,C.S19.13
P,P,P,P,P,P,P,P,P,P,P,P,P,P,P,P,P,P,P,P,P,P,P,P,P,P,P,P,P,P,P,P,P,P,P,P,P,366,C.s19c.1
Q,Q,Q,Q,Q,Q,Q,Q,K,K,K,K,K,K,K,K,K,K,K,K,K,Q,Q,Q,Q,Q,Q,Q,K,Q,Q,Q,Q,K,K,K,Q,367,C.s19c.2
P,P,P,P,P,P,P,P,P,P,P,-,P,-,P,P,P,P,P,P,-,P,P,P,P,P,P,P,P,P,P,P,P,P,P,P,P,368,C.s19c.3
-,-,-,-,-,E,E,E,K,K,-,-,-,-,-,K,K,-,-,-,-,-,E,-,E,-,-,-,-,-,-,-,-,K,H,S,E,369,C.s19c.4
-,-,-,-,-,D,D,-,-,-,-,-,-,-,-,E,-,-,-,-,-,-,D,-,D,-,-,-,-,-,-,-,-,E,D,H,D,370,C.s19c.5
-,-,-,-,-,-,P,-,-,-,-,-,-,-,-,E,-,-,-,-,-,-,-,-,-,-,-,-,-,-,-,-,-,E,H,E,P,371,C.s19c.6
-,-,-,-,-,-,D,-,-,-,-,-,-,-,-,P,-,-,-,-,-,-,-,-,-,-,-,-,-,-,-,-,-,P,I,A,A,372,C.s19c.7
-,-,-,-,-,-,-,-,-,-,-,-,-,-,-,L,-,-,-,-,-,-,-,-,-,-,-,-,-,-,-,-,-,P,P,A,K,373,C.s19c.8
-,-,-,-,-,-,-,-,-,-,-,-,-,-,-,D,D,-,-,-,-,-,-,-,-,-,-,-,-,-,-,-,-,-,L,S,E,374,C.s19c.9
-,-,-,-,-,-,-,-,-,-,-,-,-,-,-,T,T,-,-,-,-,-,-,-,-,-,-,-,-,-,-,-,-,-,P,-,S,375,C.s19c.10
-,-,-,-,-,-,-,-,-,-,-,-,-,-,-,-,N,-,-,-,-,-,-,-,-,-,-,-,-,-,-,-,-,-,R,-,-,376,C.s19c.11
-,-,-,-,-,-,-,-,-,-,-,-,-,-,-,-,L,-,-,-,-,-,-,-,-,-,-,-,-,-,-,-,-,-,P,-,-,377,C.s19c.12
-,-,-,-,-,-,-,-,-,-,-,-,-,-,-,N,I,-,-,-,-,-,-,-,-,-,-,-,-,-,-,-,-,H,Q,-,-,378,C.s19c.13
-,-,-,-,-,-,-,-,-,-,-,-,-,-,-,-,-,-,-,-,-,-,-,-,-,-,-,-,-,-,-,-,-,R,S,-,-,379,C.s19c.14
-,-,-,-,-,-,-,-,-,-,-,-,-,-,-,-,-,-,-,-,-,-,-,-,-,-,-,-,-,-,-,-,-,E,A,-,-,380,C.s19c.15
-,-,-,-,-,-,-,-,-,-,-,-,-,-,-,-,-,-,-,-,-,-,-,-,-,-,-,-,-,-,-,-,-,V,A,-,-,381,C.s19c.16
-,-,-,-,-,-,-,-,-,-,-,-,-,-,-,-,-,-,-,-,-,-,-,-,-,-,-,-,-,-,-,-,-,P,P,-,-,382,C.s19c.17
-,-,-,-,-,-,-,-,-,-,-,-,-,-,-,-,-,-,-,-,-,-,-,-,-,-,-,-,-,-,-,-,-,E,E,-,-,383,C.s19c.18
-,-,-,-,-,-,-,-,-,-,-,-,-,-,-,-,-,-,-,-,-,-,-,-,-,-,-,-,-,-,-,-,-,N,T,-,-,384,C.s19c.19
-,-,-,-,-,-,-,-,-,-,-,-,-,-,-,-,-,-,-,-,-,-,-,-,-,-,-,-,-,-,-,-,-,E,D,-,-,385,C.s19c.20
-,-,-,-,-,-,-,-,-,-,-,-,-,-,-,-,-,-,-,-,-,-,-,-,-,-,-,-,-,-,-,-,-,T,V,-,-,386,C.s19c.21
-,-,-,-,-,-,-,-,-,-,-,-,-,-,-,-,-,-,-,-,-,-,-,-,-,-,-,-,-,-,-,-,-,P,P,-,-,387,C.s19c.22
-,-,-,-,-,-,-,-,-,-,-,-,-,-,-,-,-,-,-,-,-,-,-,-,-,-,-,-,-,-,-,-,-,V,V,-,-,388,C.s19c.23
-,-,-,-,-,-,-,-,-,-,-,-,-,-,-,-,-,-,-,-,-,-,-,-,-,-,-,-,-,-,-,-,-,D,D,-,-,389,C.s19c.24
-,-,-,-,-,-,-,-,-,-,-,-,-,-,-,-,-,-,-,-,-,-,-,-,-,-,-,-,-,-,-,-,-,T,T,-,-,390,C.s19c.25
-,-,-,-,-,-,-,-,-,-,-,-,-,-,-,-,-,-,-,-,-,-,-,-,-,-,-,-,-,-,-,-,-,N,N,-,-,391,C.s19c.26
-,-,-,-,-,-,-,-,-,-,-,-,-,-,-,-,-,-,-,-,-,-,-,-,-,-,-,-,-,-,-,-,-,L,L,-,-,392,C.s19c.27
-,-,-,-,-,-,-,-,-,-,-,-,-,-,-,-,-,-,-,-,-,-,-,-,-,-,-,-,-,-,-,-,-,I,I,-,-,393,C.s19c.28
-,-,-,-,-,-,-,-,-,-,-,-,-,-,-,-,-,-,-,-,-,-,-,-,-,-,-,-,-,-,-,-,-,E,E,-,-,394,C.s19c.29
-,-,-,-,-,-,-,-,-,-,-,-,-,-,-,-,-,-,-,-,-,-,-,-,-,-,-,-,-,-,-,-,-,L,F,-,-,395,C.s19c.30
-,-,-,-,-,-,-,-,-,-,-,-,-,-,-,-,-,-,-,-,-,-,-,-,-,-,-,-,-,-,-,-,-,D,D,-,-,396,C.s19c.31
-,-,-,-,-,-,-,-,-,-,-,-,-,-,-,-,-,-,-,-,-,-,-,-,-,-,-,-,-,-,-,-,-,T,T,-,-,397,C.s19c.32
-,-,-,-,-,-,-,-,-,-,-,-,-,-,-,-,-,-,-,-,-,-,-,-,-,-,-,-,-,-,-,-,-,N,N,-,-,398,C.s19c.33
-,-,-,-,-,-,-,-,-,-,-,-,-,-,-,-,-,-,-,-,-,-,-,-,-,-,-,-,-,-,-,-,-,-,Y,-,-,399,C.s19c.34
-,-,-,-,-,-,-,-,-,-,-,-,-,-,-,-,-,-,-,-,-,-,-,-,-,-,-,-,-,-,-,-,-,-,A,-,Y,400,C.s19c.35
-,-,-,-,-,-,-,-,-,-,-,-,-,-,-,-,-,-,-,-,-,-,-,-,-,-,-,-,-,-,-,-,-,-,T,-,Q,401,C.s19c.36
-,-,-,-,E,D,D,D,D,D,-,D,S,-,K,D,E,-,-,-,-,-,D,-,D,-,-,-,-,-,-,-,-,D,D,S,D,402,C.s19c.37
-,-,-,-,D,E,E,E,D,D,-,D,D,-,D,D,L,D,-,H,-,-,E,E,E,E,-,-,-,-,-,-,-,D,D,E,A,403,C.s19c.38
-,-,-,-,N,N,N,N,D,D,D,D,D,D,D,D,D,D,-,D,D,-,N,D,N,N,-,-,-,-,-,-,-,D,D,D,N,404,C.s19c.39
-,-,-,-,F,F,F,F,I,I,I,I,I,I,I,I,I,I,-,I,I,-,F,-,F,F,-,-,-,-,-,-,-,I,I,I,L,405,C.s19c.40
-,-,-,-,V,V,V,V,V,V,V,V,I,V,V,V,V,V,-,V,V,-,V,V,V,V,-,-,-,-,-,-,-,V,V,V,V,406,C.s19c.41
-,-,-,-,F,F,F,F,F,F,F,F,I,F,F,F,F,F,F,F,F,-,F,F,F,F,-,-,K,-,-,-,-,F,F,I,F,407,C.s19c.42
E,E,E,E,E,E,E,E,E,E,E,E,E,E,E,E,E,E,E,E,E,-,E,E,E,E,-,-,E,-,-,-,-,E,E,E,E,408,C.s19c.43
D,D,D,D,E,E,E,E,D,D,D,D,E,D,D,D,D,D,D,D,D,-,E,E,E,E,-,-,E,-,-,-,-,D,D,E,E,409,C.s19c.44
P,P,P,P,F,F,F,F,F,F,F,F,F,F,F,F,F,F,F,F,F,-,F,F,F,F,-,-,P,-,-,-,-,F,F,F,F,410,C.s19c.45
D,-,D,-,A,A,A,A,A,A,A,A,A,A,A,A,A,A,A,A,A,-,A,A,A,A,-,-,P,-,-,-,-,A,A,T,A,411,C.s19c.46
T,-,T,-,R,R,R,R,R,R,R,R,R,R,R,R,-,R,R,R,R,-,R,R,R,R,-,-,-,-,-,-,-,R,R,R,R,412,C.s19c.47
A,-,A,-,Q,Q,Q,Q,-,-,-,Q,Q,Q,Q,Q,-,-,-,-,-,-,Q,Q,Q,Q,-,-,-,-,-,-,-,Q,L,K,H,413,C.s19c.48
K,-,K,-,N,N,N,N,-,-,-,R,K,R,R,R,-,-,-,-,-,-,N,N,N,N,-,-,-,-,-,-,-,R,R,G,N,414,C.s19c.49
A,-,A,-,L,L,L,L,-,-,-,L,L,L,L,L,-,-,-,-,-,-,L,L,L,L,-,-,-,-,-,-,-,L,L,E,L,415,C.s19c.50
-,-,-,-,K,-,K,K,-,-,-,K,-,K,K,K,-,-,-,-,-,-,K,-,K,-,-,-,-,-,-,-,-,K,K,E,K,416,C.s19c.51
-,-,-,-,D,-,D,-,-,-,-,G,-,-,-,G,-,-,-,-,-,-,-,-,-,-,-,-,-,-,-,-,-,G,G,E,D,417,C.s19c.52
-,-,-,-,A,-,A,-,-,-,-,M,-,-,-,M,-,-,-,-,-,-,-,-,-,-,-,-,-,-,-,-,-,M,M,S,A,418,C.s19c.53
-,-,-,-,G,-,G,-,-,-,-,-,-,-,-,K,-,-,-,-,-,-,-,-,-,-,-,-,-,-,-,-,-,K,K,Q,G,419,C.s19c.54
-,-,-,-,E,-,E,-,-,-,-,-,-,-,-,-,-,-,-,-,-,-,-,-,-,-,-,-,-,-,-,-,-,D,D,K,E,420,C.s19c.55
-,-,-,-,Y,-,Y,-,-,-,-,-,-,-,-,-,-,-,-,-,-,-,-,-,-,-,-,-,-,-,-,-,-,D,D,A,A,421,C.s19c.56
-,-,-,-,K,-,K,-,-,-,-,-,-,-,-,-,-,-,-,-,-,-,-,-,-,-,-,-,-,-,-,-,-,K,D,V,E,422,C.s19c.57
-,-,-,-,E,-,E,-,-,-,-,-,-,-,-,-,-,-,-,-,-,-,-,-,-,-,-,-,-,-,-,-,-,E,Y,E,E,423,C.s19c.58
-,-,-,-,-,-,-,-,-,-,-,-,-,-,-,-,-,-,-,-,-,-,-,-,-,-,-,-,-,-,-,-,-,E,D,A,G,424,C.s19c.59
-,-,-,-,-,-,-,-,-,-,-,-,-,-,-,-,-,-,-,-,-,-,-,-,-,-,-,-,-,-,-,-,-,E,D,-,K,425,C.s19c.60
-,-,-,-,-,-,-,-,-,-,-,-,-,-,-,-,-,-,-,-,-,-,-,-,-,-,-,-,-,-,-,-,-,E,Q,E,R,426,C.s19c.61
-,-,-,-,-,-,-,-,-,-,-,-,-,-,-,-,-,-,-,-,-,-,-,-,-,-,-,-,-,-,-,-,-,D,L,G,D,427,C.s19c.62
-,-,-,-,-,-,-,-,-,-,-,-,-,-,-,-,-,-,-,-,-,-,-,-,-,-,-,-,-,-,-,-,-,G,C,D,K,428,C.s19c.63
-,-,-,-,-,-,-,-,-,-,-,-,-,-,-,-,-,-,-,-,-,-,-,-,-,-,-,-,-,-,-,-,-,T,-,E,N,429,C.s19c.64
-,-,-,-,-,-,-,-,-,-,-,-,-,-,-,-,-,-,-,-,-,-,-,-,-,-,-,-,-,-,-,-,-,G,-,G,D,430,C.s19c.65
-,-,-,-,-,-,-,-,-,-,-,-,-,-,-,-,-,-,-,-,-,-,-,-,-,-,-,-,-,-,-,-,-,S,-,S,V,431,C.s19c.66
-,-,-,-,-,-,-,-,-,-,-,-,-,-,-,-,-,-,-,-,-,-,-,-,-,-,-,-,-,-,-,-,-,P,-,-,D,432,C.s19c.67
-,-,-,-,-,-,-,-,-,-,-,-,-,-,-,-,-,-,-,-,-,-,-,-,-,-,-,-,-,-,-,-,-,Q,-,-,E,433,C.s19c.68
-,-,-,-,-,-,-,-,-,-,-,-,-,-,-,-,-,-,-,-,-,-,-,-,-,-,-,-,-,-,-,-,-,L,-,-,-,434,C.s19c.69
-,-,-,-,-,-,-,-,-,-,-,-,-,-,-,-,-,-,-,-,-,-,-,-,-,-,-,-,-,-,-,-,-,N,-,-,-,435,C.s19c.70
-,-,-,-,-,-,-,-,-,-,-,-,-,-,-,-,-,-,-,-,-,-,-,-,-,-,-,-,-,-,-,-,-,N,-,-,-,436,C.s19c.71
-,-,-,-,-,-,-,-,-,-,-,-,-,-,-,-,-,-,-,-,-,-,-,-,-,-,-,-,-,-,-,-,-,R,-,-,-,437,C.s19c.72
