,TargetId,Accession,Protein-Name,Entry-Name,FamilyId,Family-Name,Ligand-type,Primary-transducer,Secondary-transducer,Primary-effectors,Secondary-effectors
0,1.0,P08908,5-HT1A receptor,5ht1a_human,1.0,5-Hydroxytryptamine receptors,Aminergic,Gi/Go family,,Adenylate cyclase inhibition,Phospholipase C stimulation
1,2.0,P28222,5-HT1B receptor,5ht1b_human,1.0,5-Hydroxytryptamine receptors,Aminergic,Gi/Go family,None,Adenylate cyclase inhibition,None
2,3.0,P28221,5-HT1D receptor,5ht1d_human,1.0,5-Hydroxytryptamine receptors,Aminergic,Gi/Go family,None,Adenylate cyclase inhibition,None
3,4.0,P28566,5-ht1e receptor,5ht1e_human,1.0,5-Hydroxytryptamine receptors,Aminergic,Gi/Go family,None,Adenylate cyclase inhibition,None
4,5.0,P30939,5-HT1F receptor,5ht1f_human,1.0,5-Hydroxytryptamine receptors,Aminergic,Gi/Go family,None,Adenylate cyclase inhibition,None
5,6.0,P28223,5-HT2A receptor,5ht2a_human,1.0,5-Hydroxytryptamine receptors,Aminergic,Gq/G11 family,Gi/Go family,Phospholipase C stimulation,Adenylate cyclase inhibition
6,7.0,P41595,5-HT2B receptor,5ht2b_human,1.0,5-Hydroxytryptamine receptors,Aminergic,Gq/G11 family,None,,None
7,8.0,P28335,5-HT2C receptor,5ht2c_human,1.0,5-Hydroxytryptamine receptors,Aminergic,Gq/G11 family,Gi/Go family,Phospholipase C stimulation,Adenylate cyclase inhibition
8,9.0,Q13639,5-HT4 receptor,5ht4r_human,1.0,5-Hydroxytryptamine receptors,Aminergic,Gs family,G12/G13 family,"Adenylate cyclase stimulation, Calcium channel, Other - See Comments",Other - See Comments
9,10.0,P47898,5-ht5a receptor,5ht5a_human,1.0,5-Hydroxytryptamine receptors,Aminergic,Gi/Go family,Gq/G11 family,Adenylate cyclase inhibition,Phospholipase C stimulation
10,11.0,P50406,5-HT6 receptor,5ht6r_human,1.0,5-Hydroxytryptamine receptors,Aminergic,Gs family,Gq/G11 family,Adenylate cyclase stimulation,Phospholipase C stimulation
11,12.0,P34969,5-HT7 receptor,5ht7r_human,1.0,5-Hydroxytryptamine receptors,Aminergic,Gs family,None,Adenylate cyclase stimulation,None
12,13.0,P11229,M1 receptor,acm1_human,2.0,Acetylcholine receptors (muscarinic),Aminergic,Gq/G11 family,None,Phospholipase C stimulation,None
13,14.0,P08172,M2 receptor,acm2_human,2.0,Acetylcholine receptors (muscarinic),Aminergic,Gi/Go family,"Gs family, Gq/G11 family",Adenylate cyclase inhibition,"Adenylate cyclase stimulation, Phospholipase C stimulation"
14,15.0,P20309,M3 receptor,acm3_human,2.0,Acetylcholine receptors (muscarinic),Aminergic,Gq/G11 family,None,Phospholipase C stimulation,None
15,16.0,P08173,M4 receptor,acm4_human,2.0,Acetylcholine receptors (muscarinic),Aminergic,Gi/Go family,None,Adenylate cyclase inhibition,None
16,17.0,P08912,M5 receptor,acm5_human,2.0,Acetylcholine receptors (muscarinic),Aminergic,Gq/G11 family,None,Phospholipase C stimulation,None
17,18.0,P30542,A1 receptor,aa1r_human,3.0,Adenosine receptors,Nucleotide,Gi/Go family,"Gs family, Gq/G11 family",Adenylate cyclase inhibition,"Adenylate cyclase stimulation, Phospholipase C stimulation"
18,19.0,P29274,A2A receptor,aa2ar_human,3.0,Adenosine receptors,Nucleotide,Gs family,Gq/G11 family,Adenylate cyclase stimulation,"Adenylate cyclase stimulation, Phospholipase C stimulation"
19,20.0,P29275,A2B receptor,aa2br_human,3.0,Adenosine receptors,Nucleotide,Gs family,Gq/G11 family,Adenylate cyclase stimulation,Phospholipase C stimulation
20,21.0,P0DMS8,A3 receptor,aa3r_human,3.0,Adenosine receptors,Nucleotide,Gi/Go family,Gi/Go family,Adenylate cyclase inhibition,Phospholipase C stimulation
21,22.0,P35348,alpha1A-adrenoceptor,ada1a_human,4.0,Adrenoceptors,Aminergic,Gq/G11 family,G12/G13 family,"Phospholipase C stimulation, Calcium channel, Other - See Comments","Phospholipase A2 stimulation, Phospholipase D stimulation, Other - See Comments"
22,23.0,P35368,alpha1B-adrenoceptor,ada1b_human,4.0,Adrenoceptors,Aminergic,Gq/G11 family,,"Phospholipase C stimulation, Calcium channel, Other - See Comments","Phospholipase D stimulation, Other - See Comments"
23,24.0,P25100,alpha1D-adrenoceptor,ada1d_human,4.0,Adrenoceptors,Aminergic,Gq/G11 family,,"Phospholipase C stimulation, Calcium channel, Other - See Comments","Phospholipase D stimulation, Other - See Comments"
24,25.0,P08913,alpha2A-adrenoceptor,ada2a_human,4.0,Adrenoceptors,Aminergic,Gi/Go family,Gs family,"Adenylate cyclase inhibition, Potassium channel, Calcium channel, Phospholipase A2 stimulation",Adenylate cyclase stimulation
25,26.0,P18089,alpha2B-adrenoceptor,ada2b_human,4.0,Adrenoceptors,Aminergic,Gi/Go family,Gs family,"Adenylate cyclase inhibition, Potassium channel, Calcium channel",Adenylate cyclase stimulation
26,27.0,P18825,alpha2C-adrenoceptor,ada2c_human,4.0,Adrenoceptors,Aminergic,Gi/Go family,Gs family,"Adenylate cyclase inhibition, Potassium channel, Calcium channel",Adenylate cyclase stimulation
27,28.0,P08588,beta1-adrenoceptor,adrb1_human,4.0,Adrenoceptors,Aminergic,Gs family,Gi/Go family,Adenylate cyclase stimulation,Guanylate cyclase stimulation
28,29.0,P07550,beta2-adrenoceptor,adrb2_human,4.0,Adrenoceptors,Aminergic,Gs family,Gi/Go family,Adenylate cyclase stimulation,Guanylate cyclase stimulation
29,30.0,P13945,beta3-adrenoceptor,adrb3_human,4.0,Adrenoceptors,Aminergic,Gs family,Gi/Go family,Adenylate cyclase stimulation,"Adenylate cyclase inhibition, Guanylate cyclase stimulation"
30,31.0,Q16581,C3a receptor,c3ar_human,5.0,Complement peptide receptors,Peptide,G protein (identity unknown),,Other - See Comments,
31,32.0,P21730,C5a1 receptor,c5ar1_human,5.0,Complement peptide receptors,Peptide,"Gi/Go family, G protein (identity unknown)",Gq/G11 family,"Phospholipase C stimulation, Other - See Comments",Phospholipase C stimulation
32,33.0,Q9P296,C5a2 receptor,c5ar2_human,5.0,Complement peptide receptors,Peptide,_-arrestin,None,Other - See Comments,None
33,34.0,P30556,AT1 receptor,agtr1_human,6.0,Angiotensin receptors,Peptide,"Gi/Go family, Gq/G11 family",None,"Adenylate cyclase inhibition, Phospholipase C stimulation, Calcium channel, Phospholipase A2 stimulation, Phospholipase D stimulation, Other - See Comments",None
34,35.0,P50052,AT2 receptor,agtr2_human,6.0,Angiotensin receptors,Peptide,Gi/Go family,Gi/Go family,"Phospholipase A2 stimulation, Other - See Comments",Other - See Comments
35,36.0,P35414,apelin receptor,apj_human,7.0,Apelin receptor,Peptide,Gi/Go family,None,Adenylate cyclase inhibition,None
36,37.0,Q8TDU6,GPBA receptor,gpbar_human,8.0,Bile acid receptor,Steroid,Gs family,None,Adenylate cyclase stimulation,None
37,38.0,P28336,BB1 receptor,nmbr_human,9.0,Bombesin receptors,Peptide,Gq/G11 family,None,Phospholipase C stimulation,None
38,39.0,P30550,BB2 receptor,grpr_human,9.0,Bombesin receptors,Peptide,Gq/G11 family,G protein (identity unknown),"Phospholipase C stimulation, Phospholipase A2 stimulation, Phospholipase D stimulation","Adenylate cyclase stimulation, Phospholipase A2 stimulation, Phospholipase D stimulation"
39,40.0,P32247,BB3 receptor,brs3_human,9.0,Bombesin receptors,Peptide,Gq/G11 family,G protein (identity unknown),"Phospholipase C stimulation, Phospholipase D stimulation, Other - See Comments",Other - See Comments
40,41.0,P46663,B1 receptor,bkrb1_human,10.0,Bradykinin receptors,Peptide,"Gi/Go family, Gq/G11 family",None,"Adenylate cyclase inhibition, Phospholipase C stimulation",None
41,42.0,P30411,B2 receptor,bkrb2_human,10.0,Bradykinin receptors,Peptide,"Gs family, Gi/Go family, Gq/G11 family",None,"Adenylate cyclase inhibition, Phospholipase C stimulation, Phospholipase A2 stimulation",None
42,56.0,P21554,CB1 receptor,cnr1_human,13.0,Cannabinoid receptors,Lipid,Gi/Go family,Gs family,"Adenylate cyclase inhibition, Potassium channel, Calcium channel, Other - See Comments",Adenylate cyclase stimulation
43,57.0,P34972,CB2 receptor,cnr2_human,13.0,Cannabinoid receptors,Lipid,Gi/Go family,Gs family,"Adenylate cyclase inhibition, Other - See Comments",Adenylate cyclase stimulation
44,58.0,P32246,CCR1,ccr1_human,14.0,Chemokine receptors,Protein,Gi/Go family,Gi/Go family,Calcium channel,Phospholipase C stimulation
45,59.0,P41597,CCR2,ccr2_human,14.0,Chemokine receptors,Protein,Gi/Go family,None,,None
46,60.0,P51677,CCR3,ccr3_human,14.0,Chemokine receptors,Protein,Gi/Go family,None,Calcium channel,None
47,61.0,P51679,CCR4,ccr4_human,14.0,Chemokine receptors,Protein,Gi/Go family,None,Calcium channel,None
48,62.0,P51681,CCR5,ccr5_human,14.0,Chemokine receptors,Protein,Gi/Go family,Gi/Go family,Calcium channel,Adenylate cyclase inhibition
49,63.0,P51684,CCR6,ccr6_human,14.0,Chemokine receptors,Protein,Gi/Go family,None,Calcium channel,None
50,64.0,P32248,CCR7,ccr7_human,14.0,Chemokine receptors,Protein,Gi/Go family,Gi/Go family,Calcium channel,Other - See Comments
51,65.0,P51685,CCR8,ccr8_human,14.0,Chemokine receptors,Protein,Gi/Go family,None,Calcium channel,None
52,66.0,P51686,CCR9,ccr9_human,14.0,Chemokine receptors,Protein,Gi/Go family,None,Calcium channel,None
53,67.0,P46092,CCR10,ccr10_human,14.0,Chemokine receptors,Protein,Gi/Go family,None,Calcium channel,None
54,68.0,P25024,CXCR1,cxcr1_human,14.0,Chemokine receptors,Protein,Gi/Go family,Gq/G11 family,"Adenylate cyclase inhibition, Calcium channel","Calcium channel, Phospholipase D stimulation, Other - See Comments"
55,69.0,P25025,CXCR2,cxcr2_human,14.0,Chemokine receptors,Protein,Gi/Go family,,"Adenylate cyclase inhibition, Calcium channel","Calcium channel, Other - See Comments"
56,70.0,P49682,CXCR3,cxcr3_human,14.0,Chemokine receptors,Protein,Gi/Go family,None,Calcium channel,None
57,71.0,P61073,CXCR4,cxcr4_human,14.0,Chemokine receptors,Protein,Gi/Go family,None,Calcium channel,None
58,72.0,P32302,CXCR5,cxcr5_human,14.0,Chemokine receptors,Protein,Gi/Go family,Gi/Go family,Calcium channel,Other - See Comments
59,73.0,O00574,CXCR6,cxcr6_human,14.0,Chemokine receptors,Protein,Gi/Go family,None,,None
60,74.0,P49238,CX3CR1,cx3c1_human,14.0,Chemokine receptors,Protein,Gi/Go family,None,Calcium channel,None
61,75.0,P46094,XCR1,xcr1_human,14.0,Chemokine receptors,Protein,Gi/Go family,None,Calcium channel,None
62,76.0,P32238,CCK1 receptor,cckar_human,15.0,Cholecystokinin receptors,Peptide,Gq/G11 family,Gs family,Phospholipase C stimulation,Adenylate cyclase stimulation
63,77.0,P32239,CCK2 receptor,gasr_human,15.0,Cholecystokinin receptors,Peptide,Gq/G11 family,None,Phospholipase C stimulation,None
64,78.0,O00421,CCRL2,ccrl2_human,14.0,Chemokine receptors,Protein,None,None,None,None
65,79.0,Q99788,chemerin receptor,cml1_human,338.0,Chemerin receptor,Protein,Gi/Go family,None,Adenylate cyclase inhibition,None
66,80.0,P25106,ACKR3,ackr3_human,14.0,Chemokine receptors,Protein,None,None,None,None
67,81.0,P32249,GPR183,gp183_human,16.0,Class A Orphans,Orphan,Gi/Go family,None,Adenylate cyclase inhibition,None
68,82.0,P46091,GPR1,gpr1_human,16.0,Class A Orphans,Orphan,None,None,None,None
69,83.0,P46089,GPR3,gpr3_human,16.0,Class A Orphans,Orphan,Gs family,None,Adenylate cyclase stimulation,None
70,84.0,P46093,GPR4,gpr4_human,16.0,Class A Orphans,Orphan,"Gs family, Gi/Go family, Gq/G11 family, G12/G13 family",None,"Adenylate cyclase stimulation, Phospholipase C stimulation",None
71,85.0,P46095,GPR6,gpr6_human,16.0,Class A Orphans,Orphan,"Gs family, Gi/Go family",None,"Adenylate cyclase stimulation, Adenylate cyclase inhibition",None
72,86.0,P47775,GPR12,gpr12_human,16.0,Class A Orphans,Orphan,"Gs family, Gi/Go family",None,"Adenylate cyclase stimulation, Adenylate cyclase inhibition",None
73,87.0,P49685,GPR15,gpr15_human,16.0,Class A Orphans,Orphan,None,None,None,None
74,88.0,Q13304,GPR17,gpr17_human,16.0,Class A Orphans,Orphan,Gi/Go family,Gq/G11 family,Adenylate cyclase inhibition,Phospholipase C stimulation
75,89.0,Q14330,GPR18,gpr18_human,114.0,"GPR18, GPR55 and GPR119",Lipid,"Gi/Go family, Gq/G11 family",None,,None
76,90.0,Q15760,GPR19,gpr19_human,16.0,Class A Orphans,Orphan,None,None,None,None
77,91.0,Q99678,GPR20,gpr20_human,16.0,Class A Orphans,Orphan,Gi/Go family,None,Adenylate cyclase inhibition,None
78,92.0,Q99679,GPR21,gpr21_human,16.0,Class A Orphans,Orphan,Gq/G11 family,None,,None
79,93.0,Q99680,GPR22,gpr22_human,16.0,Class A Orphans,Orphan,Gi/Go family,None,Adenylate cyclase inhibition,None
80,94.0,Q99677,LPA4 receptor,lpar4_human,36.0,Lysophospholipid (LPA) receptors,Lipid,"Gs family, Gi/Go family, Gq/G11 family, G12/G13 family",None,Adenylate cyclase stimulation,None
81,95.0,O00155,GPR25,gpr25_human,16.0,Class A Orphans,Orphan,None,None,None,None
82,96.0,Q8NDV2,GPR26,gpr26_human,16.0,Class A Orphans,Orphan,Gs family,None,Adenylate cyclase stimulation,None
83,97.0,Q9NS67,GPR27,gpr27_human,16.0,Class A Orphans,Orphan,Gq/G11 family,None,Phospholipase C stimulation,None
84,98.0,O00270,GPR31,gpr31_human,16.0,Class A Orphans,Orphan,Gi/Go family,None,,None
85,99.0,O75388,GPR32,gpr32_human,16.0,Class A Orphans,Orphan,None,None,None,None
86,100.0,Q49SQ1,GPR33,gpr33_human,16.0,Class A Orphans,Orphan,Gi/Go family,None,Adenylate cyclase inhibition,None
87,101.0,Q9UPC5,GPR34,gpr34_human,16.0,Class A Orphans,Orphan,Gi/Go family,None,Phospholipase A2 stimulation,None
88,102.0,Q9HC97,GPR35,gpr35_human,16.0,Class A Orphans,Orphan,None,None,None,None
89,103.0,O15354,GPR37,gpr37_human,16.0,Class A Orphans,Orphan,Gi/Go family,None,Adenylate cyclase inhibition,None
90,104.0,O60883,GPR37L1,etbr2_human,16.0,Class A Orphans,Orphan,Gi/Go family,None,Adenylate cyclase inhibition,None
91,105.0,O43194,GPR39,gpr39_human,16.0,Class A Orphans,Orphan,Gq/G11 family,"Gs family, G12/G13 family",Phospholipase C stimulation,Adenylate cyclase stimulation
92,106.0,Q9Y5Y3,GPR45,gpr45_human,16.0,Class A Orphans,Orphan,None,None,None,None
93,107.0,Q13585,GPR50,mtr1l_human,16.0,Class A Orphans,Orphan,None,None,None,None
94,108.0,Q9Y2T5,GPR52,gpr52_human,16.0,Class A Orphans,Orphan,None,None,None,None
95,109.0,Q9Y2T6,GPR55,gpr55_human,114.0,"GPR18, GPR55 and GPR119",Lipid,"Gq/G11 family, G12/G13 family",,"Phospholipase C stimulation, Other - See Comments",Phospholipase C stimulation
96,110.0,Q9BZJ8,GPR61,gpr61_human,16.0,Class A Orphans,Orphan,Gs family,None,,None
97,111.0,Q9BZJ7,GPR62,gpr62_human,16.0,Class A Orphans,Orphan,None,None,None,None
98,112.0,Q9BZJ6,GPR63,gpr63_human,16.0,Class A Orphans,Orphan,None,None,None,None
99,113.0,Q8IYL9,GPR65,psyr_human,16.0,Class A Orphans,Orphan,Gs family,None,Adenylate cyclase stimulation,None
100,114.0,Q15743,GPR68,ogr1_human,16.0,Class A Orphans,Orphan,"Gi/Go family, Gq/G11 family",None,"Adenylate cyclase inhibition, Phospholipase C stimulation",None
101,115.0,O95800,GPR75,gpr75_human,16.0,Class A Orphans,Orphan,Gq/G11 family,None,Phospholipase C stimulation,None
102,116.0,Q96P69,GPR78,gpr78_human,16.0,Class A Orphans,Orphan,Gs family,None,Adenylate cyclase stimulation,None
103,118.0,Q96P67,GPR82,gpr82_human,16.0,Class A Orphans,Orphan,None,None,None,None
104,119.0,Q9NYM4,GPR83,gpr83_human,16.0,Class A Orphans,Orphan,None,None,None,None
105,120.0,Q9NQS5,GPR84,gpr84_human,16.0,Class A Orphans,Orphan,Gi/Go family,None,,None
106,121.0,P60893,GPR85,gpr85_human,16.0,Class A Orphans,Orphan,None,None,None,None
107,122.0,Q9BY21,GPR87,gpr87_human,16.0,Class A Orphans,Orphan,None,None,None,None
108,123.0,Q9GZN0,GPR88,gpr88_human,16.0,Class A Orphans,Orphan,None,None,None,None
109,124.0,Q9H1C0,LPA5 receptor,lpar5_human,36.0,Lysophospholipid (LPA) receptors,Lipid,"Gq/G11 family, G12/G13 family",None,Other - See Comments,None
110,125.0,Q96P66,GPR101,gp101_human,16.0,Class A Orphans,Orphan,Gs family,None,Adenylate cyclase stimulation,None
111,126.0,Q8TDV5,GPR119,gp119_human,114.0,"GPR18, GPR55 and GPR119",Lipid,Gs family,None,Adenylate cyclase stimulation,None
112,127.0,Q5NUL3,FFA4 receptor,ffar4_human,24.0,Free fatty acid receptors,Lipid,Gq/G11 family,None,,None
113,128.0,Q9UNW8,GPR132,gp132_human,16.0,Class A Orphans,Orphan,Gs family,None,Other - See Comments,None
114,129.0,Q8IZ08,GPR135,gp135_human,16.0,Class A Orphans,Orphan,None,None,None,None
115,130.0,Q6DWJ6,GPR139,gp139_human,16.0,Class A Orphans,Orphan,Gq/G11 family,None,Other - See Comments,None
116,131.0,Q7Z602,GPR141,gp141_human,16.0,Class A Orphans,Orphan,None,None,None,None
117,132.0,Q7Z601,GPR142,gp142_human,16.0,Class A Orphans,Orphan,None,None,None,None
118,133.0,Q96CH1,GPR146,gp146_human,16.0,Class A Orphans,Orphan,None,None,None,None
119,134.0,Q8TDV2,GPR148,gp148_human,16.0,Class A Orphans,Orphan,None,None,None,None
120,135.0,Q86SP6,GPR149,gp149_human,16.0,Class A Orphans,Orphan,None,None,None,None
121,136.0,Q8NGU9,GPR150,gp150_human,16.0,Class A Orphans,Orphan,None,None,None,None
122,137.0,Q8TDV0,GPR151,gp151_human,16.0,Class A Orphans,Orphan,None,None,None,None
123,138.0,Q8TDT2,GPR152,gp152_human,16.0,Class A Orphans,Orphan,None,None,None,None
124,139.0,Q6NV75,GPR153,gp153_human,16.0,Class A Orphans,Orphan,None,None,None,None
125,140.0,Q9UJ42,GPR160,gp160_human,16.0,Class A Orphans,Orphan,None,None,None,None
126,141.0,Q8N6U8,GPR161,gp161_human,16.0,Class A Orphans,Orphan,None,None,None,None
127,142.0,Q16538,GPR162,gp162_human,16.0,Class A Orphans,Orphan,None,None,None,None
128,143.0,O14626,GPR171,gp171_human,16.0,Class A Orphans,Orphan,None,None,None,None
129,144.0,Q9NS66,GPR173,gp173_human,16.0,Class A Orphans,Orphan,None,None,None,None
130,145.0,Q9BXC1,GPR174,gp174_human,16.0,Class A Orphans,Orphan,None,None,None,None
131,146.0,O15218,GPR182,gp182_human,16.0,Class A Orphans,Orphan,None,None,None,None
132,147.0,Q9BXB1,LGR4,lgr4_human,16.0,Class A Orphans,Orphan,None,None,Adenylate cyclase inhibition,None
133,148.0,O75473,LGR5,lgr5_human,16.0,Class A Orphans,Orphan,None,None,None,None
134,149.0,Q9HBX8,LGR6,lgr6_human,16.0,Class A Orphans,Orphan,None,None,None,None
135,150.0,P04201,MAS1,mas_human,16.0,Class A Orphans,Orphan,"Gi/Go family, Gq/G11 family",None,"Phospholipase C stimulation, Other - See Comments",None
136,151.0,P35410,MAS1L,mas1l_human,16.0,Class A Orphans,Orphan,None,None,None,None
137,152.0,Q8TDS7,MRGPRD,mrgrd_human,16.0,Class A Orphans,Orphan,"Gi/Go family, Gq/G11 family",None,"Adenylate cyclase inhibition, Phospholipase C stimulation",None
138,153.0,Q86SM8,MRGPRE,mrgre_human,16.0,Class A Orphans,Orphan,None,None,None,None
139,154.0,Q96AM1,MRGPRF,mrgrf_human,16.0,Class A Orphans,Orphan,None,None,None,None
140,155.0,Q86SM5,MRGPRG,mrgrg_human,16.0,Class A Orphans,Orphan,None,None,None,None
141,156.0,Q96LB2,MRGPRX1,mrgx1_human,16.0,Class A Orphans,Orphan,Gq/G11 family,None,Phospholipase C stimulation,None
142,157.0,Q96LB1,MRGPRX2,mrgx2_human,16.0,Class A Orphans,Orphan,"Gi/Go family, Gq/G11 family",None,"Adenylate cyclase inhibition, Phospholipase C stimulation",None
143,158.0,Q96LB0,MRGPRX3,mrgx3_human,16.0,Class A Orphans,Orphan,Gq/G11 family,None,Phospholipase C stimulation,None
144,159.0,Q96LA9,MRGPRX4,mrgx4_human,16.0,Class A Orphans,Orphan,Gq/G11 family,None,Phospholipase C stimulation,None
145,160.0,Q9H1Y3,Opsin-3,opn3_human,16.0,Class A Orphans,Sensory,None,None,None,None
146,161.0,Q6U736,Opsin-5,opn5_human,16.0,Class A Orphans,Sensory,Gi/Go family,None,,None
147,162.0,Q96P68,oxoglutarate receptor,oxgr1_human,447.0,Oxoglutarate receptor,Alicarboxylic-acid,Gq/G11 family,None,Phospholipase C stimulation,None
148,163.0,P43657,LPA6 receptor,lpar6_human,36.0,Lysophospholipid (LPA) receptors,Lipid,"Gs family, Gi/Go family, G12/G13 family",None,"Adenylate cyclase stimulation, Phospholipase C stimulation, Other - See Comments",None
149,164.0,Q86VZ1,P2RY8,p2ry8_human,16.0,Class A Orphans,Orphan,None,None,None,None
150,165.0,O00398,P2RY10,p2y10_human,16.0,Class A Orphans,Orphan,None,None,None,None
151,166.0,Q9BXA5,succinate receptor,sucr1_human,446.0,Succinate receptor,Alicarboxylic-acid,"Gi/Go family, Gq/G11 family",None,"Adenylate cyclase inhibition, Phospholipase C stimulation",None
152,214.0,P21728,D1 receptor,drd1_human,20.0,Dopamine receptors,Aminergic,Gs family,Gs family,Adenylate cyclase stimulation,"Calcium channel, Other - See Comments"
153,215.0,P14416,D2 receptor,drd2_human,20.0,Dopamine receptors,Aminergic,"Gi/Go family, G protein independent mechanism",,"Adenylate cyclase inhibition, Other - See Comments","Potassium channel, Other - See Comments"
154,216.0,P35462,D3 receptor,drd3_human,20.0,Dopamine receptors,Aminergic,Gi/Go family,None,"Adenylate cyclase inhibition, Potassium channel",None
155,217.0,P21917,D4 receptor,drd4_human,20.0,Dopamine receptors,Aminergic,Gi/Go family,None,Adenylate cyclase inhibition,None
156,218.0,P21918,D5 receptor,drd5_human,20.0,Dopamine receptors,Aminergic,Gs family,None,Adenylate cyclase stimulation,None
157,219.0,P25101,ETA receptor,ednra_human,21.0,Endothelin receptors,Peptide,Gq/G11 family,None,"Phospholipase C stimulation, Phospholipase A2 stimulation, Phospholipase D stimulation",None
158,220.0,P24530,ETB receptor,ednrb_human,21.0,Endothelin receptors,Peptide,"Gs family, Gi/Go family, Gq/G11 family",None,"Phospholipase C stimulation, Phospholipase A2 stimulation, Phospholipase D stimulation",None
159,221.0,Q99527,GPER,gper1_human,22.0,G protein-coupled estrogen receptor,Steroid,Gi/Go family,Gs family,Phospholipase C stimulation,Adenylate cyclase stimulation
160,222.0,P21462,FPR1,fpr1_human,23.0,Formylpeptide receptors,Peptide,Gi/Go family,,"Adenylate cyclase inhibition, Phospholipase C stimulation, Phospholipase A2 stimulation, Phospholipase D stimulation",Calcium channel
161,223.0,P25090,FPR2/ALX,fpr2_human,23.0,Formylpeptide receptors,Peptide,Gi/Go family,Gq/G11 family,"Phospholipase C stimulation, Phospholipase A2 stimulation, Phospholipase D stimulation","Phospholipase C stimulation, Phospholipase A2 stimulation, Phospholipase D stimulation, Other - See Comments"
162,224.0,P25089,FPR3,fpr3_human,23.0,Formylpeptide receptors,Peptide,Gi/Go family,,Phospholipase A2 stimulation,
163,225.0,O14842,FFA1 receptor,ffar1_human,24.0,Free fatty acid receptors,Lipid,Gq/G11 family,"Gs family, Gi/Go family","Adenylate cyclase inhibition, Phospholipase C stimulation","Adenylate cyclase stimulation, Phospholipase C stimulation, Phospholipase A2 stimulation"
164,226.0,O15552,FFA2 receptor,ffar2_human,24.0,Free fatty acid receptors,Lipid,Gq/G11 family,Gi/Go family,Phospholipase C stimulation,Adenylate cyclase inhibition
165,227.0,O14843,FFA3 receptor,ffar3_human,24.0,Free fatty acid receptors,Lipid,Gi/Go family,None,Adenylate cyclase inhibition,None
166,228.0,O15529,GPR42,gpr42_human,16.0,Class A Orphans,Lipid,None,None,,None
167,243.0,P47211,GAL1 receptor,galr1_human,27.0,Galanin receptors,Peptide,Gi/Go family,None,"Adenylate cyclase inhibition, Potassium channel",None
168,244.0,O43603,GAL2 receptor,galr2_human,27.0,Galanin receptors,Peptide,Gq/G11 family,"Gi/Go family, G12/G13 family",Phospholipase C stimulation,"Adenylate cyclase inhibition, Other - See Comments"
169,245.0,O60755,GAL3 receptor,galr3_human,27.0,Galanin receptors,Peptide,Gi/Go family,None,"Adenylate cyclase inhibition, Potassium channel",None
170,246.0,Q92847,ghrelin receptor,ghsr_human,28.0,Ghrelin receptor,Peptide,Gq/G11 family,"Gi/Go family, G12/G13 family, G protein independent mechanism",Phospholipase C stimulation,Other - See Comments
171,253.0,P23945,FSH receptor,fshr_human,30.0,Glycoprotein hormone receptors,Protein,Gs family,None,Adenylate cyclase stimulation,None
172,254.0,P22888,LH receptor,lshr_human,30.0,Glycoprotein hormone receptors,Protein,Gs family,Gq/G11 family,Adenylate cyclase stimulation,Phospholipase C stimulation
173,255.0,P16473,TSH receptor,tshr_human,30.0,Glycoprotein hormone receptors,Protein,Gs family,Gq/G11 family,Adenylate cyclase stimulation,Phospholipase C stimulation
174,256.0,P30968,GnRH1 receptor,gnrhr_human,31.0,Gonadotrophin-releasing hormone receptors,Peptide,Gq/G11 family,Gi/Go family,Phospholipase C stimulation,Other - See Comments
175,257.0,Q96P88,GnRH2 receptor,gnrr2_human,31.0,Gonadotrophin-releasing hormone receptors,Peptide,None,None,None,None
176,262.0,P35367,H1 receptor,hrh1_human,33.0,Histamine receptors,Aminergic,Gq/G11 family,Gq/G11 family,Adenylate cyclase stimulation,Phospholipase C stimulation
177,263.0,P25021,H2 receptor,hrh2_human,33.0,Histamine receptors,Aminergic,Gq/G11 family,Gs family,Phospholipase C stimulation,Adenylate cyclase stimulation
178,264.0,Q9Y5N1,H3 receptor,hrh3_human,33.0,Histamine receptors,Aminergic,Gi/Go family,None,Adenylate cyclase inhibition,None
179,265.0,Q9H3N8,H4 receptor,hrh4_human,33.0,Histamine receptors,Aminergic,Gi/Go family,None,Phospholipase C stimulation,None
180,266.0,Q969F8,kisspeptin receptor,kissr_human,34.0,Kisspeptin receptor,Peptide,Gq/G11 family,None,Phospholipase C stimulation,None
181,267.0,Q15722,BLT1 receptor,lt4r1_human,35.0,Leukotriene receptors,Lipid,"Gi/Go family, Gq/G11 family",None,"Adenylate cyclase inhibition, Phospholipase C stimulation, Other - See Comments",None
182,268.0,Q9NPC1,BLT2 receptor,lt4r2_human,35.0,Leukotriene receptors,Lipid,Gi/Go family,Gq/G11 family,Adenylate cyclase inhibition,Phospholipase C stimulation
183,269.0,Q9Y271,CysLT1 receptor,cltr1_human,35.0,Leukotriene receptors,Lipid,Gq/G11 family,Gi/Go family,Phospholipase C stimulation,Phospholipase C stimulation
184,270.0,Q9NS75,CysLT2 receptor,cltr2_human,35.0,Leukotriene receptors,Lipid,Gq/G11 family,Gi/Go family,Phospholipase C stimulation,Other - See Comments
185,271.0,Q8TDS5,OXE receptor,oxer1_human,35.0,Leukotriene receptors,Lipid,Gi/Go family,Gi/Go family,Phospholipase C stimulation,"Adenylate cyclase inhibition, Phospholipase A2 stimulation, Other - See Comments"
186,272.0,Q92633,LPA1 receptor,lpar1_human,36.0,Lysophospholipid (LPA) receptors,Lipid,"Gi/Go family, Gq/G11 family, G12/G13 family",None,"Adenylate cyclase inhibition, Phospholipase C stimulation, Phospholipase A2 stimulation, Other - See Comments",None
187,273.0,Q9HBW0,LPA2 receptor,lpar2_human,36.0,Lysophospholipid (LPA) receptors,Lipid,"Gi/Go family, Gq/G11 family, G12/G13 family","Gi/Go family, Gq/G11 family, G12/G13 family","Adenylate cyclase inhibition, Phospholipase A2 stimulation",
188,274.0,Q9UBY5,LPA3 receptor,lpar3_human,36.0,Lysophospholipid (LPA) receptors,Lipid,"Gi/Go family, Gq/G11 family",None,"Adenylate cyclase inhibition, Phospholipase A2 stimulation",None
189,275.0,P21453,S1P1 receptor,s1pr1_human,135.0,Lysophospholipid (S1P) receptors,Lipid,Gi/Go family,None,"Adenylate cyclase inhibition, Phospholipase C stimulation, Calcium channel, Phospholipase D stimulation, Other - See Comments",None
190,276.0,O95136,S1P2 receptor,s1pr2_human,135.0,Lysophospholipid (S1P) receptors,Lipid,"Gs family, Gq/G11 family, G12/G13 family",None,"Adenylate cyclase stimulation, Phospholipase C stimulation, Calcium channel",None
191,277.0,Q99500,S1P3 receptor,s1pr3_human,135.0,Lysophospholipid (S1P) receptors,Lipid,"Gi/Go family, Gq/G11 family, G12/G13 family",None,"Adenylate cyclase inhibition, Phospholipase C stimulation",None
192,278.0,O95977,S1P4 receptor,s1pr4_human,135.0,Lysophospholipid (S1P) receptors,Lipid,"Gi/Go family, G12/G13 family",None,Adenylate cyclase inhibition,None
193,279.0,Q9H228,S1P5 receptor,s1pr5_human,135.0,Lysophospholipid (S1P) receptors,Lipid,"Gi/Go family, G12/G13 family",None,Adenylate cyclase inhibition,None
194,280.0,Q99705,MCH1 receptor,mchr1_human,37.0,Melanin-concentrating hormone receptors,Peptide,"Gs family, Gi/Go family, Gq/G11 family",None,"Adenylate cyclase inhibition, Phospholipase C stimulation",None
195,281.0,Q969V1,MCH2 receptor,mchr2_human,37.0,Melanin-concentrating hormone receptors,Peptide,Gq/G11 family,None,"Adenylate cyclase inhibition, Phospholipase C stimulation",None
196,282.0,Q01726,MC1 receptor,mshr_human,38.0,Melanocortin receptors,Peptide,Gs family,G protein (identity unknown),Adenylate cyclase stimulation,Other - See Comments
197,283.0,Q01718,MC2 receptor,acthr_human,38.0,Melanocortin receptors,Peptide,Gs family,G protein (identity unknown),Adenylate cyclase stimulation,Calcium channel
198,284.0,P41968,MC3 receptor,mc3r_human,38.0,Melanocortin receptors,Peptide,Gs family,G protein (identity unknown),Adenylate cyclase stimulation,Other - See Comments
199,285.0,P32245,MC4 receptor,mc4r_human,38.0,Melanocortin receptors,Peptide,Gs family,G protein (identity unknown),Adenylate cyclase stimulation,Other - See Comments
200,286.0,P33032,MC5 receptor,mc5r_human,38.0,Melanocortin receptors,Peptide,Gs family,G protein (identity unknown),Adenylate cyclase stimulation,Other - See Comments
201,287.0,P48039,MT1 receptor,mtr1a_human,39.0,Melatonin receptors,Melatonin,Gi/Go family,Gq/G11 family,Adenylate cyclase inhibition,"Phospholipase C stimulation, Potassium channel, Calcium channel"
202,288.0,P49286,MT2 receptor,mtr1b_human,39.0,Melatonin receptors,Melatonin,Gi/Go family,,"Adenylate cyclase inhibition, Phospholipase C stimulation",Other - See Comments
203,297.0,O43193,motilin receptor,mtlr_human,41.0,Motilin receptor,Peptide,"Gq/G11 family, G12/G13 family",None,Phospholipase C stimulation,None
204,298.0,Q9HB89,NMU1 receptor,nmur1_human,42.0,Neuromedin U receptors,Peptide,Gq/G11 family,None,Phospholipase C stimulation,None
205,299.0,Q9GZQ4,NMU2 receptor,nmur2_human,42.0,Neuromedin U receptors,Peptide,Gq/G11 family,None,Phospholipase C stimulation,None
206,300.0,Q9GZQ6,NPFF1 receptor,npff1_human,43.0,Neuropeptide FF/neuropeptide AF receptors,Peptide,Gi/Go family,None,"Adenylate cyclase inhibition, Calcium channel, Other - See Comments",None
207,301.0,Q9Y5X5,NPFF2 receptor,npff2_human,43.0,Neuropeptide FF/neuropeptide AF receptors,Peptide,Gi/Go family,None,"Adenylate cyclase inhibition, Calcium channel, Other - See Comments",None
208,302.0,Q6W5P4,NPS receptor,npsr1_human,44.0,Neuropeptide S receptor,Peptide,Gq/G11 family,Gs family,Phospholipase C stimulation,Adenylate cyclase stimulation
209,303.0,P48145,NPBW1 receptor,npbw1_human,45.0,Neuropeptide W/neuropeptide B receptors,Peptide,Gi/Go family,None,Adenylate cyclase inhibition,None
210,304.0,P48146,NPBW2 receptor,npbw2_human,45.0,Neuropeptide W/neuropeptide B receptors,Peptide,Gi/Go family,None,Adenylate cyclase inhibition,None
211,305.0,P25929,Y1 receptor,npy1r_human,46.0,Neuropeptide Y receptors,Peptide,Gi/Go family,None,Adenylate cyclase inhibition,None
212,306.0,P49146,Y2 receptor,npy2r_human,46.0,Neuropeptide Y receptors,Peptide,Gi/Go family,Gq/G11 family,"Adenylate cyclase inhibition, Calcium channel",Phospholipase C stimulation
213,307.0,P50391,Y4 receptor,npy4r_human,46.0,Neuropeptide Y receptors,Peptide,Gi/Go family,Gq/G11 family,Adenylate cyclase inhibition,Phospholipase C stimulation
214,308.0,Q15761,Y5 receptor,npy5r_human,46.0,Neuropeptide Y receptors,Peptide,Gi/Go family,None,Adenylate cyclase inhibition,None
215,309.0,P30989,NTS1 receptor,ntr1_human,47.0,Neurotensin receptors,Peptide,Gq/G11 family,"Gs family, Gi/Go family",Phospholipase C stimulation,"Adenylate cyclase stimulation, Adenylate cyclase inhibition, Guanylate cyclase stimulation, Other - See Comments"
216,310.0,O95665,NTS2 receptor,ntr2_human,47.0,Neurotensin receptors,Peptide,Gq/G11 family,,Phospholipase C stimulation,
217,311.0,Q9BXC0,HCA1 receptor,hcar1_human,48.0,Hydroxycarboxylic acid receptors,Alicarboxylic-acid,Gi/Go family,None,,None
218,312.0,Q8TDS4,HCA2 receptor,hcar2_human,48.0,Hydroxycarboxylic acid receptors,Alicarboxylic-acid,Gi/Go family,None,"Adenylate cyclase inhibition, Phospholipase A2 stimulation",None
219,313.0,P49019,HCA3 receptor,hcar3_human,48.0,Hydroxycarboxylic acid receptors,Alicarboxylic-acid,Gi/Go family,None,"Adenylate cyclase inhibition, Other - See Comments",None
220,314.0,O00590,ACKR2,ackr2_human,14.0,Chemokine receptors,Protein,Arrestin,None,None,None
221,315.0,Q9NPB9,ACKR4,ackr4_human,14.0,Chemokine receptors,Protein,None,None,None,None
222,316.0,Q16570,ACKR1,ackr1_human,14.0,Chemokine receptors,Protein,None,None,None,None
223,317.0,P41143,delta receptor,oprd_human,50.0,Opioid receptors,Peptide,Gi/Go family,None,"Adenylate cyclase inhibition, Phospholipase C stimulation, Potassium channel, Calcium channel, Other - See Comments",None
224,318.0,P41145,kappa receptor,oprk_human,50.0,Opioid receptors,Peptide,Gi/Go family,"Gi/Go family, G12/G13 family","Adenylate cyclase inhibition, Potassium channel, Calcium channel","Adenylate cyclase inhibition, Phospholipase C stimulation, Other - See Comments"
225,319.0,P35372,mu receptor,oprm_human,50.0,Opioid receptors,Peptide,Gi/Go family,Gq/G11 family,"Adenylate cyclase stimulation, Adenylate cyclase inhibition, Phospholipase C stimulation, Potassium channel, Calcium channel, Phospholipase A2 stimulation, Phospholipase D stimulation, Other - See Comments",Phospholipase C stimulation
226,320.0,P41146,NOP receptor,oprx_human,50.0,Opioid receptors,Peptide,Gi/Go family,Gi/Go family,"Adenylate cyclase inhibition, Potassium channel, Calcium channel, Other - See Comments",Adenylate cyclase inhibition
227,321.0,O43613,OX1 receptor,ox1r_human,51.0,Orexin receptors,Peptide,"Gs family, Gi/Go family, Gq/G11 family, G protein (identity unknown)",None,"Adenylate cyclase stimulation, Adenylate cyclase inhibition, Phospholipase C stimulation, Phospholipase A2 stimulation, Other - See Comments",None
228,322.0,O43614,OX2 receptor,ox2r_human,51.0,Orexin receptors,Peptide,"Gs family, Gi/Go family, Gq/G11 family, G protein (identity unknown)",None,"Adenylate cyclase stimulation, Adenylate cyclase inhibition, Phospholipase C stimulation, Other - See Comments",None
229,323.0,P47900,P2Y1 receptor,p2ry1_human,52.0,P2Y receptors,Nucleotide,Gq/G11 family,Gi/Go family,Phospholipase C stimulation,Potassium channel
230,324.0,P41231,P2Y2 receptor,p2ry2_human,52.0,P2Y receptors,Nucleotide,Gq/G11 family,"Gi/Go family, G12/G13 family",Phospholipase C stimulation,Other - See Comments
231,325.0,P51582,P2Y4 receptor,p2ry4_human,52.0,P2Y receptors,Nucleotide,Gq/G11 family,,Phospholipase C stimulation,Phospholipase A2 stimulation
232,326.0,Q15077,P2Y6 receptor,p2ry6_human,52.0,P2Y receptors,Nucleotide,Gq/G11 family,G12/G13 family,Phospholipase C stimulation,Other - See Comments
233,327.0,Q96G91,P2Y11 receptor,p2y11_human,52.0,P2Y receptors,Nucleotide,Gq/G11 family,Gs family,Phospholipase C stimulation,Adenylate cyclase stimulation
234,328.0,Q9H244,P2Y12 receptor,p2y12_human,52.0,P2Y receptors,Nucleotide,Gi/Go family,,Adenylate cyclase inhibition,"Adenylate cyclase inhibition, Other - See Comments"
235,329.0,Q9BPV8,P2Y13 receptor,p2y13_human,52.0,P2Y receptors,Nucleotide,Gi/Go family,,Adenylate cyclase inhibition,Other - See Comments
236,330.0,Q15391,P2Y14 receptor,p2y14_human,52.0,P2Y receptors,Nucleotide,Gi/Go family,Gi/Go family,Adenylate cyclase inhibition,Phospholipase C stimulation
237,333.0,Q96P65,QRFP receptor,qrfpr_human,54.0,QRFP receptor,Peptide,"Gi/Go family, Gq/G11 family",None,"Adenylate cyclase inhibition, Phospholipase C stimulation",None
238,334.0,P25105,PAF receptor,ptafr_human,55.0,Platelet-activating factor receptor,Lipid,"Gi/Go family, Gq/G11 family, G protein independent mechanism",None,"Adenylate cyclase stimulation, Other - See Comments",None
239,335.0,Q8TCW9,PKR1,pkr1_human,56.0,Prokineticin receptors,Protein,Gq/G11 family,Gs family,Phospholipase C stimulation,Adenylate cyclase stimulation
240,336.0,Q8NFJ6,PKR2,pkr2_human,56.0,Prokineticin receptors,Protein,Gq/G11 family,"Gs family, Gi/Go family",Phospholipase C stimulation,"Adenylate cyclase stimulation, Other - See Comments"
241,337.0,P49683,PrRP receptor,prlhr_human,57.0,Prolactin-releasing peptide receptor,Peptide,Gq/G11 family,None,None,None
242,338.0,Q13258,DP1 receptor,pd2r_human,58.0,Prostanoid receptors,Lipid,Gs family,None,Adenylate cyclase stimulation,None
243,339.0,Q9Y5Y4,DP2 receptor,pd2r2_human,58.0,Prostanoid receptors,Lipid,Gi/Go family,None,Adenylate cyclase inhibition,None
244,340.0,P34995,EP1 receptor,pe2r1_human,58.0,Prostanoid receptors,Lipid,Gq/G11 family,Gi/Go family,Other - See Comments,Adenylate cyclase inhibition
245,341.0,P43116,EP2 receptor,pe2r2_human,58.0,Prostanoid receptors,Lipid,Gs family,None,Adenylate cyclase stimulation,None
246,342.0,P43115,EP3 receptor,pe2r3_human,58.0,Prostanoid receptors,Lipid,Gi/Go family,Gq/G11 family,Adenylate cyclase inhibition,Phospholipase C stimulation
247,343.0,P35408,EP4 receptor,pe2r4_human,58.0,Prostanoid receptors,Lipid,Gs family,Gi/Go family,Adenylate cyclase stimulation,Other - See Comments
248,344.0,P43088,FP receptor,pf2r_human,58.0,Prostanoid receptors,Lipid,Gq/G11 family,Gs family,Phospholipase C stimulation,
249,345.0,P43119,IP receptor,pi2r_human,58.0,Prostanoid receptors,Lipid,Gs family,"Gi/Go family, Gq/G11 family",Adenylate cyclase stimulation,"Adenylate cyclase inhibition, Phospholipase C stimulation"
250,346.0,P21731,TP receptor,ta2r_human,58.0,Prostanoid receptors,Lipid,Gq/G11 family,None,Phospholipase C stimulation,None
251,347.0,P25116,PAR1,par1_human,59.0,Proteinase-activated receptors,Peptide,"Gi/Go family, Gq/G11 family, G12/G13 family",None,None,None
252,348.0,P55085,PAR2,par2_human,59.0,Proteinase-activated receptors,Peptide,"Gi/Go family, Gq/G11 family",None,None,None
253,349.0,O00254,PAR3,par3_human,59.0,Proteinase-activated receptors,Peptide,None,None,None,None
254,350.0,Q96RI0,PAR4,par4_human,59.0,Proteinase-activated receptors,Peptide,"Gi/Go family, Gq/G11 family",None,None,None
255,351.0,Q9HBX9,RXFP1 receptor,rxfp1_human,60.0,Relaxin family peptide receptors,Peptide,"Gs family, Gi/Go family","Gs family, Gi/Go family","Adenylate cyclase stimulation, Adenylate cyclase inhibition","Guanylate cyclase stimulation, Other - See Comments"
256,352.0,Q8WXD0,RXFP2 receptor,rxfp2_human,60.0,Relaxin family peptide receptors,Peptide,"Gs family, Gi/Go family",None,"Adenylate cyclase stimulation, Adenylate cyclase inhibition",None
257,353.0,Q9NSD7,RXFP3 receptor,rl3r1_human,60.0,Relaxin family peptide receptors,Peptide,Gi/Go family,None,"Adenylate cyclase inhibition, Other - See Comments",None
258,354.0,Q8TDU9,RXFP4 receptor,rl3r2_human,60.0,Relaxin family peptide receptors,Peptide,Gi/Go family,Gi/Go family,Adenylate cyclase inhibition,"Calcium channel, Other - See Comments"
259,355.0,P30872,sst1 receptor,ssr1_human,61.0,Somatostatin receptors,Peptide,Gi/Go family,G protein (identity unknown),Adenylate cyclase inhibition,Other - See Comments
260,356.0,P30874,sst2 receptor,ssr2_human,61.0,Somatostatin receptors,Peptide,"Gi/Go family, G protein independent mechanism, G protein (identity unknown)","Gi/Go family, Gq/G11 family, G protein independent mechanism, G protein (identity unknown)","Adenylate cyclase inhibition, Potassium channel, Calcium channel, Other - See Comments","Adenylate cyclase stimulation, Phospholipase C stimulation, Potassium channel, Calcium channel, Phospholipase D stimulation, Other - See Comments"
261,357.0,P32745,sst3 receptor,ssr3_human,61.0,Somatostatin receptors,Peptide,Gi/Go family,"Gq/G11 family, G protein (identity unknown)",Adenylate cyclase inhibition,Phospholipase C stimulation
262,358.0,P31391,sst4 receptor,ssr4_human,61.0,Somatostatin receptors,Peptide,Gi/Go family,"Gi/Go family, G protein (identity unknown)",Adenylate cyclase inhibition,"Potassium channel, Calcium channel, Other - See Comments"
263,359.0,P35346,sst5 receptor,ssr5_human,61.0,Somatostatin receptors,Peptide,Gi/Go family,"Gi/Go family, Gq/G11 family",Adenylate cyclase inhibition,"Phospholipase C stimulation, Potassium channel, Calcium channel"
264,360.0,P25103,NK1 receptor,nk1r_human,62.0,Tachykinin receptors,Peptide,"Gs family, Gq/G11 family",None,"Adenylate cyclase stimulation, Phospholipase C stimulation",None
265,361.0,P21452,NK2 receptor,nk2r_human,62.0,Tachykinin receptors,Peptide,"Gs family, Gq/G11 family",None,"Adenylate cyclase stimulation, Phospholipase C stimulation",None
266,362.0,P29371,NK3 receptor,nk3r_human,62.0,Tachykinin receptors,Peptide,Gq/G11 family,None,Phospholipase C stimulation,None
267,363.0,P34981,TRH1 receptor,trfr_human,63.0,Thyrotropin-releasing hormone receptors,Peptide,Gq/G11 family,None,Phospholipase C stimulation,None
268,364.0,Q96RJ0,TA1 receptor,taar1_human,64.0,Trace amine receptor,Aminergic,Gs family,Gq/G11 family,Adenylate cyclase stimulation,
269,365.0,Q9UKP6,UT receptor,ur2r_human,65.0,Urotensin receptor,Peptide,Gq/G11 family,None,Phospholipase C stimulation,None
270,366.0,P37288,V1A receptor,v1ar_human,66.0,Vasopressin and oxytocin receptors,Peptide,Gq/G11 family,None,Phospholipase C stimulation,None
271,367.0,P47901,V1B receptor,v1br_human,66.0,Vasopressin and oxytocin receptors,Peptide,Gq/G11 family,None,Phospholipase C stimulation,None
272,368.0,P30518,V2 receptor,v2r_human,66.0,Vasopressin and oxytocin receptors,Peptide,Gs family,None,Adenylate cyclase stimulation,None
273,369.0,P30559,OT receptor,oxyr_human,66.0,Vasopressin and oxytocin receptors,Peptide,Gq/G11 family,Gi/Go family,Phospholipase C stimulation,Adenylate cyclase inhibition
274,637.0,Q14439,GPR176,gp176_human,16.0,Class A Orphans,Orphan,None,None,None,None
275,683.0,Q99463,y6 receptor,npy6r_human,46.0,Neuropeptide Y receptors,Peptide,Gi/Go family,None,None,None
276,2758.0,Q9UHM6,Melanopsin,opn4_human,16.0,Class A Orphans,Sensory,"Gi/Go family, Gq/G11 family",None,"Adenylate cyclase inhibition, Phospholipase C stimulation",None
277,43.0,P30988,CT receptor,calcr_human,11.0,Calcitonin receptors,Peptide,Gs family,Gq/G11 family,Adenylate cyclase stimulation,Phospholipase C stimulation
278,47.0,Q16602,calcitonin receptor-like receptor,calrl_human,11.0,Calcitonin receptors,Peptide,None,None,None,None
279,212.0,P34998,CRF1 receptor,crfr1_human,19.0,Corticotropin-releasing factor receptors,Peptide,Gs family,Gq/G11 family,Adenylate cyclase stimulation,Phospholipase C stimulation
280,213.0,Q13324,CRF2 receptor,crfr2_human,19.0,Corticotropin-releasing factor receptors,Peptide,Gs family,Gq/G11 family,Adenylate cyclase stimulation,Phospholipase C stimulation
281,247.0,Q02643,GHRH receptor,ghrhr_human,29.0,Glucagon receptor family,Peptide,Gs family,None,"Adenylate cyclase stimulation, Calcium channel",None
282,248.0,P48546,GIP receptor,gipr_human,29.0,Glucagon receptor family,Peptide,Gs family,,Adenylate cyclase stimulation,Phospholipase A2 stimulation
283,249.0,P43220,GLP-1 receptor,glp1r_human,29.0,Glucagon receptor family,Peptide,Gs family,None,Adenylate cyclase stimulation,None
284,250.0,O95838,GLP-2 receptor,glp2r_human,29.0,Glucagon receptor family,Peptide,None,None,Adenylate cyclase stimulation,None
285,251.0,P47871,glucagon receptor,glr_human,29.0,Glucagon receptor family,Peptide,Gs family,None,Adenylate cyclase stimulation,None
286,252.0,P47872,secretin receptor,sctr_human,29.0,Glucagon receptor family,Peptide,None,None,"Adenylate cyclase stimulation, Calcium channel",None
287,331.0,Q03431,PTH1 receptor,pth1r_human,53.0,Parathyroid hormone receptors,Peptide,Gs family,Gq/G11 family,Adenylate cyclase stimulation,Phospholipase C stimulation
288,332.0,P49190,PTH2 receptor,pth2r_human,53.0,Parathyroid hormone receptors,Peptide,"Gs family, Gq/G11 family",None,None,None
289,370.0,P41586,PAC1 receptor,pacr_human,67.0,VIP and PACAP receptors,Peptide,Gs family,G protein (identity unknown),Adenylate cyclase stimulation,Phospholipase C stimulation
290,371.0,P32241,VPAC1 receptor,vipr1_human,67.0,VIP and PACAP receptors,Peptide,Gs family,"Gi/Go family, Gq/G11 family, G protein (identity unknown)",Adenylate cyclase stimulation,"Phospholipase C stimulation, Phospholipase D stimulation"
291,372.0,P41587,VPAC2 receptor,vipr2_human,67.0,VIP and PACAP receptors,Peptide,Gs family,G protein (identity unknown),Adenylate cyclase stimulation,"Phospholipase C stimulation, Phospholipase D stimulation"
292,54.0,P41180,CaS receptor,casr_human,12.0,Calcium-sensing receptors,Ion,"Gi/Go family, Gq/G11 family, G12/G13 family","Gq/G11 family, G protein (identity unknown)","Adenylate cyclase inhibition, Phospholipase C stimulation, Phospholipase D stimulation","Adenylate cyclase stimulation, Potassium channel, Phospholipase A2 stimulation, Phospholipase D stimulation, Other - See Comments"
293,55.0,Q5T6X5,GPRC6 receptor,gpc6a_human,12.0,Calcium-sensing receptors,Ion,Gq/G11 family,None,Phospholipase C stimulation,None
294,240.0,Q9UBS5,GABAB1,gabr1_human,26.0,GABAB receptors,Amino Acid,None,None,None,None
295,241.0,O75899,GABAB2,gabr2_human,26.0,GABAB receptors,Amino Acid,None,None,None,None
296,289.0,Q13255,mGlu1 receptor,grm1_human,40.0,Metabotropic glutamate receptors,Amino Acid,Gq/G11 family,"Gs family, Gi/Go family, G protein independent mechanism",Phospholipase C stimulation,"Adenylate cyclase stimulation, Adenylate cyclase inhibition, Phospholipase A2 stimulation, Phospholipase D stimulation, Other - See Comments"
297,290.0,Q14416,mGlu2 receptor,grm2_human,40.0,Metabotropic glutamate receptors,Amino Acid,Gi/Go family,None,"Adenylate cyclase inhibition, Potassium channel",None
298,291.0,Q14832,mGlu3 receptor,grm3_human,40.0,Metabotropic glutamate receptors,Amino Acid,Gi/Go family,None,"Adenylate cyclase inhibition, Potassium channel, Calcium channel",None
299,292.0,Q14833,mGlu4 receptor,grm4_human,40.0,Metabotropic glutamate receptors,Amino Acid,Gi/Go family,None,Adenylate cyclase inhibition,None
300,293.0,P41594,mGlu5 receptor,grm5_human,40.0,Metabotropic glutamate receptors,Amino Acid,Gq/G11 family,"Gs family, Gi/Go family",Phospholipase C stimulation,"Adenylate cyclase stimulation, Potassium channel, Calcium channel, Phospholipase A2 stimulation, Phospholipase D stimulation, Other - See Comments"
301,294.0,O15303,mGlu6 receptor,grm6_human,40.0,Metabotropic glutamate receptors,Amino Acid,Gi/Go family,Gi/Go family,Other - See Comments,Adenylate cyclase inhibition
302,295.0,Q14831,mGlu7 receptor,grm7_human,40.0,Metabotropic glutamate receptors,Amino Acid,Gi/Go family,Gi/Go family,"Adenylate cyclase inhibition, Calcium channel",Phospholipase C stimulation
303,296.0,O00222,mGlu8 receptor,grm8_human,40.0,Metabotropic glutamate receptors,Amino Acid,Gi/Go family,None,Adenylate cyclase inhibition,None
304,656.0,Q7RTX1,TAS1R1,ts1r1_human,116.0,Taste 1 receptors,Sensory,None,None,None,None
305,657.0,Q8TE23,TAS1R2,ts1r2_human,116.0,Taste 1 receptors,Sensory,None,None,None,None
306,658.0,Q7RTX0,TAS1R3,ts1r3_human,116.0,Taste 1 receptors,Sensory,None,None,None,None
307,261.0,Q9NZD1,GPRC5D,gpc5d_human,18.0,Class C Orphans,Orphan,None,None,None,None
308,209.0,Q8NFN8,GPR156,gp156_human,18.0,Class C Orphans,Orphan,None,None,None,None
309,210.0,Q5T848,GPR158,gp158_human,18.0,Class C Orphans,Orphan,None,None,None,None
310,211.0,Q6PRD1,GPR179,gp179_human,18.0,Class C Orphans,Orphan,None,None,None,None
311,258.0,Q8NFJ5,GPRC5A,rai3_human,18.0,Class C Orphans,Orphan,None,None,None,None
312,259.0,Q9NZH0,GPRC5B,gpc5b_human,18.0,Class C Orphans,Orphan,None,None,None,None
313,260.0,Q9NQ84,GPRC5C,gpc5c_human,18.0,Class C Orphans,Orphan,None,None,None,None
314,230.0,Q14332,FZD2,fzd2_human,25.0,Class Frizzled GPCRs,Protein,"Gi/Go family, G protein (identity unknown)",None,"Calcium channel, Other - See Comments",None
315,229.0,Q9UP38,FZD1,fzd1_human,25.0,Class Frizzled GPCRs,Protein,None,"Gi/Go family, Gq/G11 family",Other - See Comments,"Phospholipase C stimulation, Other - See Comments"
316,231.0,Q9NPG1,FZD3,fzd3_human,25.0,Class Frizzled GPCRs,Protein,"Gs family, G protein (identity unknown)",None,,None
317,232.0,Q9ULV1,FZD4,fzd4_human,25.0,Class Frizzled GPCRs,Protein,G12/G13 family,None,,None
318,233.0,Q13467,FZD5,fzd5_human,25.0,Class Frizzled GPCRs,Protein,None,None,None,
319,234.0,O60353,FZD6,fzd6_human,25.0,Class Frizzled GPCRs,Protein,"Gi/Go family, Gq/G11 family, G protein independent mechanism",Gi/Go family,,Other - See Comments
320,235.0,O75084,FZD7,fzd7_human,25.0,Class Frizzled GPCRs,Protein,"Gs family, Gi/Go family",,,Other - See Comments
321,236.0,Q9H461,FZD8,fzd8_human,25.0,Class Frizzled GPCRs,Protein,G protein (identity unknown),None,Other - See Comments,None
322,237.0,O00144,FZD9,fzd9_human,25.0,Class Frizzled GPCRs,Protein,None,None,None,None
323,238.0,Q9ULW2,FZD10,fzd10_human,25.0,Class Frizzled GPCRs,Protein,None,None,None,
324,239.0,Q99835,SMO,smo_human,25.0,Class Frizzled GPCRs,Protein,"Gi/Go family, G12/G13 family",,,Phospholipase A2 stimulation
325,664.0,Q9NYW2,TAS2R8,ta2r8_human,117.0,Taste 2 receptors,Taste,None,None,None,None
326,665.0,Q9NYW1,TAS2R9,ta2r9_human,117.0,Taste 2 receptors,Taste,None,None,None,None
327,666.0,Q9NYW0,TAS2R10,t2r10_human,117.0,Taste 2 receptors,Taste,None,None,None,None
328,667.0,Q9NYV9,TAS2R13,t2r13_human,117.0,Taste 2 receptors,Taste,None,None,None,None
329,662.0,Q9NYW4,TAS2R5,ta2r5_human,117.0,Taste 2 receptors,Taste,None,None,None,None
330,663.0,Q9NYW3,TAS2R7,ta2r7_human,117.0,Taste 2 receptors,Taste,None,None,None,None
331,659.0,Q9NYW7,TAS2R1,ta2r1_human,117.0,Taste 2 receptors,Taste,None,None,None,None
332,660.0,Q9NYW6,TAS2R3,ta2r3_human,117.0,Taste 2 receptors,Taste,None,None,None,None
333,661.0,Q9NYW5,TAS2R4,ta2r4_human,117.0,Taste 2 receptors,Taste,None,None,None,None
334,668.0,Q9NYV8,TAS2R14,t2r14_human,117.0,Taste 2 receptors,Taste,None,None,None,None
335,669.0,Q9NYV7,TAS2R16,t2r16_human,117.0,Taste 2 receptors,Taste,None,None,None,None
336,670.0,P59542,TAS2R19,t2r19_human,117.0,Taste 2 receptors,Taste,None,None,None,None
337,671.0,P59543,TAS2R20,t2r20_human,117.0,Taste 2 receptors,Taste,None,None,None,None
338,673.0,P59541,TAS2R30,t2r30_human,117.0,Taste 2 receptors,Taste,None,None,None,None
339,674.0,P59538,TAS2R31,t2r31_human,117.0,Taste 2 receptors,Taste,None,None,None,None
340,682.0,P59533,TAS2R38,t2r38_human,117.0,Taste 2 receptors,Taste,None,None,None,None
341,675.0,P59534,TAS2R39,t2r39_human,117.0,Taste 2 receptors,Taste,None,None,None,None
342,676.0,P59535,TAS2R40,t2r40_human,117.0,Taste 2 receptors,Taste,None,None,None,None
343,680.0,P59536,TAS2R41,t2r41_human,117.0,Taste 2 receptors,Taste,None,None,None,None
344,672.0,Q7RTR8,TAS2R42,t2r42_human,117.0,Taste 2 receptors,Taste,None,None,None,None
345,678.0,P59537,TAS2R43,t2r43_human,117.0,Taste 2 receptors,Taste,None,None,None,None
346,2828.0,P59539,TAS2R45,t2r45_human,117.0,Taste 2 receptors,Taste,None,None,None,None
347,679.0,P59540,TAS2R46,t2r46_human,117.0,Taste 2 receptors,Taste,None,None,None,None
348,677.0,P59544,TAS2R50,t2r50_human,117.0,Taste 2 receptors,Taste,None,None,None,None
349,681.0,P59551,TAS2R60,t2r60_human,117.0,Taste 2 receptors,Taste,None,None,None,None
