"","Domain","GalphaSSE","CGN_pos","GalphaSSE_alternative","SSE_pos","CGN","CGN_new"
"1","G","HN",1,NA,1,"(G).HN.1","(G).HN.1"
"2","G","HN",2,NA,2,"(G).HN.2","(G).HN.2"
"3","G","HN",3,NA,3,"(G).HN.3","(G).HN.3"
"4","G","HN",4,NA,4,"(G).HN.4","(G).HN.4"
"5","G","HN",5,NA,5,"(G).HN.5","(G).HN.5"
"6","G","HN",6,NA,6,"(G).HN.6","(G).HN.6"
"7","G","HN",7,NA,7,"(G).HN.7","(G).HN.7"
"8","G","HN",8,NA,8,"(G).HN.8","(G).HN.8"
"9","G","HN",9,NA,9,"(G).HN.9","(G).HN.9"
"10","G","HN",10,NA,10,"(G).HN.10","(G).HN.10"
"11","G","HN",11,NA,11,"(G).HN.11","(G).HN.11"
"12","G","HN",12,NA,12,"(G).HN.12","(G).HN.12"
"13","G","HN",13,NA,13,"(G).HN.13","(G).HN.13"
"14","G","HN",14,NA,14,"(G).HN.14","(G).HN.14"
"15","G","HN",15,NA,15,"(G).HN.15","(G).HN.15"
"16","G","HN",16,NA,16,"(G).HN.16","(G).HN.16"
"17","G","HN",17,NA,17,"(G).HN.17","(G).HN.17"
"18","G","HN",18,NA,18,"(G).HN.18","(G).HN.18"
"19","G","HN",19,NA,19,"(G).HN.19","(G).HN.19"
"20","G","HN",20,NA,20,"(G).HN.20","(G).HN.20"
"21","G","HN",21,NA,21,"(G).HN.21","(G).HN.21"
"22","G","HN",22,NA,22,"(G).HN.22","(G).HN.22"
"23","G","HN",23,NA,23,"(G).HN.23","(G).HN.23"
"24","G","HN",24,NA,24,"(G).HN.24","(G).HN.24"
"25","G","HN",25,NA,25,"(G).HN.25","(G).HN.25"
"26","G","HN",26,NA,26,"(G).HN.26","(G).HN.26"
"27","G","HN",27,NA,27,"(G).HN.27","(G).HN.27"
"28","G","HN",28,NA,28,"(G).HN.28","(G).HN.28"
"29","G","HN",29,NA,29,"(G).HN.29","(G).HN.29"
"30","G","HN",30,NA,30,"(G).HN.30","(G).HN.30"
"31","G","HN",31,NA,31,"(G).HN.31","(G).HN.31"
"32","G","HN",32,NA,32,"(G).HN.32","(G).HN.32"
"33","G","HN",33,NA,33,"(G).HN.33","(G).HN.33"
"34","G","HN",34,NA,34,"(G).HN.34","(G).HN.34"
"35","G","HN",35,NA,35,"(G).HN.35","(G).HN.35"
"36","G","HN",36,NA,36,"(G).HN.36","(G).HN.36"
"37","G","HN",37,NA,37,"(G).HN.37","(G).HN.37"
"38","G","HN",38,NA,38,"(G).HN.38","(G).HN.38"
"39","G","HN",39,NA,39,"(G).HN.39","(G).HN.39"
"40","G","HN",40,NA,40,"(G).HN.40","(G).HN.40"
"41","G","HN",41,NA,41,"(G).HN.41","(G).HN.41"
"42","G","HN",42,NA,42,"(G).HN.42","(G).HN.42"
"43","G","HN",43,NA,43,"(G).HN.43","(G).HN.43"
"44","G","HN",44,NA,44,"(G).HN.44","(G).HN.44"
"45","G","HN",45,NA,45,"(G).HN.45","(G).HN.45"
"46","G","HN",46,NA,46,"(G).HN.46","(G).HN.46"
"47","G","HN",47,NA,47,"(G).HN.47","(G).HN.47"
"48","G","HN",48,NA,48,"(G).HN.48","(G).HN.48"
"49","G","HN",49,NA,49,"(G).HN.49","(G).HN.49"
"50","G","HN",50,NA,50,"(G).HN.50","(G).HN.50"
"51","G","HN",51,NA,51,"(G).HN.51","(G).HN.51"
"52","G","HN",52,NA,52,"(G).HN.52","(G).HN.52"
"53","G","HN",53,NA,53,"(G).HN.53","(G).HN.53"
"54","G","hns1",54,NA,1,"(G).hn-s1.54","(G).hns1.1"
"55","G","hns1",55,NA,2,"(G).hn-s1.55","(G).hns1.2"
"56","G","hns1",56,NA,3,"(G).hn-s1.56","(G).hns1.3"
"57","G","S1",57,S1,1,"(G).S1.57","(G).S1.1"
"58","G","S1",58,S1,2,"(G).S1.58","(G).S1.2"
"59","G","S1",59,S1,3,"(G).S1.59","(G).S1.3"
"60","G","S1",60,S1,4,"(G).S1.60","(G).S1.4"
"61","G","S1",61,S1,5,"(G).S1.61","(G).S1.5"
"62","G","S1",62,S1,6,"(G).S1.62","(G).S1.6"
"63","G","S1",63,S1,7,"(G).S1.63","(G).S1.7"
"64","G","s1h1",64,P-loop,1,"(G).s1-h1.64","(G).s1h1.1"
"65","G","s1h1",65,P-loop,2,"(G).s1-h1.65","(G).s1h1.2"
"66","G","s1h1",66,P-loop,3,"(G).s1-h1.66","(G).s1h1.3"
"67","G","s1h1",67,P-loop,4,"(G).s1-h1.67","(G).s1h1.4"
"68","G","s1h1",68,P-loop,5,"(G).s1-h1.68","(G).s1h1.5"
"69","G","s1h1",69,P-loop,6,"(G).s1-h1.69","(G).s1h1.6"
"70","G","H1",70,NA,1,"(G).H1.70","(G).H1.1"
"71","G","H1",71,NA,2,"(G).H1.71","(G).H1.2"
"72","G","H1",72,NA,3,"(G).H1.72","(G).H1.3"
"73","G","H1",73,NA,4,"(G).H1.73","(G).H1.4"
"74","G","H1",74,NA,5,"(G).H1.74","(G).H1.5"
"75","G","H1",75,NA,6,"(G).H1.75","(G).H1.6"
"76","G","H1",76,NA,7,"(G).H1.76","(G).H1.7"
"77","G","H1",77,NA,8,"(G).H1.77","(G).H1.8"
"78","G","H1",78,NA,9,"(G).H1.78","(G).H1.9"
"79","G","H1",79,NA,10,"(G).H1.79","(G).H1.10"
"80","G","H1",80,NA,11,"(G).H1.80","(G).H1.11"
"81","G","H1",81,NA,12,"(G).H1.81","(G).H1.12"
"82","G","h1ha",82,NA,1,"(G).h1-ha.82","(G).h1ha.1"
"83","G","h1ha",83,NA,2,"(G).h1-ha.83","(G).h1ha.2"
"84","G","h1ha",84,NA,3,"(G).h1-ha.84","(G).h1ha.3"
"85","G","h1ha",85,NA,4,"(G).h1-ha.85","(G).h1ha.4"
"86","G","h1ha",86,NA,5,"(G).h1-ha.86","(G).h1ha.5"
"87","G","h1ha",87,NA,6,"(G).h1-ha.87","(G).h1ha.6"
"88","G","h1ha",88,NA,7,"(G).h1-ha.88","(G).h1ha.7"
"89","G","h1ha",89,NA,8,"(G).h1-ha.89","(G).h1ha.8"
"90","G","h1ha",90,NA,9,"(G).h1-ha.90","(G).h1ha.9"
"91","G","h1ha",91,NA,10,"(G).h1-ha.91","(G).h1ha.10"
"92","G","h1ha",92,NA,11,"(G).h1-ha.92","(G).h1ha.11"
"93","G","h1ha",93,NA,12,"(G).h1-ha.93","(G).h1ha.12"
"94","G","h1ha",94,NA,13,"(G).h1-ha.94","(G).h1ha.13"
"95","G","h1ha",95,NA,14,"(G).h1-ha.95","(G).h1ha.14"
"96","G","h1ha",96,NA,15,"(G).h1-ha.96","(G).h1ha.15"
"97","G","h1ha",97,NA,16,"(G).h1-ha.97","(G).h1ha.16"
"98","G","h1ha",98,NA,17,"(G).h1-ha.98","(G).h1ha.17"
"99","G","h1ha",99,NA,18,"(G).h1-ha.99","(G).h1ha.18"
"100","G","h1ha",100,NA,19,"(G).h1-ha.100","(G).h1ha.19"
"101","G","h1ha",101,NA,20,"(G).h1-ha.101","(G).h1ha.20"
"102","H","HA",102,NA,1,"(H).HA.102","(H).HA.1"
"103","H","HA",103,NA,2,"(H).HA.103","(H).HA.2"
"104","H","HA",104,NA,3,"(H).HA.104","(H).HA.3"
"105","H","HA",105,NA,4,"(H).HA.105","(H).HA.4"
"106","H","HA",106,NA,5,"(H).HA.106","(H).HA.5"
"107","H","HA",107,NA,6,"(H).HA.107","(H).HA.6"
"108","H","HA",108,NA,7,"(H).HA.108","(H).HA.7"
"109","H","HA",109,NA,8,"(H).HA.109","(H).HA.8"
"110","H","HA",110,NA,9,"(H).HA.110","(H).HA.9"
"111","H","HA",111,NA,10,"(H).HA.111","(H).HA.10"
"112","H","HA",112,NA,11,"(H).HA.112","(H).HA.11"
"113","H","HA",113,NA,12,"(H).HA.113","(H).HA.12"
"114","H","HA",114,NA,13,"(H).HA.114","(H).HA.13"
"115","H","HA",115,NA,14,"(H).HA.115","(H).HA.14"
"116","H","HA",116,NA,15,"(H).HA.116","(H).HA.15"
"117","H","HA",117,NA,16,"(H).HA.117","(H).HA.16"
"118","H","HA",118,NA,17,"(H).HA.118","(H).HA.17"
"119","H","HA",119,NA,18,"(H).HA.119","(H).HA.18"
"120","H","HA",120,NA,19,"(H).HA.120","(H).HA.19"
"121","H","HA",121,NA,20,"(H).HA.121","(H).HA.20"
"122","H","HA",122,NA,21,"(H).HA.122","(H).HA.21"
"123","H","HA",123,NA,22,"(H).HA.123","(H).HA.22"
"124","H","HA",124,NA,23,"(H).HA.124","(H).HA.23"
"125","H","HA",125,NA,24,"(H).HA.125","(H).HA.24"
"126","H","HA",126,NA,25,"(H).HA.126","(H).HA.25"
"127","H","HA",127,NA,26,"(H).HA.127","(H).HA.26"
"128","H","HA",128,NA,27,"(H).HA.128","(H).HA.27"
"129","H","HA",129,NA,28,"(H).HA.129","(H).HA.28"
"130","H","HA",130,NA,29,"(H).HA.130","(H).HA.29"
"131","H","hahb",131,NA,1,"(H).ha-hb.131","(H).hahb.1"
"132","H","hahb",132,NA,2,"(H).ha-hb.132","(H).hahb.2"
"133","H","hahb",133,NA,3,"(H).ha-hb.133","(H).hahb.3"
"134","H","hahb",134,NA,4,"(H).ha-hb.134","(H).hahb.4"
"135","H","hahb",135,NA,5,"(H).ha-hb.135","(H).hahb.5"
"136","H","hahb",136,NA,6,"(H).ha-hb.136","(H).hahb.6"
"137","H","hahb",137,NA,7,"(H).ha-hb.137","(H).hahb.7"
"138","H","hahb",138,NA,8,"(H).ha-hb.138","(H).hahb.8"
"139","H","hahb",139,NA,9,"(H).ha-hb.139","(H).hahb.9"
"140","H","hahb",140,NA,10,"(H).ha-hb.140","(H).hahb.10"
"141","H","hahb",141,NA,11,"(H).ha-hb.141","(H).hahb.11"
"142","H","hahb",142,NA,12,"(H).ha-hb.142","(H).hahb.12"
"143","H","hahb",143,NA,13,"(H).ha-hb.143","(H).hahb.13"
"144","H","hahb",144,NA,14,"(H).ha-hb.144","(H).hahb.14"
"145","H","hahb",145,NA,15,"(H).ha-hb.145","(H).hahb.15"
"146","H","hahb",146,NA,16,"(H).ha-hb.146","(H).hahb.16"
"147","H","hahb",147,NA,17,"(H).ha-hb.147","(H).hahb.17"
"148","H","hahb",148,NA,18,"(H).ha-hb.148","(H).hahb.18"
"149","H","hahb",149,NA,19,"(H).ha-hb.149","(H).hahb.19"
"150","H","hahb",150,NA,20,"(H).ha-hb.150","(H).hahb.20"
"151","H","hahb",151,NA,21,"(H).ha-hb.151","(H).hahb.21"
"152","H","hahb",152,NA,22,"(H).ha-hb.152","(H).hahb.22"
"153","H","hahb",153,NA,23,"(H).ha-hb.153","(H).hahb.23"
"154","H","hahb",154,NA,24,"(H).ha-hb.154","(H).hahb.24"
"155","H","hahb",155,NA,25,"(H).ha-hb.155","(H).hahb.25"
"156","H","hahb",156,NA,26,"(H).ha-hb.156","(H).hahb.26"
"157","H","hahb",157,NA,27,"(H).ha-hb.157","(H).hahb.27"
"158","H","hahb",158,NA,28,"(H).ha-hb.158","(H).hahb.28"
"159","H","hahb",159,NA,29,"(H).ha-hb.159","(H).hahb.29"
"160","H","hahb",160,NA,30,"(H).ha-hb.160","(H).hahb.30"
"161","H","hahb",161,NA,31,"(H).ha-hb.161","(H).hahb.31"
"162","H","hahb",162,NA,32,"(H).ha-hb.162","(H).hahb.32"
"163","H","hahb",163,NA,33,"(H).ha-hb.163","(H).hahb.33"
"164","H","hahb",164,NA,34,"(H).ha-hb.164","(H).hahb.34"
"165","H","hahb",165,NA,35,"(H).ha-hb.165","(H).hahb.35"
"166","H","hahb",166,NA,36,"(H).ha-hb.166","(H).hahb.36"
"167","H","hahb",167,NA,37,"(H).ha-hb.167","(H).hahb.37"
"168","H","hahb",168,NA,38,"(H).ha-hb.168","(H).hahb.38"
"169","H","hahb",169,NA,39,"(H).ha-hb.169","(H).hahb.39"
"170","H","hahb",170,NA,40,"(H).ha-hb.170","(H).hahb.40"
"171","H","hahb",171,NA,41,"(H).ha-hb.171","(H).hahb.41"
"172","H","hahb",172,NA,42,"(H).ha-hb.172","(H).hahb.42"
"173","H","hahb",173,NA,43,"(H).ha-hb.173","(H).hahb.43"
"174","H","hahb",174,NA,44,"(H).ha-hb.174","(H).hahb.44"
"175","H","hahb",175,NA,45,"(H).ha-hb.175","(H).hahb.45"
"176","H","hahb",176,NA,46,"(H).ha-hb.176","(H).hahb.46"
"177","H","hahb",177,NA,47,"(H).ha-hb.177","(H).hahb.47"
"178","H","hahb",178,NA,48,"(H).ha-hb.178","(H).hahb.48"
"179","H","hahb",179,NA,49,"(H).ha-hb.179","(H).hahb.49"
"180","H","hahb",180,NA,50,"(H).ha-hb.180","(H).hahb.50"
"181","H","hahb",181,NA,51,"(H).ha-hb.181","(H).hahb.51"
"182","H","hahb",182,NA,52,"(H).ha-hb.182","(H).hahb.52"
"183","H","hahb",183,NA,53,"(H).ha-hb.183","(H).hahb.53"
"184","H","hahb",184,NA,54,"(H).ha-hb.184","(H).hahb.54"
"185","H","hahb",185,NA,55,"(H).ha-hb.185","(H).hahb.55"
"186","H","hahb",186,NA,56,"(H).ha-hb.186","(H).hahb.56"
"187","H","hahb",187,NA,57,"(H).ha-hb.187","(H).hahb.57"
"188","H","hahb",188,NA,58,"(H).ha-hb.188","(H).hahb.58"
"189","H","hahb",189,NA,59,"(H).ha-hb.189","(H).hahb.59"
"190","H","hahb",190,NA,60,"(H).ha-hb.190","(H).hahb.60"
"191","H","hahb",191,NA,61,"(H).ha-hb.191","(H).hahb.61"
"192","H","hahb",192,NA,62,"(H).ha-hb.192","(H).hahb.62"
"193","H","hahb",193,NA,63,"(H).ha-hb.193","(H).hahb.63"
"194","H","hahb",194,NA,64,"(H).ha-hb.194","(H).hahb.64"
"195","H","hahb",195,NA,65,"(H).ha-hb.195","(H).hahb.65"
"196","H","hahb",196,NA,66,"(H).ha-hb.196","(H).hahb.66"
"197","H","hahb",197,NA,67,"(H).ha-hb.197","(H).hahb.67"
"198","H","hahb",198,NA,68,"(H).ha-hb.198","(H).hahb.68"
"199","H","hahb",199,NA,69,"(H).ha-hb.199","(H).hahb.69"
"200","H","hahb",200,NA,70,"(H).ha-hb.200","(H).hahb.70"
"201","H","hahb",201,NA,71,"(H).ha-hb.201","(H).hahb.71"
"202","H","hahb",202,NA,72,"(H).ha-hb.202","(H).hahb.72"
"203","H","hahb",203,NA,73,"(H).ha-hb.203","(H).hahb.73"
"204","H","hahb",204,NA,74,"(H).ha-hb.204","(H).hahb.74"
"205","H","hahb",205,NA,75,"(H).ha-hb.205","(H).hahb.75"
"206","H","hahb",206,NA,76,"(H).ha-hb.206","(H).hahb.76"
"207","H","hahb",207,NA,77,"(H).ha-hb.207","(H).hahb.77"
"208","H","hahb",208,NA,78,"(H).ha-hb.208","(H).hahb.78"
"209","H","HB",209,NA,1,"(H).HB.209","(H).HB.1"
"210","H","HB",210,NA,2,"(H).HB.210","(H).HB.2"
"211","H","HB",211,NA,3,"(H).HB.211","(H).HB.3"
"212","H","HB",212,NA,4,"(H).HB.212","(H).HB.4"
"213","H","HB",213,NA,5,"(H).HB.213","(H).HB.5"
"214","H","HB",214,NA,6,"(H).HB.214","(H).HB.6"
"215","H","HB",215,NA,7,"(H).HB.215","(H).HB.7"
"216","H","HB",216,NA,8,"(H).HB.216","(H).HB.8"
"217","H","HB",217,NA,9,"(H).HB.217","(H).HB.9"
"218","H","HB",218,NA,10,"(H).HB.218","(H).HB.10"
"219","H","HB",219,NA,11,"(H).HB.219","(H).HB.11"
"220","H","HB",220,NA,12,"(H).HB.220","(H).HB.12"
"221","H","HB",221,NA,13,"(H).HB.221","(H).HB.13"
"222","H","HB",222,NA,14,"(H).HB.222","(H).HB.14"
"223","H","hbhc",223,NA,1,"(H).hb-hc.223","(H).hbhc.1"
"224","H","hbhc",224,NA,2,"(H).hb-hc.224","(H).hbhc.2"
"225","H","hbhc",225,NA,3,"(H).hb-hc.225","(H).hbhc.3"
"226","H","hbhc",226,NA,4,"(H).hb-hc.226","(H).hbhc.4"
"227","H","hbhc",227,NA,5,"(H).hb-hc.227","(H).hbhc.5"
"228","H","hbhc",228,NA,6,"(H).hb-hc.228","(H).hbhc.6"
"229","H","hbhc",229,NA,7,"(H).hb-hc.229","(H).hbhc.7"
"230","H","hbhc",230,NA,8,"(H).hb-hc.230","(H).hbhc.8"
"231","H","hbhc",231,NA,9,"(H).hb-hc.231","(H).hbhc.9"
"232","H","hbhc",232,NA,10,"(H).hb-hc.232","(H).hbhc.10"
"233","H","hbhc",233,NA,11,"(H).hb-hc.233","(H).hbhc.11"
"234","H","hbhc",234,NA,12,"(H).hb-hc.234","(H).hbhc.12"
"235","H","hbhc",235,NA,13,"(H).hb-hc.235","(H).hbhc.13"
"236","H","hbhc",236,NA,14,"(H).hb-hc.236","(H).hbhc.14"
"237","H","hbhc",237,NA,15,"(H).hb-hc.237","(H).hbhc.15"
"238","H","hbhc",238,NA,16,"(H).hb-hc.238","(H).hbhc.16"
"239","H","hbhc",239,NA,17,"(H).hb-hc.239","(H).hbhc.17"
"240","H","hbhc",240,NA,18,"(H).hb-hc.240","(H).hbhc.18"
"241","H","hbhc",241,NA,19,"(H).hb-hc.241","(H).hbhc.19"
"242","H","hbhc",242,NA,20,"(H).hb-hc.242","(H).hbhc.20"
"243","H","hbhc",243,NA,21,"(H).hb-hc.243","(H).hbhc.21"
"244","H","hbhc",244,NA,22,"(H).hb-hc.244","(H).hbhc.22"
"245","H","hbhc",245,NA,23,"(H).hb-hc.245","(H).hbhc.23"
"246","H","hbhc",246,NA,24,"(H).hb-hc.246","(H).hbhc.24"
"247","H","hbhc",247,NA,25,"(H).hb-hc.247","(H).hbhc.25"
"248","H","hbhc",248,NA,26,"(H).hb-hc.248","(H).hbhc.26"
"249","H","hbhc",249,NA,27,"(H).hb-hc.249","(H).hbhc.27"
"250","H","hbhc",250,NA,28,"(H).hb-hc.250","(H).hbhc.28"
"251","H","hbhc",251,NA,29,"(H).hb-hc.251","(H).hbhc.29"
"252","H","hbhc",252,NA,30,"(H).hb-hc.252","(H).hbhc.30"
"253","H","hbhc",253,NA,31,"(H).hb-hc.253","(H).hbhc.31"
"254","H","hbhc",254,NA,32,"(H).hb-hc.254","(H).hbhc.32"
"255","H","hbhc",255,NA,33,"(H).hb-hc.255","(H).hbhc.33"
"256","H","hbhc",256,NA,34,"(H).hb-hc.256","(H).hbhc.34"
"257","H","hbhc",257,NA,35,"(H).hb-hc.257","(H).hbhc.35"
"258","H","hbhc",258,NA,36,"(H).hb-hc.258","(H).hbhc.36"
"259","H","hbhc",259,NA,37,"(H).hb-hc.259","(H).hbhc.37"
"260","H","hbhc",260,NA,38,"(H).hb-hc.260","(H).hbhc.38"
"261","H","hbhc",261,NA,39,"(H).hb-hc.261","(H).hbhc.39"
"262","H","hbhc",262,NA,40,"(H).hb-hc.262","(H).hbhc.40"
"263","H","hbhc",263,NA,41,"(H).hb-hc.263","(H).hbhc.41"
"264","H","hbhc",264,NA,42,"(H).hb-hc.264","(H).hbhc.42"
"265","H","hbhc",265,NA,43,"(H).hb-hc.265","(H).hbhc.43"
"266","H","hbhc",266,NA,44,"(H).hb-hc.266","(H).hbhc.44"
"267","H","hbhc",267,NA,45,"(H).hb-hc.267","(H).hbhc.45"
"268","H","hbhc",268,NA,46,"(H).hb-hc.268","(H).hbhc.46"
"269","H","hbhc",269,NA,47,"(H).hb-hc.269","(H).hbhc.47"
"270","H","hbhc",270,NA,48,"(H).hb-hc.270","(H).hbhc.48"
"271","H","hbhc",271,NA,49,"(H).hb-hc.271","(H).hbhc.49"
"272","H","hbhc",272,NA,50,"(H).hb-hc.272","(H).hbhc.50"
"273","H","hbhc",273,NA,51,"(H).hb-hc.273","(H).hbhc.51"
"274","H","hbhc",274,NA,52,"(H).hb-hc.274","(H).hbhc.52"
"275","H","hbhc",275,NA,53,"(H).hb-hc.275","(H).hbhc.53"
"276","H","hbhc",276,NA,54,"(H).hb-hc.276","(H).hbhc.54"
"277","H","hbhc",277,NA,55,"(H).hb-hc.277","(H).hbhc.55"
"278","H","HC",278,NA,1,"(H).HC.278","(H).HC.1"
"279","H","HC",279,NA,2,"(H).HC.279","(H).HC.2"
"280","H","HC",280,NA,3,"(H).HC.280","(H).HC.3"
"281","H","HC",281,NA,4,"(H).HC.281","(H).HC.4"
"282","H","HC",282,NA,5,"(H).HC.282","(H).HC.5"
"283","H","HC",283,NA,6,"(H).HC.283","(H).HC.6"
"284","H","HC",284,NA,7,"(H).HC.284","(H).HC.7"
"285","H","HC",285,NA,8,"(H).HC.285","(H).HC.8"
"286","H","HC",286,NA,9,"(H).HC.286","(H).HC.9"
"287","H","HC",287,NA,10,"(H).HC.287","(H).HC.10"
"288","H","HC",288,NA,11,"(H).HC.288","(H).HC.11"
"289","H","HC",289,NA,12,"(H).HC.289","(H).HC.12"
"290","H","hchd",290,NA,1,"(H).hc-hd.290","(H).hchd.1"
"291","H","hchd",291,NA,2,"(H).hc-hd.291","(H).hchd.2"
"292","H","HD",292,NA,1,"(H).HD.292","(H).HD.1"
"293","H","HD",293,NA,2,"(H).HD.293","(H).HD.2"
"294","H","HD",294,NA,3,"(H).HD.294","(H).HD.3"
"295","H","HD",295,NA,4,"(H).HD.295","(H).HD.4"
"296","H","HD",296,NA,5,"(H).HD.296","(H).HD.5"
"297","H","HD",297,NA,6,"(H).HD.297","(H).HD.6"
"298","H","HD",298,NA,7,"(H).HD.298","(H).HD.7"
"299","H","HD",299,NA,8,"(H).HD.299","(H).HD.8"
"300","H","HD",300,NA,9,"(H).HD.300","(H).HD.9"
"301","H","HD",301,NA,10,"(H).HD.301","(H).HD.10"
"302","H","HD",302,NA,11,"(H).HD.302","(H).HD.11"
"303","H","HD",303,NA,12,"(H).HD.303","(H).HD.12"
"304","H","hdhe",304,NA,1,"(H).hd-he.304","(H).hdhe.1"
"305","H","hdhe",305,NA,2,"(H).hd-he.305","(H).hdhe.2"
"306","H","hdhe",306,NA,3,"(H).hd-he.306","(H).hdhe.3"
"307","H","hdhe",307,NA,4,"(H).hd-he.307","(H).hdhe.4"
"308","H","hdhe",308,NA,5,"(H).hd-he.308","(H).hdhe.5"
"309","H","HE",309,NA,1,"(H).HE.309","(H).HE.1"
"310","H","HE",310,NA,2,"(H).HE.310","(H).HE.2"
"311","H","HE",311,NA,3,"(H).HE.311","(H).HE.3"
"312","H","HE",312,NA,4,"(H).HE.312","(H).HE.4"
"313","H","HE",313,NA,5,"(H).HE.313","(H).HE.5"
"314","H","HE",314,NA,6,"(H).HE.314","(H).HE.6"
"315","H","HE",315,NA,7,"(H).HE.315","(H).HE.7"
"316","H","HE",316,NA,8,"(H).HE.316","(H).HE.8"
"317","H","HE",317,NA,9,"(H).HE.317","(H).HE.9"
"318","H","HE",318,NA,10,"(H).HE.318","(H).HE.10"
"319","H","HE",319,NA,11,"(H).HE.319","(H).HE.11"
"320","H","HE",320,NA,12,"(H).HE.320","(H).HE.12"
"321","H","HE",321,NA,13,"(H).HE.321","(H).HE.13"
"322","H","hehf",322,NA,1,"(H).he-hf.322","(H).hehf.1"
"323","H","hehf",323,NA,2,"(H).he-hf.323","(H).hehf.2"
"324","H","hehf",324,NA,3,"(H).he-hf.324","(H).hehf.3"
"325","H","hehf",325,NA,4,"(H).he-hf.325","(H).hehf.4"
"326","H","hehf",326,NA,5,"(H).he-hf.326","(H).hehf.5"
"327","H","hehf",327,NA,6,"(H).he-hf.327","(H).hehf.6"
"328","H","hehf",328,NA,7,"(H).he-hf.328","(H).hehf.7"
"329","H","HF",329,NA,1,"(H).HF.329","(H).HF.1"
"330","H","HF",330,NA,2,"(H).HF.330","(H).HF.2"
"331","H","HF",331,NA,3,"(H).HF.331","(H).HF.3"
"332","H","HF",332,NA,4,"(H).HF.332","(H).HF.4"
"333","H","HF",333,NA,5,"(H).HF.333","(H).HF.5"
"334","H","HF",334,NA,6,"(H).HF.334","(H).HF.6"
"335","G","hfs2",335,SwI,1,"(G).hf-s2.335","(G).hfs2.1"
"336","G","hfs2",336,SwI,2,"(G).hf-s2.336","(G).hfs2.2"
"337","G","hfs2",337,SwI,3,"(G).hf-s2.337","(G).hfs2.3"
"338","G","hfs2",338,SwI,4,"(G).hf-s2.338","(G).hfs2.4"
"339","G","hfs2",339,SwI,5,"(G).hf-s2.339","(G).hfs2.5"
"340","G","hfs2",340,SwI,6,"(G).hf-s2.340","(G).hfs2.6"
"341","G","hfs2",341,SwI,7,"(G).hf-s2.341","(G).hfs2.7"
"342","G","S2",342,NA,1,"(G).S2.342","(G).S2.1"
"343","G","S2",343,NA,2,"(G).S2.343","(G).S2.2"
"344","G","S2",344,NA,3,"(G).S2.344","(G).S2.3"
"345","G","S2",345,NA,4,"(G).S2.345","(G).S2.4"
"346","G","S2",346,NA,5,"(G).S2.346","(G).S2.5"
"347","G","S2",347,NA,6,"(G).S2.347","(G).S2.6"
"348","G","S2",348,NA,7,"(G).S2.348","(G).S2.7"
"349","G","S2",349,NA,8,"(G).S2.349","(G).S2.8"
"350","G","s2s3",350,NA,1,"(G).s2-s3.350","(G).s2s3.1"
"351","G","s2s3",351,NA,2,"(G).s2-s3.351","(G).s2s3.2"
"352","G","S3",352,NA,1,"(G).S3.352","(G).S3.1"
"353","G","S3",353,NA,2,"(G).S3.353","(G).S3.2"
"354","G","S3",354,NA,3,"(G).S3.354","(G).S3.3"
"355","G","S3",355,NA,4,"(G).S3.355","(G).S3.4"
"356","G","S3",356,NA,5,"(G).S3.356","(G).S3.5"
"357","G","S3",357,NA,6,"(G).S3.357","(G).S3.6"
"358","G","S3",358,NA,7,"(G).S3.358","(G).S3.7"
"359","G","S3",359,NA,8,"(G).S3.359","(G).S3.8"
"360","G","s3h2",360,SwII,1,"(G).s3-h2.360","(G).s3h2.1"
"361","G","s3h2",361,SwII,2,"(G).s3-h2.361","(G).s3h2.2"
"362","G","s3h2",362,SwII,3,"(G).s3-h2.362","(G).s3h2.3"
"363","G","H2",363,NA,1,"(G).H2.363","(G).H2.1"
"364","G","H2",364,NA,2,"(G).H2.364","(G).H2.2"
"365","G","H2",365,NA,3,"(G).H2.365","(G).H2.3"
"366","G","H2",366,NA,4,"(G).H2.366","(G).H2.4"
"367","G","H2",367,NA,5,"(G).H2.367","(G).H2.5"
"368","G","H2",368,NA,6,"(G).H2.368","(G).H2.6"
"369","G","H2",369,NA,7,"(G).H2.369","(G).H2.7"
"370","G","H2",370,NA,8,"(G).H2.370","(G).H2.8"
"371","G","H2",371,NA,9,"(G).H2.371","(G).H2.9"
"372","G","H2",372,NA,10,"(G).H2.372","(G).H2.10"
"373","G","h2s4",373,NA,1,"(G).h2-s4.373","(G).h2s4.1"
"374","G","h2s4",374,NA,2,"(G).h2-s4.374","(G).h2s4.2"
"375","G","h2s4",375,NA,3,"(G).h2-s4.375","(G).h2s4.3"
"376","G","h2s4",376,NA,4,"(G).h2-s4.376","(G).h2s4.4"
"377","G","h2s4",377,NA,5,"(G).h2-s4.377","(G).h2s4.5"
"378","G","S4",378,NA,1,"(G).S4.378","(G).S4.1"
"379","G","S4",379,NA,2,"(G).S4.379","(G).S4.2"
"380","G","S4",380,NA,3,"(G).S4.380","(G).S4.3"
"381","G","S4",381,NA,4,"(G).S4.381","(G).S4.4"
"382","G","S4",382,NA,5,"(G).S4.382","(G).S4.5"
"383","G","S4",383,NA,6,"(G).S4.383","(G).S4.6"
"384","G","S4",384,NA,7,"(G).S4.384","(G).S4.7"
"385","G","s4h3",385,SwIII,1,"(G).s4-h3.385","(G).s4h3.1"
"386","G","s4h3",386,SwIII,2,"(G).s4-h3.386","(G).s4h3.2"
"387","G","s4h3",387,SwIII,3,"(G).s4-h3.387","(G).s4h3.3"
"388","G","s4h3",388,SwIII,4,"(G).s4-h3.388","(G).s4h3.4"
"389","G","s4h3",389,SwIII,5,"(G).s4-h3.389","(G).s4h3.5"
"390","G","s4h3",390,SwIII,6,"(G).s4-h3.390","(G).s4h3.6"
"391","G","s4h3",391,SwIII,7,"(G).s4-h3.391","(G).s4h3.7"
"392","G","s4h3",392,SwIII,8,"(G).s4-h3.392","(G).s4h3.8"
"393","G","s4h3",393,SwIII,9,"(G).s4-h3.393","(G).s4h3.9"
"394","G","s4h3",394,SwIII,10,"(G).s4-h3.394","(G).s4h3.10"
"395","G","s4h3",395,SwIII,11,"(G).s4-h3.395","(G).s4h3.11"
"396","G","s4h3",396,SwIII,12,"(G).s4-h3.396","(G).s4h3.12"
"397","G","s4h3",397,SwIII,13,"(G).s4-h3.397","(G).s4h3.13"
"398","G","s4h3",398,SwIII,14,"(G).s4-h3.398","(G).s4h3.14"
"399","G","s4h3",399,SwIII,15,"(G).s4-h3.399","(G).s4h3.15"
"400","G","H3",400,NA,1,"(G).H3.400","(G).H3.1"
"401","G","H3",401,NA,2,"(G).H3.401","(G).H3.2"
"402","G","H3",402,NA,3,"(G).H3.402","(G).H3.3"
"403","G","H3",403,NA,4,"(G).H3.403","(G).H3.4"
"404","G","H3",404,NA,5,"(G).H3.404","(G).H3.5"
"405","G","H3",405,NA,6,"(G).H3.405","(G).H3.6"
"406","G","H3",406,NA,7,"(G).H3.406","(G).H3.7"
"407","G","H3",407,NA,8,"(G).H3.407","(G).H3.8"
"408","G","H3",408,NA,9,"(G).H3.408","(G).H3.9"
"409","G","H3",409,NA,10,"(G).H3.409","(G).H3.10"
"410","G","H3",410,NA,11,"(G).H3.410","(G).H3.11"
"411","G","H3",411,NA,12,"(G).H3.411","(G).H3.12"
"412","G","H3",412,NA,13,"(G).H3.412","(G).H3.13"
"413","G","H3",413,NA,14,"(G).H3.413","(G).H3.14"
"414","G","H3",414,NA,15,"(G).H3.414","(G).H3.15"
"415","G","H3",415,NA,16,"(G).H3.415","(G).H3.16"
"416","G","H3",416,NA,17,"(G).H3.416","(G).H3.17"
"417","G","H3",417,NA,18,"(G).H3.417","(G).H3.18"
"418","G","h3s5",418,NA,1,"(G).h3-s5.418","(G).h3s5.1"
"419","G","h3s5",419,NA,2,"(G).h3-s5.419","(G).h3s5.2"
"420","G","h3s5",420,NA,3,"(G).h3-s5.420","(G).h3s5.3"
"421","G","S5",421,NA,1,"(G).S5.421","(G).S5.1"
"422","G","S5",422,NA,2,"(G).S5.422","(G).S5.2"
"423","G","S5",423,NA,3,"(G).S5.423","(G).S5.3"
"424","G","S5",424,NA,4,"(G).S5.424","(G).S5.4"
"425","G","S5",425,NA,5,"(G).S5.425","(G).S5.5"
"426","G","S5",426,NA,6,"(G).S5.426","(G).S5.6"
"427","G","S5",427,NA,7,"(G).S5.427","(G).S5.7"
"428","G","s5hg",428,NA,1,"(G).s5-hg.428","(G).s5hg.1"
"429","G","HG",429,NA,1,"(G).HG.429","(G).HG.1"
"430","G","HG",430,NA,2,"(G).HG.430","(G).HG.2"
"431","G","HG",431,NA,3,"(G).HG.431","(G).HG.3"
"432","G","HG",432,NA,4,"(G).HG.432","(G).HG.4"
"433","G","HG",433,NA,5,"(G).HG.433","(G).HG.5"
"434","G","HG",434,NA,6,"(G).HG.434","(G).HG.6"
"435","G","HG",435,NA,7,"(G).HG.435","(G).HG.7"
"436","G","HG",436,NA,8,"(G).HG.436","(G).HG.8"
"437","G","HG",437,NA,9,"(G).HG.437","(G).HG.9"
"438","G","HG",438,NA,10,"(G).HG.438","(G).HG.10"
"439","G","HG",439,NA,11,"(G).HG.439","(G).HG.11"
"440","G","HG",440,NA,12,"(G).HG.440","(G).HG.12"
"441","G","HG",441,NA,13,"(G).HG.441","(G).HG.13"
"442","G","HG",442,NA,14,"(G).HG.442","(G).HG.14"
"443","G","HG",443,NA,15,"(G).HG.443","(G).HG.15"
"444","G","HG",444,NA,16,"(G).HG.444","(G).HG.16"
"445","G","HG",445,NA,17,"(G).HG.445","(G).HG.17"
"446","G","hgh4",446,NA,1,"(G).hg-h4.446","(G).hgh4.1"
"447","G","hgh4",447,NA,2,"(G).hg-h4.447","(G).hgh4.2"
"448","G","hgh4",448,NA,3,"(G).hg-h4.448","(G).hgh4.3"
"449","G","hgh4",449,NA,4,"(G).hg-h4.449","(G).hgh4.4"
"450","G","hgh4",450,NA,5,"(G).hg-h4.450","(G).hgh4.5"
"451","G","hgh4",451,NA,6,"(G).hg-h4.451","(G).hgh4.6"
"452","G","hgh4",452,NA,7,"(G).hg-h4.452","(G).hgh4.7"
"453","G","hgh4",453,NA,8,"(G).hg-h4.453","(G).hgh4.8"
"454","G","hgh4",454,NA,9,"(G).hg-h4.454","(G).hgh4.9"
"455","G","hgh4",455,NA,10,"(G).hg-h4.455","(G).hgh4.10"
"456","G","hgh4",456,NA,11,"(G).hg-h4.456","(G).hgh4.11"
"457","G","hgh4",457,NA,12,"(G).hg-h4.457","(G).hgh4.12"
"458","G","hgh4",458,NA,13,"(G).hg-h4.458","(G).hgh4.13"
"459","G","hgh4",459,NA,14,"(G).hg-h4.459","(G).hgh4.14"
"460","G","hgh4",460,NA,15,"(G).hg-h4.460","(G).hgh4.15"
"461","G","hgh4",461,NA,16,"(G).hg-h4.461","(G).hgh4.16"
"462","G","hgh4",462,NA,17,"(G).hg-h4.462","(G).hgh4.17"
"463","G","hgh4",463,NA,18,"(G).hg-h4.463","(G).hgh4.18"
"464","G","hgh4",464,NA,19,"(G).hg-h4.464","(G).hgh4.19"
"465","G","hgh4",465,NA,20,"(G).hg-h4.465","(G).hgh4.20"
"466","G","hgh4",466,NA,21,"(G).hg-h4.466","(G).hgh4.21"
"467","G","H4",467,NA,1,"(G).H4.467","(G).H4.1"
"468","G","H4",468,NA,2,"(G).H4.468","(G).H4.2"
"469","G","H4",469,NA,3,"(G).H4.469","(G).H4.3"
"470","G","H4",470,NA,4,"(G).H4.470","(G).H4.4"
"471","G","H4",471,NA,5,"(G).H4.471","(G).H4.5"
"472","G","H4",472,NA,6,"(G).H4.472","(G).H4.6"
"473","G","H4",473,NA,7,"(G).H4.473","(G).H4.7"
"474","G","H4",474,NA,8,"(G).H4.474","(G).H4.8"
"475","G","H4",475,NA,9,"(G).H4.475","(G).H4.9"
"476","G","H4",476,NA,10,"(G).H4.476","(G).H4.10"
"477","G","H4",477,NA,11,"(G).H4.477","(G).H4.11"
"478","G","H4",478,NA,12,"(G).H4.478","(G).H4.12"
"479","G","H4",479,NA,13,"(G).H4.479","(G).H4.13"
"480","G","H4",480,NA,14,"(G).H4.480","(G).H4.14"
"481","G","H4",481,NA,15,"(G).H4.481","(G).H4.15"
"482","G","H4",482,NA,16,"(G).H4.482","(G).H4.16"
"483","G","H4",483,NA,17,"(G).H4.483","(G).H4.17"
"484","G","h4s6",484,NA,1,"(G).h4-s6.484","(G).h4s6.1"
"485","G","h4s6",485,NA,2,"(G).h4-s6.485","(G).h4s6.2"
"486","G","h4s6",486,NA,3,"(G).h4-s6.486","(G).h4s6.3"
"487","G","h4s6",487,NA,4,"(G).h4-s6.487","(G).h4s6.4"
"488","G","h4s6",488,NA,5,"(G).h4-s6.488","(G).h4s6.5"
"489","G","h4s6",489,NA,6,"(G).h4-s6.489","(G).h4s6.6"
"490","G","h4s6",490,NA,7,"(G).h4-s6.490","(G).h4s6.7"
"491","G","h4s6",491,NA,8,"(G).h4-s6.491","(G).h4s6.8"
"492","G","h4s6",492,NA,9,"(G).h4-s6.492","(G).h4s6.9"
"493","G","h4s6",493,NA,10,"(G).h4-s6.493","(G).h4s6.10"
"494","G","h4s6",494,NA,11,"(G).h4-s6.494","(G).h4s6.11"
"495","G","h4s6",495,NA,12,"(G).h4-s6.495","(G).h4s6.12"
"496","G","h4s6",496,NA,13,"(G).h4-s6.496","(G).h4s6.13"
"497","G","h4s6",497,NA,14,"(G).h4-s6.497","(G).h4s6.14"
"498","G","h4s6",498,NA,15,"(G).h4-s6.498","(G).h4s6.15"
"499","G","h4s6",499,NA,16,"(G).h4-s6.499","(G).h4s6.16"
"500","G","h4s6",500,NA,17,"(G).h4-s6.500","(G).h4s6.17"
"501","G","h4s6",501,NA,18,"(G).h4-s6.501","(G).h4s6.18"
"502","G","h4s6",502,NA,19,"(G).h4-s6.502","(G).h4s6.19"
"503","G","h4s6",503,NA,20,"(G).h4-s6.503","(G).h4s6.20"
"504","G","S6",504,NA,1,"(G).S6.504","(G).S6.1"
"505","G","S6",505,NA,2,"(G).S6.505","(G).S6.2"
"506","G","S6",506,NA,3,"(G).S6.506","(G).S6.3"
"507","G","S6",507,NA,4,"(G).S6.507","(G).S6.4"
"508","G","S6",508,NA,5,"(G).S6.508","(G).S6.5"
"509","G","s6h5",509,TCAT,1,"(G).s6-h5.509","(G).s6h5.1"
"510","G","s6h5",510,TCAT,2,"(G).s6-h5.510","(G).s6h5.2"
"511","G","s6h5",511,TCAT,3,"(G).s6-h5.511","(G).s6h5.3"
"512","G","s6h5",512,TCAT,4,"(G).s6-h5.512","(G).s6h5.4"
"513","G","s6h5",513,TCAT,5,"(G).s6-h5.513","(G).s6h5.5"
"514","G","H5",514,NA,1,"(G).H5.514","(G).H5.1"
"515","G","H5",515,NA,2,"(G).H5.515","(G).H5.2"
"516","G","H5",516,NA,3,"(G).H5.516","(G).H5.3"
"517","G","H5",517,NA,4,"(G).H5.517","(G).H5.4"
"518","G","H5",518,NA,5,"(G).H5.518","(G).H5.5"
"519","G","H5",519,NA,6,"(G).H5.519","(G).H5.6"
"520","G","H5",520,NA,7,"(G).H5.520","(G).H5.7"
"521","G","H5",521,NA,8,"(G).H5.521","(G).H5.8"
"522","G","H5",522,NA,9,"(G).H5.522","(G).H5.9"
"523","G","H5",523,NA,10,"(G).H5.523","(G).H5.10"
"524","G","H5",524,NA,11,"(G).H5.524","(G).H5.11"
"525","G","H5",525,NA,12,"(G).H5.525","(G).H5.12"
"526","G","H5",526,NA,13,"(G).H5.526","(G).H5.13"
"527","G","H5",527,NA,14,"(G).H5.527","(G).H5.14"
"528","G","H5",528,NA,15,"(G).H5.528","(G).H5.15"
"529","G","H5",529,NA,16,"(G).H5.529","(G).H5.16"
"530","G","H5",530,NA,17,"(G).H5.530","(G).H5.17"
"531","G","H5",531,NA,18,"(G).H5.531","(G).H5.18"
"532","G","H5",532,NA,19,"(G).H5.532","(G).H5.19"
"533","G","H5",533,NA,20,"(G).H5.533","(G).H5.20"
"534","G","H5",534,NA,21,"(G).H5.534","(G).H5.21"
"535","G","H5",535,NA,22,"(G).H5.535","(G).H5.22"
"536","G","H5",536,NA,23,"(G).H5.536","(G).H5.23"
"537","G","H5",537,NA,24,"(G).H5.537","(G).H5.24"
"538","G","H5",538,NA,25,"(G).H5.538","(G).H5.25"
"539","G","H5",539,NA,26,"(G).H5.539","(G).H5.26"
