"","Domain","GalphaSSE","CGN_pos","GalphaSSE_alternative","SSE_pos","CGN","CGN_new"
"1","G","HN",1,NA,1,"(G).HN.1","(G).HN.1"
"2","G","HN",2,NA,2,"(G).HN.2","(G).HN.2"
"3","G","HN",3,NA,3,"(G).HN.3","(G).HN.3"
"4","G","HN",4,NA,4,"(G).HN.4","(G).HN.4"
"5","G","HN",5,NA,5,"(G).HN.5","(G).HN.5"
"6","G","HN",6,NA,6,"(G).HN.6","(G).HN.6"
"7","G","HN",7,NA,7,"(G).HN.7","(G).HN.7"
"8","G","HN",8,NA,8,"(G).HN.8","(G).HN.8"
"9","G","HN",9,NA,9,"(G).HN.9","(G).HN.9"
"10","G","HN",10,NA,10,"(G).HN.10","(G).HN.10"
"11","G","HN",11,NA,11,"(G).HN.11","(G).HN.11"
"12","G","HN",12,NA,12,"(G).HN.12","(G).HN.12"
"13","G","HN",13,NA,13,"(G).HN.13","(G).HN.13"
"14","G","HN",14,NA,14,"(G).HN.14","(G).HN.14"
"15","G","HN",15,NA,15,"(G).HN.15","(G).HN.15"
"16","G","HN",16,NA,16,"(G).HN.16","(G).HN.16"
"17","G","HN",17,NA,17,"(G).HN.17","(G).HN.17"
"18","G","HN",18,NA,18,"(G).HN.18","(G).HN.18"
"19","G","HN",19,NA,19,"(G).HN.19","(G).HN.19"
"20","G","HN",20,NA,20,"(G).HN.20","(G).HN.20"
"21","G","HN",21,NA,21,"(G).HN.21","(G).HN.21"
"22","G","HN",22,NA,22,"(G).HN.22","(G).HN.22"
"23","G","HN",23,NA,23,"(G).HN.23","(G).HN.23"
"24","G","HN",24,NA,24,"(G).HN.24","(G).HN.24"
"25","G","HN",25,NA,25,"(G).HN.25","(G).HN.25"
"26","G","HN",26,NA,26,"(G).HN.26","(G).HN.26"
"27","G","HN",27,NA,27,"(G).HN.27","(G).HN.27"
"28","G","HN",28,NA,28,"(G).HN.28","(G).HN.28"
"29","G","HN",29,NA,29,"(G).HN.29","(G).HN.29"
"30","G","HN",30,NA,30,"(G).HN.30","(G).HN.30"
"31","G","HN",31,NA,31,"(G).HN.31","(G).HN.31"
"32","G","HN",32,NA,32,"(G).HN.32","(G).HN.32"
"33","G","HN",33,NA,33,"(G).HN.33","(G).HN.33"
"34","G","HN",34,NA,34,"(G).HN.34","(G).HN.34"
"35","G","HN",35,NA,35,"(G).HN.35","(G).HN.35"
"36","G","HN",36,NA,36,"(G).HN.36","(G).HN.36"
"37","G","HN",37,NA,37,"(G).HN.37","(G).HN.37"
"38","G","HN",38,NA,38,"(G).HN.38","(G).HN.38"
"39","G","HN",39,NA,39,"(G).HN.39","(G).HN.39"
"40","G","HN",40,NA,40,"(G).HN.40","(G).HN.40"
"41","G","HN",41,NA,41,"(G).HN.41","(G).HN.41"
"42","G","HN",42,NA,42,"(G).HN.42","(G).HN.42"
"43","G","HN",43,NA,43,"(G).HN.43","(G).HN.43"
"44","G","HN",44,NA,44,"(G).HN.44","(G).HN.44"
"45","G","HN",45,NA,45,"(G).HN.45","(G).HN.45"
"46","G","HN",46,NA,46,"(G).HN.46","(G).HN.46"
"47","G","HN",47,NA,47,"(G).HN.47","(G).HN.47"
"48","G","HN",48,NA,48,"(G).HN.48","(G).HN.48"
"49","G","HN",49,NA,49,"(G).HN.49","(G).HN.49"
"50","G","HN",50,NA,50,"(G).HN.50","(G).HN.50"
"51","G","HN",51,NA,51,"(G).HN.51","(G).HN.51"
"52","G","HN",52,NA,52,"(G).HN.52","(G).HN.52"
"53","G","HN",53,NA,53,"(G).HN.53","(G).HN.53"
"54","G","hns1",54,NA,1,"(G).hn-s1.54","(G).hns1.1"
"55","G","hns1",55,NA,2,"(G).hn-s1.55","(G).hns1.2"
"56","G","hns1",56,NA,3,"(G).hn-s1.56","(G).hns1.3"
"57","G","S1",57,"S1",1,"(G).S1.57","(G).S1.1"
"58","G","S1",58,"S1",2,"(G).S1.58","(G).S1.2"
"59","G","S1",59,"S1",3,"(G).S1.59","(G).S1.3"
"60","G","S1",60,"S1",4,"(G).S1.60","(G).S1.4"
"61","G","S1",61,"S1",5,"(G).S1.61","(G).S1.5"
"62","G","S1",62,"S1",6,"(G).S1.62","(G).S1.6"
"63","G","S1",63,"S1",7,"(G).S1.63","(G).S1.7"
"64","G","s1h1",64,"P-loop",1,"(G).s1-h1.64","(G).s1h1.1"
"65","G","s1h1",65,"P-loop",2,"(G).s1-h1.65","(G).s1h1.2"
"66","G","s1h1",66,"P-loop",3,"(G).s1-h1.66","(G).s1h1.3"
"67","G","s1h1",67,"P-loop",4,"(G).s1-h1.67","(G).s1h1.4"
"68","G","s1h1",68,"P-loop",5,"(G).s1-h1.68","(G).s1h1.5"
"69","G","s1h1",69,"P-loop",6,"(G).s1-h1.69","(G).s1h1.6"
"70","G","H1",70,NA,1,"(G).H1.70","(G).H1.1"
"71","G","H1",71,NA,2,"(G).H1.71","(G).H1.2"
"72","G","H1",72,NA,3,"(G).H1.72","(G).H1.3"
"73","G","H1",73,NA,4,"(G).H1.73","(G).H1.4"
"74","G","H1",74,NA,5,"(G).H1.74","(G).H1.5"
"75","G","H1",75,NA,6,"(G).H1.75","(G).H1.6"
"76","G","H1",76,NA,7,"(G).H1.76","(G).H1.7"
"77","G","H1",77,NA,8,"(G).H1.77","(G).H1.8"
"78","G","H1",78,NA,9,"(G).H1.78","(G).H1.9"
"79","G","H1",79,NA,10,"(G).H1.79","(G).H1.10"
"80","G","H1",80,NA,11,"(G).H1.80","(G).H1.11"
"81","G","H1",81,NA,12,"(G).H1.81","(G).H1.12"
"82","G","h1ha",82,NA,1,"(G).h1-ha.82","(G).h1ha.1"
"83","G","h1ha",83,NA,2,"(G).h1-ha.83","(G).h1ha.2"
"84","G","h1ha",84,NA,3,"(G).h1-ha.84","(G).h1ha.3"
"85","G","h1ha",85,NA,4,"(G).h1-ha.85","(G).h1ha.4"
"86","G","h1ha",86,NA,5,"(G).h1-ha.86","(G).h1ha.5"
"87","G","h1ha",87,NA,6,"(G).h1-ha.87","(G).h1ha.6"
"88","G","h1ha",88,NA,7,"(G).h1-ha.88","(G).h1ha.7"
"89","G","h1ha",89,NA,8,"(G).h1-ha.89","(G).h1ha.8"
"90","G","h1ha",90,NA,9,"(G).h1-ha.90","(G).h1ha.9"
"91","G","h1ha",91,NA,10,"(G).h1-ha.91","(G).h1ha.10"
"92","G","h1ha",92,NA,11,"(G).h1-ha.92","(G).h1ha.11"
"93","G","h1ha",93,NA,12,"(G).h1-ha.93","(G).h1ha.12"
"94","G","h1ha",94,NA,13,"(G).h1-ha.94","(G).h1ha.13"
"95","G","h1ha",95,NA,14,"(G).h1-ha.95","(G).h1ha.14"
"96","G","h1ha",96,NA,15,"(G).h1-ha.96","(G).h1ha.15"
"97","G","h1ha",97,NA,16,"(G).h1-ha.97","(G).h1ha.16"
"98","G","h1ha",98,NA,17,"(G).h1-ha.98","(G).h1ha.17"
"99","G","h1ha",99,NA,18,"(G).h1-ha.99","(G).h1ha.18"
"100","G","h1ha",100,NA,19,"(G).h1-ha.100","(G).h1ha.19"
"101","G","h1ha",101,NA,20,"(G).h1-ha.101","(G).h1ha.20"
"102","H","HA",102,NA,1,"(H).HA.102","(H).HA.1"
"103","H","HA",103,NA,2,"(H).HA.103","(H).HA.2"
"104","H","HA",104,NA,3,"(H).HA.104","(H).HA.3"
"105","H","HA",105,NA,4,"(H).HA.105","(H).HA.4"
"106","H","HA",106,NA,5,"(H).HA.106","(H).HA.5"
"107","H","HA",107,NA,6,"(H).HA.107","(H).HA.6"
"108","H","HA",108,NA,7,"(H).HA.108","(H).HA.7"
"109","H","HA",109,NA,8,"(H).HA.109","(H).HA.8"
"110","H","HA",110,NA,9,"(H).HA.110","(H).HA.9"
"111","H","HA",111,NA,10,"(H).HA.111","(H).HA.10"
"112","H","HA",112,NA,11,"(H).HA.112","(H).HA.11"
"113","H","HA",113,NA,12,"(H).HA.113","(H).HA.12"
"114","H","HA",114,NA,13,"(H).HA.114","(H).HA.13"
"115","H","HA",115,NA,14,"(H).HA.115","(H).HA.14"
"116","H","HA",116,NA,15,"(H).HA.116","(H).HA.15"
"117","H","HA",117,NA,16,"(H).HA.117","(H).HA.16"
"118","H","HA",118,NA,17,"(H).HA.118","(H).HA.17"
"119","H","HA",119,NA,18,"(H).HA.119","(H).HA.18"
"120","H","HA",120,NA,19,"(H).HA.120","(H).HA.19"
"121","H","HA",121,NA,20,"(H).HA.121","(H).HA.20"
"122","H","HA",122,NA,21,"(H).HA.122","(H).HA.21"
"123","H","HA",123,NA,22,"(H).HA.123","(H).HA.22"
"124","H","HA",124,NA,23,"(H).HA.124","(H).HA.23"
"125","H","HA",125,NA,24,"(H).HA.125","(H).HA.24"
"126","H","HA",126,NA,25,"(H).HA.126","(H).HA.25"
"127","H","HA",127,NA,26,"(H).HA.127","(H).HA.26"
"128","H","HA",128,NA,27,"(H).HA.128","(H).HA.27"
"129","H","HA",129,NA,28,"(H).HA.129","(H).HA.28"
"130","H","HA",130,NA,29,"(H).HA.130","(H).HA.29"
"131","H","hahb",131,NA,1,"(H).ha-hb.131","(H).hahb.1"
"132","H","hahb",132,NA,2,"(H).ha-hb.132","(H).hahb.2"
"133","H","hahb",133,NA,3,"(H).ha-hb.133","(H).hahb.3"
"134","H","hahb",134,NA,4,"(H).ha-hb.134","(H).hahb.4"
"135","H","hahb",135,NA,5,"(H).ha-hb.135","(H).hahb.5"
"136","H","hahb",136,NA,6,"(H).ha-hb.136","(H).hahb.6"
"137","H","hahb",137,NA,7,"(H).ha-hb.137","(H).hahb.7"
"138","H","hahb",138,NA,8,"(H).ha-hb.138","(H).hahb.8"
"139","H","hahb",139,NA,9,"(H).ha-hb.139","(H).hahb.9"
"140","H","HB",140,NA,1,"(H).HB.140","(H).HB.1"
"141","H","HB",141,NA,2,"(H).HB.141","(H).HB.2"
"142","H","HB",142,NA,3,"(H).HB.142","(H).HB.3"
"143","H","HB",143,NA,4,"(H).HB.143","(H).HB.4"
"144","H","HB",144,NA,5,"(H).HB.144","(H).HB.5"
"145","H","HB",145,NA,6,"(H).HB.145","(H).HB.6"
"146","H","HB",146,NA,7,"(H).HB.146","(H).HB.7"
"147","H","HB",147,NA,8,"(H).HB.147","(H).HB.8"
"148","H","HB",148,NA,9,"(H).HB.148","(H).HB.9"
"149","H","HB",149,NA,10,"(H).HB.149","(H).HB.10"
"150","H","HB",150,NA,11,"(H).HB.150","(H).HB.11"
"151","H","HB",151,NA,12,"(H).HB.151","(H).HB.12"
"152","H","HB",152,NA,13,"(H).HB.152","(H).HB.13"
"153","H","HB",153,NA,14,"(H).HB.153","(H).HB.14"
"154","H","hbhc",154,NA,1,"(H).hb-hc.154","(H).hbhc.1"
"155","H","hbhc",155,NA,2,"(H).hb-hc.155","(H).hbhc.2"
"156","H","hbhc",156,NA,3,"(H).hb-hc.156","(H).hbhc.3"
"157","H","hbhc",157,NA,4,"(H).hb-hc.157","(H).hbhc.4"
"158","H","hbhc",158,NA,5,"(H).hb-hc.158","(H).hbhc.5"
"159","H","hbhc",159,NA,6,"(H).hb-hc.159","(H).hbhc.6"
"160","H","hbhc",160,NA,7,"(H).hb-hc.160","(H).hbhc.7"
"161","H","hbhc",161,NA,8,"(H).hb-hc.161","(H).hbhc.8"
"162","H","hbhc",162,NA,9,"(H).hb-hc.162","(H).hbhc.9"
"163","H","hbhc",163,NA,10,"(H).hb-hc.163","(H).hbhc.10"
"164","H","hbhc",164,NA,11,"(H).hb-hc.164","(H).hbhc.11"
"165","H","hbhc",165,NA,12,"(H).hb-hc.165","(H).hbhc.12"
"166","H","hbhc",166,NA,13,"(H).hb-hc.166","(H).hbhc.13"
"167","H","hbhc",167,NA,14,"(H).hb-hc.167","(H).hbhc.14"
"168","H","hbhc",168,NA,15,"(H).hb-hc.168","(H).hbhc.15"
"169","H","HC",169,NA,1,"(H).HC.169","(H).HC.1"
"170","H","HC",170,NA,2,"(H).HC.170","(H).HC.2"
"171","H","HC",171,NA,3,"(H).HC.171","(H).HC.3"
"172","H","HC",172,NA,4,"(H).HC.172","(H).HC.4"
"173","H","HC",173,NA,5,"(H).HC.173","(H).HC.5"
"174","H","HC",174,NA,6,"(H).HC.174","(H).HC.6"
"175","H","HC",175,NA,7,"(H).HC.175","(H).HC.7"
"176","H","HC",176,NA,8,"(H).HC.176","(H).HC.8"
"177","H","HC",177,NA,9,"(H).HC.177","(H).HC.9"
"178","H","HC",178,NA,10,"(H).HC.178","(H).HC.10"
"179","H","HC",179,NA,11,"(H).HC.179","(H).HC.11"
"180","H","HC",180,NA,12,"(H).HC.180","(H).HC.12"
"181","H","hchd",181,NA,1,"(H).hc-hd.181","(H).hchd.1"
"182","H","HD",182,NA,1,"(H).HD.182","(H).HD.1"
"183","H","HD",183,NA,2,"(H).HD.183","(H).HD.2"
"184","H","HD",184,NA,3,"(H).HD.184","(H).HD.3"
"185","H","HD",185,NA,4,"(H).HD.185","(H).HD.4"
"186","H","HD",186,NA,5,"(H).HD.186","(H).HD.5"
"187","H","HD",187,NA,6,"(H).HD.187","(H).HD.6"
"188","H","HD",188,NA,7,"(H).HD.188","(H).HD.7"
"189","H","HD",189,NA,8,"(H).HD.189","(H).HD.8"
"190","H","HD",190,NA,9,"(H).HD.190","(H).HD.9"
"191","H","HD",191,NA,10,"(H).HD.191","(H).HD.10"
"192","H","HD",192,NA,11,"(H).HD.192","(H).HD.11"
"193","H","HD",193,NA,12,"(H).HD.193","(H).HD.12"
"194","H","hdhe",194,NA,1,"(H).hd-he.194","(H).hdhe.1"
"195","H","hdhe",195,NA,2,"(H).hd-he.195","(H).hdhe.2"
"196","H","hdhe",196,NA,3,"(H).hd-he.196","(H).hdhe.3"
"197","H","hdhe",197,NA,4,"(H).hd-he.197","(H).hdhe.4"
"198","H","hdhe",198,NA,5,"(H).hd-he.198","(H).hdhe.5"
"199","H","HE",199,NA,1,"(H).HE.199","(H).HE.1"
"200","H","HE",200,NA,2,"(H).HE.200","(H).HE.2"
"201","H","HE",201,NA,3,"(H).HE.201","(H).HE.3"
"202","H","HE",202,NA,4,"(H).HE.202","(H).HE.4"
"203","H","HE",203,NA,5,"(H).HE.203","(H).HE.5"
"204","H","HE",204,NA,6,"(H).HE.204","(H).HE.6"
"205","H","HE",205,NA,7,"(H).HE.205","(H).HE.7"
"206","H","HE",206,NA,8,"(H).HE.206","(H).HE.8"
"207","H","HE",207,NA,9,"(H).HE.207","(H).HE.9"
"208","H","HE",208,NA,10,"(H).HE.208","(H).HE.10"
"209","H","HE",209,NA,11,"(H).HE.209","(H).HE.11"
"210","H","HE",210,NA,12,"(H).HE.210","(H).HE.12"
"211","H","HE",211,NA,13,"(H).HE.211","(H).HE.13"
"212","H","hehf",212,NA,1,"(H).he-hf.212","(H).hehf.1"
"213","H","hehf",213,NA,2,"(H).he-hf.213","(H).hehf.2"
"214","H","hehf",214,NA,3,"(H).he-hf.214","(H).hehf.3"
"215","H","hehf",215,NA,4,"(H).he-hf.215","(H).hehf.4"
"216","H","hehf",216,NA,5,"(H).he-hf.216","(H).hehf.5"
"217","H","hehf",217,NA,6,"(H).he-hf.217","(H).hehf.6"
"218","H","hehf",218,NA,7,"(H).he-hf.218","(H).hehf.7"
"219","H","HF",219,NA,1,"(H).HF.219","(H).HF.1"
"220","H","HF",220,NA,2,"(H).HF.220","(H).HF.2"
"221","H","HF",221,NA,3,"(H).HF.221","(H).HF.3"
"222","H","HF",222,NA,4,"(H).HF.222","(H).HF.4"
"223","H","HF",223,NA,5,"(H).HF.223","(H).HF.5"
"224","H","HF",224,NA,6,"(H).HF.224","(H).HF.6"
"225","G","hfs2",225,"SwI",1,"(G).hf-s2.225","(G).hfs2.1"
"226","G","hfs2",226,"SwI",2,"(G).hf-s2.226","(G).hfs2.2"
"227","G","hfs2",227,"SwI",3,"(G).hf-s2.227","(G).hfs2.3"
"228","G","hfs2",228,"SwI",4,"(G).hf-s2.228","(G).hfs2.4"
"229","G","hfs2",229,"SwI",5,"(G).hf-s2.229","(G).hfs2.5"
"230","G","hfs2",230,"SwI",6,"(G).hf-s2.230","(G).hfs2.6"
"231","G","hfs2",231,"SwI",7,"(G).hf-s2.231","(G).hfs2.7"
"232","G","S2",232,NA,1,"(G).S2.232","(G).S2.1"
"233","G","S2",233,NA,2,"(G).S2.233","(G).S2.2"
"234","G","S2",234,NA,3,"(G).S2.234","(G).S2.3"
"235","G","S2",235,NA,4,"(G).S2.235","(G).S2.4"
"236","G","S2",236,NA,5,"(G).S2.236","(G).S2.5"
"237","G","S2",237,NA,6,"(G).S2.237","(G).S2.6"
"238","G","S2",238,NA,7,"(G).S2.238","(G).S2.7"
"239","G","S2",239,NA,8,"(G).S2.239","(G).S2.8"
"240","G","s2s3",240,NA,1,"(G).s2-s3.240","(G).s2s3.1"
"241","G","s2s3",241,NA,2,"(G).s2-s3.241","(G).s2s3.2"
"242","G","S3",242,NA,1,"(G).S3.242","(G).S3.1"
"243","G","S3",243,NA,2,"(G).S3.243","(G).S3.2"
"244","G","S3",244,NA,3,"(G).S3.244","(G).S3.3"
"245","G","S3",245,NA,4,"(G).S3.245","(G).S3.4"
"246","G","S3",246,NA,5,"(G).S3.246","(G).S3.5"
"247","G","S3",247,NA,6,"(G).S3.247","(G).S3.6"
"248","G","S3",248,NA,7,"(G).S3.248","(G).S3.7"
"249","G","S3",249,NA,8,"(G).S3.249","(G).S3.8"
"250","G","s3h2",250,"SwII",1,"(G).s3-h2.250","(G).s3h2.1"
"251","G","s3h2",251,"SwII",2,"(G).s3-h2.251","(G).s3h2.2"
"252","G","s3h2",252,"SwII",3,"(G).s3-h2.252","(G).s3h2.3"
"253","G","H2",253,NA,1,"(G).H2.253","(G).H2.1"
"254","G","H2",254,NA,2,"(G).H2.254","(G).H2.2"
"255","G","H2",255,NA,3,"(G).H2.255","(G).H2.3"
"256","G","H2",256,NA,4,"(G).H2.256","(G).H2.4"
"257","G","H2",257,NA,5,"(G).H2.257","(G).H2.5"
"258","G","H2",258,NA,6,"(G).H2.258","(G).H2.6"
"259","G","H2",259,NA,7,"(G).H2.259","(G).H2.7"
"260","G","H2",260,NA,8,"(G).H2.260","(G).H2.8"
"261","G","H2",261,NA,9,"(G).H2.261","(G).H2.9"
"262","G","H2",262,NA,10,"(G).H2.262","(G).H2.10"
"263","G","h2s4",263,NA,1,"(G).h2-s4.263","(G).h2s4.1"
"264","G","h2s4",264,NA,2,"(G).h2-s4.264","(G).h2s4.2"
"265","G","h2s4",265,NA,3,"(G).h2-s4.265","(G).h2s4.3"
"266","G","h2s4",266,NA,4,"(G).h2-s4.266","(G).h2s4.4"
"267","G","h2s4",267,NA,5,"(G).h2-s4.267","(G).h2s4.5"
"268","G","S4",268,NA,1,"(G).S4.268","(G).S4.1"
"269","G","S4",269,NA,2,"(G).S4.269","(G).S4.2"
"270","G","S4",270,NA,3,"(G).S4.270","(G).S4.3"
"271","G","S4",271,NA,4,"(G).S4.271","(G).S4.4"
"272","G","S4",272,NA,5,"(G).S4.272","(G).S4.5"
"273","G","S4",273,NA,6,"(G).S4.273","(G).S4.6"
"274","G","S4",274,NA,7,"(G).S4.274","(G).S4.7"
"275","G","s4h3",275,"SwIII",1,"(G).s4-h3.275","(G).s4h3.1"
"276","G","s4h3",276,"SwIII",2,"(G).s4-h3.276","(G).s4h3.2"
"277","G","s4h3",277,"SwIII",3,"(G).s4-h3.277","(G).s4h3.3"
"278","G","s4h3",278,"SwIII",4,"(G).s4-h3.278","(G).s4h3.4"
"279","G","s4h3",279,"SwIII",5,"(G).s4-h3.279","(G).s4h3.5"
"280","G","s4h3",280,"SwIII",6,"(G).s4-h3.280","(G).s4h3.6"
"281","G","s4h3",281,"SwIII",7,"(G).s4-h3.281","(G).s4h3.7"
"282","G","s4h3",282,"SwIII",8,"(G).s4-h3.282","(G).s4h3.8"
"283","G","s4h3",283,"SwIII",9,"(G).s4-h3.283","(G).s4h3.9"
"284","G","s4h3",284,"SwIII",10,"(G).s4-h3.284","(G).s4h3.10"
"285","G","s4h3",285,"SwIII",11,"(G).s4-h3.285","(G).s4h3.11"
"286","G","s4h3",286,"SwIII",12,"(G).s4-h3.286","(G).s4h3.12"
"287","G","s4h3",287,"SwIII",13,"(G).s4-h3.287","(G).s4h3.13"
"288","G","s4h3",288,"SwIII",14,"(G).s4-h3.288","(G).s4h3.14"
"289","G","s4h3",289,"SwIII",15,"(G).s4-h3.289","(G).s4h3.15"
"290","G","H3",290,NA,1,"(G).H3.290","(G).H3.1"
"291","G","H3",291,NA,2,"(G).H3.291","(G).H3.2"
"292","G","H3",292,NA,3,"(G).H3.292","(G).H3.3"
"293","G","H3",293,NA,4,"(G).H3.293","(G).H3.4"
"294","G","H3",294,NA,5,"(G).H3.294","(G).H3.5"
"295","G","H3",295,NA,6,"(G).H3.295","(G).H3.6"
"296","G","H3",296,NA,7,"(G).H3.296","(G).H3.7"
"297","G","H3",297,NA,8,"(G).H3.297","(G).H3.8"
"298","G","H3",298,NA,9,"(G).H3.298","(G).H3.9"
"299","G","H3",299,NA,10,"(G).H3.299","(G).H3.10"
"300","G","H3",300,NA,11,"(G).H3.300","(G).H3.11"
"301","G","H3",301,NA,12,"(G).H3.301","(G).H3.12"
"302","G","H3",302,NA,13,"(G).H3.302","(G).H3.13"
"303","G","H3",303,NA,14,"(G).H3.303","(G).H3.14"
"304","G","H3",304,NA,15,"(G).H3.304","(G).H3.15"
"305","G","H3",305,NA,16,"(G).H3.305","(G).H3.16"
"306","G","H3",306,NA,17,"(G).H3.306","(G).H3.17"
"307","G","H3",307,NA,18,"(G).H3.307","(G).H3.18"
"308","G","h3s5",308,NA,1,"(G).h3-s5.308","(G).h3s5.1"
"309","G","h3s5",309,NA,2,"(G).h3-s5.309","(G).h3s5.2"
"310","G","h3s5",310,NA,3,"(G).h3-s5.310","(G).h3s5.3"
"311","G","S5",311,NA,1,"(G).S5.311","(G).S5.1"
"312","G","S5",312,NA,2,"(G).S5.312","(G).S5.2"
"313","G","S5",313,NA,3,"(G).S5.313","(G).S5.3"
"314","G","S5",314,NA,4,"(G).S5.314","(G).S5.4"
"315","G","S5",315,NA,5,"(G).S5.315","(G).S5.5"
"316","G","S5",316,NA,6,"(G).S5.316","(G).S5.6"
"317","G","S5",317,NA,7,"(G).S5.317","(G).S5.7"
"318","G","s5hg",318,NA,1,"(G).s5-hg.318","(G).s5hg.1"
"319","G","HG",319,NA,1,"(G).HG.319","(G).HG.1"
"320","G","HG",320,NA,2,"(G).HG.320","(G).HG.2"
"321","G","HG",321,NA,3,"(G).HG.321","(G).HG.3"
"322","G","HG",322,NA,4,"(G).HG.322","(G).HG.4"
"323","G","HG",323,NA,5,"(G).HG.323","(G).HG.5"
"324","G","HG",324,NA,6,"(G).HG.324","(G).HG.6"
"325","G","HG",325,NA,7,"(G).HG.325","(G).HG.7"
"326","G","HG",326,NA,8,"(G).HG.326","(G).HG.8"
"327","G","HG",327,NA,9,"(G).HG.327","(G).HG.9"
"328","G","HG",328,NA,10,"(G).HG.328","(G).HG.10"
"329","G","HG",329,NA,11,"(G).HG.329","(G).HG.11"
"330","G","HG",330,NA,12,"(G).HG.330","(G).HG.12"
"331","G","HG",331,NA,13,"(G).HG.331","(G).HG.13"
"332","G","HG",332,NA,14,"(G).HG.332","(G).HG.14"
"333","G","HG",333,NA,15,"(G).HG.333","(G).HG.15"
"334","G","HG",334,NA,16,"(G).HG.334","(G).HG.16"
"335","G","HG",335,NA,17,"(G).HG.335","(G).HG.17"
"336","G","hgh4",336,NA,1,"(G).hg-h4.336","(G).hgh4.1"
"337","G","hgh4",337,NA,2,"(G).hg-h4.337","(G).hgh4.2"
"338","G","hgh4",338,NA,3,"(G).hg-h4.338","(G).hgh4.3"
"339","G","hgh4",339,NA,4,"(G).hg-h4.339","(G).hgh4.4"
"340","G","hgh4",340,NA,5,"(G).hg-h4.340","(G).hgh4.5"
"341","G","hgh4",341,NA,6,"(G).hg-h4.341","(G).hgh4.6"
"342","G","hgh4",342,NA,7,"(G).hg-h4.342","(G).hgh4.7"
"343","G","hgh4",343,NA,8,"(G).hg-h4.343","(G).hgh4.8"
"344","G","hgh4",344,NA,9,"(G).hg-h4.344","(G).hgh4.9"
"345","G","hgh4",345,NA,10,"(G).hg-h4.345","(G).hgh4.10"
"346","G","hgh4",346,NA,11,"(G).hg-h4.346","(G).hgh4.11"
"347","G","hgh4",347,NA,12,"(G).hg-h4.347","(G).hgh4.12"
"348","G","hgh4",348,NA,13,"(G).hg-h4.348","(G).hgh4.13"
"349","G","hgh4",349,NA,14,"(G).hg-h4.349","(G).hgh4.14"
"350","G","hgh4",350,NA,15,"(G).hg-h4.350","(G).hgh4.15"
"351","G","hgh4",351,NA,16,"(G).hg-h4.351","(G).hgh4.16"
"352","G","hgh4",352,NA,17,"(G).hg-h4.352","(G).hgh4.17"
"353","G","hgh4",353,NA,18,"(G).hg-h4.353","(G).hgh4.18"
"354","G","hgh4",354,NA,19,"(G).hg-h4.354","(G).hgh4.19"
"355","G","hgh4",355,NA,20,"(G).hg-h4.355","(G).hgh4.20"
"356","G","hgh4",356,NA,21,"(G).hg-h4.356","(G).hgh4.21"
"357","G","H4",357,NA,1,"(G).H4.357","(G).H4.1"
"358","G","H4",358,NA,2,"(G).H4.358","(G).H4.2"
"359","G","H4",359,NA,3,"(G).H4.359","(G).H4.3"
"360","G","H4",360,NA,4,"(G).H4.360","(G).H4.4"
"361","G","H4",361,NA,5,"(G).H4.361","(G).H4.5"
"362","G","H4",362,NA,6,"(G).H4.362","(G).H4.6"
"363","G","H4",363,NA,7,"(G).H4.363","(G).H4.7"
"364","G","H4",364,NA,8,"(G).H4.364","(G).H4.8"
"365","G","H4",365,NA,9,"(G).H4.365","(G).H4.9"
"366","G","H4",366,NA,10,"(G).H4.366","(G).H4.10"
"367","G","H4",367,NA,11,"(G).H4.367","(G).H4.11"
"368","G","H4",368,NA,12,"(G).H4.368","(G).H4.12"
"369","G","H4",369,NA,13,"(G).H4.369","(G).H4.13"
"370","G","H4",370,NA,14,"(G).H4.370","(G).H4.14"
"371","G","H4",371,NA,15,"(G).H4.371","(G).H4.15"
"372","G","H4",372,NA,16,"(G).H4.372","(G).H4.16"
"373","G","H4",373,NA,17,"(G).H4.373","(G).H4.17"
"374","G","h4s6",374,NA,1,"(G).h4-s6.374","(G).h4s6.1"
"375","G","h4s6",375,NA,2,"(G).h4-s6.375","(G).h4s6.2"
"376","G","h4s6",376,NA,3,"(G).h4-s6.376","(G).h4s6.3"
"377","G","h4s6",377,NA,4,"(G).h4-s6.377","(G).h4s6.4"
"378","G","h4s6",378,NA,5,"(G).h4-s6.378","(G).h4s6.5"
"379","G","h4s6",379,NA,6,"(G).h4-s6.379","(G).h4s6.6"
"380","G","h4s6",380,NA,7,"(G).h4-s6.380","(G).h4s6.7"
"381","G","h4s6",381,NA,8,"(G).h4-s6.381","(G).h4s6.8"
"382","G","h4s6",382,NA,9,"(G).h4-s6.382","(G).h4s6.9"
"383","G","h4s6",383,NA,10,"(G).h4-s6.383","(G).h4s6.10"
"384","G","h4s6",384,NA,11,"(G).h4-s6.384","(G).h4s6.11"
"385","G","h4s6",385,NA,12,"(G).h4-s6.385","(G).h4s6.12"
"386","G","h4s6",386,NA,13,"(G).h4-s6.386","(G).h4s6.13"
"387","G","h4s6",387,NA,14,"(G).h4-s6.387","(G).h4s6.14"
"388","G","h4s6",388,NA,15,"(G).h4-s6.388","(G).h4s6.15"
"389","G","h4s6",389,NA,16,"(G).h4-s6.389","(G).h4s6.16"
"390","G","h4s6",390,NA,17,"(G).h4-s6.390","(G).h4s6.17"
"391","G","h4s6",391,NA,18,"(G).h4-s6.391","(G).h4s6.18"
"392","G","h4s6",392,NA,19,"(G).h4-s6.392","(G).h4s6.19"
"393","G","h4s6",393,NA,20,"(G).h4-s6.393","(G).h4s6.20"
"394","G","S6",394,NA,1,"(G).S6.394","(G).S6.1"
"395","G","S6",395,NA,2,"(G).S6.395","(G).S6.2"
"396","G","S6",396,NA,3,"(G).S6.396","(G).S6.3"
"397","G","S6",397,NA,4,"(G).S6.397","(G).S6.4"
"398","G","S6",398,NA,5,"(G).S6.398","(G).S6.5"
"399","G","s6h5",399,"TCAT",1,"(G).s6-h5.399","(G).s6h5.1"
"400","G","s6h5",400,"TCAT",2,"(G).s6-h5.400","(G).s6h5.2"
"401","G","s6h5",401,"TCAT",3,"(G).s6-h5.401","(G).s6h5.3"
"402","G","s6h5",402,"TCAT",4,"(G).s6-h5.402","(G).s6h5.4"
"403","G","s6h5",403,"TCAT",5,"(G).s6-h5.403","(G).s6h5.5"
"404","G","H5",404,NA,1,"(G).H5.404","(G).H5.1"
"405","G","H5",405,NA,2,"(G).H5.405","(G).H5.2"
"406","G","H5",406,NA,3,"(G).H5.406","(G).H5.3"
"407","G","H5",407,NA,4,"(G).H5.407","(G).H5.4"
"408","G","H5",408,NA,5,"(G).H5.408","(G).H5.5"
"409","G","H5",409,NA,6,"(G).H5.409","(G).H5.6"
"410","G","H5",410,NA,7,"(G).H5.410","(G).H5.7"
"411","G","H5",411,NA,8,"(G).H5.411","(G).H5.8"
"412","G","H5",412,NA,9,"(G).H5.412","(G).H5.9"
"413","G","H5",413,NA,10,"(G).H5.413","(G).H5.10"
"414","G","H5",414,NA,11,"(G).H5.414","(G).H5.11"
"415","G","H5",415,NA,12,"(G).H5.415","(G).H5.12"
"416","G","H5",416,NA,13,"(G).H5.416","(G).H5.13"
"417","G","H5",417,NA,14,"(G).H5.417","(G).H5.14"
"418","G","H5",418,NA,15,"(G).H5.418","(G).H5.15"
"419","G","H5",419,NA,16,"(G).H5.419","(G).H5.16"
"420","G","H5",420,NA,17,"(G).H5.420","(G).H5.17"
"421","G","H5",421,NA,18,"(G).H5.421","(G).H5.18"
"422","G","H5",422,NA,19,"(G).H5.422","(G).H5.19"
"423","G","H5",423,NA,20,"(G).H5.423","(G).H5.20"
"424","G","H5",424,NA,21,"(G).H5.424","(G).H5.21"
"425","G","H5",425,NA,22,"(G).H5.425","(G).H5.22"
"426","G","H5",426,NA,23,"(G).H5.426","(G).H5.23"
"427","G","H5",427,NA,24,"(G).H5.427","(G).H5.24"
"428","G","H5",428,NA,25,"(G).H5.428","(G).H5.25"
"429","G","H5",429,NA,26,"(G).H5.429","(G).H5.26"
