PDB	Alpha_UniProt	Alpha_ChainID	Beta_UniProt	Beta_ChainID	Gamma_UniProt	Gamma_ChainID	Note
5G53	gnas2_human	C					Engineered G protein
5UZ7	gnas2_human	A	gbb1_human	B	gbg2_human	G	
6NIY	gnas2_human	A	gbb1_human	B	gbg2_human	G	
5VAI	gnas2_human	A	gbb1_rat	B	gbg2_bovin	G	
6B3J	gnas2_human	A	gbb1_human	B	gbg2_human	G	
6GDG	gnas2_human	D	gbb1_human	B	gbg2_human	C	
6NI3	gnas2_human	A	gbb1_human	B	gbg2_human	G	
6E3Y	gnas2_human	A	gbb1_human	B	gbg2_human	G	
6P9X	gnas2_human	A	gbb1_human	B	gbg2_human	G	
6P9Y	gnas2_human	A	gbb1_human	B	gbg2_human	G	
6PB0	gnas2_human	A	gbb1_human	B	gbg2_human	G	Gs-Gi1 chimera
6PB1	gnas2_human	A	gbb1_human	B	gbg2_human	G	
6LI3	gnas2_human	A	gbb1_human	B	gbg2_human	G	Mini-Gs
6UUN	gnas2_human	A	gbb1_human	B	gbg2_human	G	
6UUS	gnas2_human	A	gbb1_human	B	gbg2_human	G	
6UVA	gnas2_human	A	gbb1_human	B	gbg2_human	G	
6LMK	gnas2_human	A	gbb1_human	B	gbg2_human	C	
6LPB	gnas2_human	A	gbb1_rat	B	gbg2_bovin	G	
6VCB	gnas2_human	A	gbb1_human	B	gbg2_human	G	
6WHC	gnas2_human	A	gbb1_human	B	gbg2_human	C	
6WPW	gnas2_human	C	gbb1_human	D	gbg2_human	G	
6WI9	gnas2_human	A	gbb1_human	B	gbg2_human	G	
6WZG	gnas2_human	A	gbb1_human	B	gbg2_human	G	
6M1H	gnas2_human	F	gbb1_human	E	gbg2_human	D	
6M1I	gnas2_human	F	gbb1_human	E	gbg2_human	D	
6ORV	gnas2_human	A	gbb1_human	B	gbg2_human	C	
7BZ2	gnas2_human	A	gbb1_bovin	B	gbg2_bovin	G	
7BW0	gnas2_human	A	gbb1_rat	B	gbg2_bovin	G	
7C2E	gnas2_human	A	gbb1_human	B	gbg2_human	G	
7CFM	gnas2_human	A	gbb1_human	B	gbg2_human	G	
7CFN	gnas2_human	A	gbb1_human	B	gbg2_human	G	
6X1A	gnas2_human	A	gbb1_human	B	gbg2_human	G	
6X18	gnas2_human	A	gbb1_human	B	gbg2_human	G	
6X19	gnas2_human	A	gbb1_human	B	gbg2_human	G	
6VN7	gnas2_human	A	gbb1_human	B	gbg2_human	G	
7D3S	gnas2_human	A	gbb1_rat	B	gbg2_bovin	G	
7D7M	gnas2_human	D	gbb1_human	B	gbg2_human	C	
7CZ5	gnas2_human	A	gbb1_rat	B	gbg2_bovin	G	
6XOX	gnas2_human	A	gbb1_human	B	gbg2_human	G	
7DHR	gnas2_human	A	gbb1_bovin	B	gbg2_bovin	G	
7DHI	gnas2_human	A	gbb1_bovin	B	gbg2_bovin	G	
7LCI	gnas2_human	A	gbb1_human	B	gbg2_human	G	
7JV5	gnas2_human	A	gbb1_human	B	gbg2_human	G	
7JVQ	gnas2_human	A	gbb1_human	B	gbg2_human	G	Engineered G alpha
7JVP	gnas2_human	A	gbb1_human	B	gbg2_human	G	
7CKW	gnas2_human	A	gbb1_human	B	gbg2_human	G	
7CKX	gnas2_human	A	gbb1_human	B	gbg2_human	G	
7CKY	gnas2_human	A	gbb1_human	B	gbg2_human	G	
7CKZ	gnas2_human	A	gbb1_human	B	gbg2_human	G	
7CRH	gnas2_human	A	gbb1_human	B	gbg2_human	G	
7LJC	gnas2_human	A	gbb1_rat	B	gbg2_bovin	G	Engineered G alpha
7LJD	gnas2_human	A	gbb1_rat	B	gbg2_bovin	G	Engineered G alpha
7L1U	gnas2_human	A	gbb1_human	B	gbg2_human	C	Engineered G alpha
7L1V	gnas2_human	A	gbb1_human	B	gbg2_human	C	Engineered G alpha
7JOZ	gnas2_human	A	gbb1_human	B	gbg2_human	G	
7AUE	gnas2_human	A	gbb1_human	B	gbg2_human	G	
7CX2	gnas2_human	A	gbb1_human	B	gbg2_human	G	
7CX3	gnas2_human	A	gbb1_human	B	gbg2_human	G	
7CX4	gnas2_human	A	gbb1_human	B	gbg2_human	G	
7KH0	gnas2_human	A	gbb1_human	B	gbg2_human	G	
7MBX	gnas2_human	A	gbb1_rat	B	gbg2_human	G	
7BB6	gnas2_human	E	gbb1_human	C	gbg2_human	F	
7BB7	gnas2_human	E	gbb1_human	C	gbg2_human	F	
7DH5	gnas2_human	A	gbb1_rat	B	gbg2_bovin	G	
7DUQ	gnas2_human	A	gbb1_rat	B	gbg2_bovin	G	
7DW9	gnas2_human	A	gbb1_rat	B	gbg2_bovin	Y	
7E14	gnas2_human	A	gbb1_bovin	B	gbg2_mouse	G	
7EVW	gnas2_human	A	gbb1_human	B	gbg2_human	C	
7KI0	gnas2_human	A	gbb1_human	B	gbg2_human	G	
7KI1	gnas2_human	A	gbb1_human	B	gbg2_human	G	
7EZK	gnas2_human	A	gbb1_human	B	gbg2_human	G	
7DUR	gnas2_human	A	gbb1_rat	B	gbg2_bovin	G	
7EVM	gnas2_human	A	gbb1_rat	B	gbg2_bovin	G	
7F16	gnas2_human	A	gbb1_rat	B	gbg2_bovin	G	
7RTB	gnas2_human	A	gbb1_human	B	gbg2_human	G	
3SN6	gnas2_bovin	A	gbb1_rat	B	gbg2_bovin	G	
6NBF	gnas2_bovin	A	gbb1_rat	B	gbg2_bovin	G	
6NBH	gnas2_bovin	A	gbb1_rat	B	gbg2_bovin	G	
6NBI	gnas2_bovin	A	gbb1_rat	B	gbg2_bovin	G	
7JJO	gnas2_bovin	A	gbb1_bovin	B	gbg2_bovin	G	
7D68	gnas2_bovin	A	gbb1_bovin	B	gbg2_bovin	G	
7DTY	gnas2_bovin	A	gbb1_rat	B	gbg2_bovin	G	
7FIH	gnas2_bovin	A	gbb1_rat	B	gbg2_bovin	G	
7FII	gnas2_bovin	A	gbb1_rat	B	gbg2_bovin	G	
7FIG	gnas2_bovin	A	gbb1_rat	B	gbg2_bovin	G	
6DDE	gnai1_human	A	gbb1_human	B	gbg2_human	C	
6DDF	gnai1_human	A	gbb1_human	B	gbg2_human	C	
6CMO	gnai1_human	A	gbb1_rat	B	gbg2_bovin	G	
6N4B	gnai1_human	A	gbb1_human	B	gbg2_human	C	
6OT0	gnai1_human	A	gbb1_human	B	gbg2_human	G	
6OS9	gnai1_human	A	gbb1_human	B	gbg2_human	C	
6OSA	gnai1_human	A	gbb1_human	B	gbg2_human	C	Non-canonical conformation
6QNO	gnai1_human	A	gbb1_bovin	B	gbg1_bovin	G	
6KPG	gnai1_human	A	gbb1_human	B	gbg2_human	C	
6KPF	gnai1_human	A	gbb1_human	B	gbg2_human	C	
6PT0	gnai1_human	A	gbb1_human	B	gbg2_human	C	
6OMM	gnai1_human	A	gbb1_human	B	gbg2_human	C	
6LML	gnai1_human	A	gbb1_human	B	gbg2_human	C	
6K42	gnai1_human	A	gbb1_mouse	B	gbg2_human	G	
6VMS	gnai1_human	A	gbb1_human	B	gbg2_human	C	
6LFO	gnai1_human	A	gbb1_human	B	gbg2_human	C	
6LFM	gnai1_human	A	gbb1_human	B	gbg2_human	C	
6XBK	gnai1_human	A	gbb1_human	B	gbg2_human	G	
6XBJ	gnai1_human	A	gbb1_human	B	gbg2_human	G	
6XBM	gnai1_human	A	gbb1_human	B	gbg2_human	G	
6XBL	gnai1_human	A	gbb1_human	B	gbg2_human	G	
7L0P	gnai1_human	A	gbb1_human	B	gbg1_human	G	
7L0Q	gnai1_human	A	gbb1_human	B	gbg1_human	G	
7L0R	gnai1_human	A	gbb1_human	B	gbg1_human	G	Non-canonical conformation
7L0S	gnai1_human	A	gbb1_human	B	gbg1_human	G	Non-canonical conformation
7JVR	gnai1_human	A	gbb1_human	B	gbg2_human	C	
7CMU	gnai1_human	A	gbb1_human	B	gbg2_human	C	
7CMV	gnai1_human	A	gbb1_human	B	gbg2_human	C	
7E2X	gnai1_human	A	gbb1_human	B	gbg2_human	G	
7E2Y	gnai1_human	A	gbb1_human	B	gbg2_human	G	
7E2Z	gnai1_human	A	gbb1_human	B	gbg2_human	G	
7E32	gnai1_human	A	gbb1_human	B	gbg2_human	G	
7E33	gnai1_human	A	gbb1_human	B	gbg2_human	G	
7EB2	gnai1_human	A	gbb1_human	B	gbg2_human	Y	
7E9G	gnai1_human	A	gbb1_human	B	gbg2_human	C	
7O7F	gnai1_human	A	gbb1_bovin	B	gbg2_bovin	G	
7JHJ	gnai1_human	A	gbb1_human	B	gbg2_human	C	
7EXD	gnai1_human	A	gbb1_human	B	gbg2_human	G	
7F1Q	gnai1_human	A	gbb1_human	B	gbg2_human	C	
7F1R	gnai1_human	A	gbb1_human	B	gbg2_human	C	
7F1S	gnai1_human	A	gbb1_human	B	gbg2_human	C	
7MTS	gnai1_human	C	gbb1_human	D	gbg2_human	E	
7EZH	gnai1_human	A	gbb1_human	B	gbg2_human	G	
7DB6	gnai1_human	A	gbb1_rat	B	gbg2_bovin	C	
7EW1	gnai1_human	D	gbb1_human	B	gbg2_human	C	
7EW2	gnai1_human	A	gbb1_human	B	gbg2_human	C	
7EW3	gnai1_human	A	gbb1_human	B	gbg2_human	C	
7EW4	gnai1_human	A	gbb1_human	B	gbg2_human	C	
7NA7	gnai1_human	A	gbb1_human	B	gbg2_human	G	
7NA8	gnai1_human	A	gbb1_human	B	gbg2_human	G	
6D9H	gnai2_human	A	gbb1_human	B	gbg2_human	G	
7LD3	gnai2_human	A	gbb1_human	B	gbg2_human	G	
7LD4	gnai2_human	A	gbb1_human	B	gbg2_human	G	
7F8V	gnai2_human	A	gbb1_human	B	gbg2_human	C	
7E9H	gnai3_human	A	gbb1_human	B	gbg2_human	C	
6FUF	gnao_human	B					Mini-Go
6G79	gnao_human	A	gbb1_human	B	gbg2_human	G	
6OIK	gnao_human	A	gbb1_human	B	gbg2_human	G	
6K41	gnao_human	A	gbb1_mouse	B	gbg2_human	G	
6WWZ	gnao_human	A	gbb1_rat	B	gbg2_mouse	Y	
7D76	gnao_human	A	gbb1_human	B	gbg2_human	G	
7D77	gnao_human	A	gbb1_human	B	gbg2_human	G	
6OY9	gnat1_bovin	A	gbb1_bovin	B	gbg1_bovin	G	
6OYA	gnat1_bovin	A	gbb1_bovin	B	gbg1_bovin	G	
6OIJ	gna11_human	A	gbb1_human	B	gbg2_human	G	
6WHA	gnaq_human	B	gbb1_human	C	gbg2_human	D	Gq-Gi2-Gs chimera
7DFL	gnaq_human	A	gbb1_human	B	gbg2_human	G	
7MBY	gnaq_human	A	gbb1_rat	B	gbg2_human	G	Gq-Gs-Gi1 chimera
7EZM	gnaq_human	A	gbb1_human	B	gbg2_human	G	
7EIB	gnaq_human	B	gbb1_rat	C	gbg2_bovin	E	Gq-Gi1 chimera
7F2O	gnaq_human	A	gbb1_rat	B	gbg2_bovin	Y	Gq-Gi1 chimera
7F8W	gnaq_human	A	gbb1_human	B	gbg2_human	C	Gq-Gi1 chimera
7F9Y	gnaq_human	A	gbb1_human	B	gbg2_human	G	Engineered G alpha
7F9Z	gnaq_human	A	gbb1_human	B	gbg2_human	G	Engineered G alpha
7AD3	gpa1_yeast	E	a0a6a5q727_yeasx	F	a0a6a5pt44_yeasx	G	Two alpha subunits bound to STE2 dimer
6E67	gnas2_human	B					Fused partial Gs
5WKT	gnat1_bovin	B					Only H5
5EN0	gnat3_bovin	B					Only H5
4X1H	gnat1_bovin	C					Only H5
4J4Q	gnat1_bovin	B					Only H5
4BEY	gnat1_bovin	B					Only H5
4A4M	gnat1_bovin	B					Only H5
2X72	gnat1_bovin	B					Only H5
3PQR	gnat1_bovin	B					Only H5
3DQB	gnat1_bovin	B					Only H5
6PEL	gnat1_bovin	B					Only H5
6PGS	gnat2_bovin	B					Only H5
6PH7	gnat2_bovin	B					Only H5
6NWE	gnat1_bovin	B					Only H5
7F53	gnas2_human	A	gbb1_human	B	gbg2_human	G	
7F54	gnas2_human	A	gbb1_human	B	gbg2_human	G	
7F55	gnas2_human	A	gbb1_human	B	gbg2_human	G	
7F58	gnas2_human	A	gbb1_human	B	gbg2_human	G	
7PIU	gnas2_human	A	gbb1_rat	B	gbg2_bovin	G	
7PIV	gnas2_human	A	gbb1_rat	B	gbg2_mouse	G	
7P00	gnaq_human	A	gbb1_human	B	gbg2_human	G	Gq-Gs-Gi1 chimera
7P02	gnas2_human	A	gbb1_human	B	gbg2_human	G	Gs-Gi1 chimera
7RMG	gnaq_human	A	gbb1_human	B	gbg2_human	G	Gs-Gq chimera
7RMH	gnas2_human	A	gbb1_human	B	gbg2_human	G	
7RMI	gnaq_human	A	gbb1_human	B	gbg2_human	G	Gs-Gq chimera
7VUG	gnai1_human	A	gbb1_human	B	gbg2_human	C	
7VUH	gnas2_human	A	gbb1_human	B	gbg2_human	G	
7VUI	gnas2_human	A	gbb1_human	B	gbg2_human	G	
7VUJ	gnas2_human	A	gbb1_human	B	gbg2_human	G	
7S8L	gnaq_human	B	gbb1_human	C	gbg2_human	D	Gq-Gs chimera
7S8M	gnai1_human	B	gbb1_human	C	gbg2_human	D	
7S8N	gnaq_human	B	gbb1_human	C	gbg2_human	D	Gq-Gs chimera
7S8O	gnai1_human	B	gbb1_human	C	gbg2_human	D	
7S8P	gnaq_human	B	gbb1_human	C	gbg2_human	D	Gq-Gs chimera
7VDH	gnai1_human	A	gbb1_human	B	gbg2_human	G	
7VDL	gnai1_human	A	gbb1_human	B	gbg2_human	C	
7VDM	gnai1_human	A	gbb1_human	B	gbg2_human	G	
7VUY	gnai1_human	A	gbb1_human	B	gbg2_human	G	
7VUZ	gnai1_human	A	gbb1_human	B	gbg2_human	G	
7VV3	gnai1_human	A	gbb1_human	B	gbg2_human	G	
7VV5	gnai1_human	A	gbb1_human	B	gbg2_human	G	
7S1M	gnas2_human	A	gbb1_human	B	gbg2_human	G	
7S3I	gnas2_human	A	gbb1_human	B	gbg2_human	G	
7EO2	gnai1_human	B	gbb1_human	C	gbg2_human	D	
7EO4	gnai1_human	B	gbb1_human	C	gbg2_human	D	
7WF7	gnai1_human	B	gbb1_human	C	gbg2_human	D	
7W2Z	gnao_human	A	gbb1_human	B	gbg2_human	G	
7LLL	gnas2_human	A	gbb1_human	B	gbg2_human	G	
7LLY	gnas2_human	A	gbb1_human	B	gbg2_human	G	
7RKF	gna11_human	A	gbb1_human	B	gbg2_human	C	
7RKM	gnai1_human	A	gbb1_human	B	gbg2_human	C	
7RKN	gnai1_human	A	gbb1_human	B	gbg2_human	C	
7V9M	gnas2_human	A	gbb1_rat	B	gbg2_bovin	Y	
7EVY	gnai1_human	A	gbb1_human	B	gbg2_human	C	
7EVZ	gnai1_human	A	gbb1_human	B	gbg2_human	C	
7EW0	gnai1_human	A	gbb1_human	B	gbg2_human	C	
7EW7	gnai1_human	A	gbb1_human	B	gbg2_human	C	
7F4D	gnas2_human	A	gbb1_human	B	gbg2_human	G	
7F4F	gnas2_human	A	gbb1_human	B	gbg2_human	G	
7F4H	gnas2_human	A	gbb1_human	B	gbg2_human	G	
7F4I	gnas2_human	A	gbb1_human	B	gbg2_human	G	
7T6T	gnai1_human	A	gbb1_rat	B	gbg2_bovin	C	
7T6S	gnai1_human	A	gbb1_rat	B	gbg2_bovin	C	
7T6U	gnai1_human	A	gbb1_rat	B	gbg2_bovin	C	
7T6V	gnai1_human	A	gbb1_rat	B	gbg2_bovin	C	
7VGX	gnai1_human	A	gbb1_human	B	gbg2_human	G	
7T10	gnai3_human	A	gbb1_human	B	gbg2_human	C	
7T11	gnai3_human	A	gbb1_human	B	gbg2_human	C	
7RYC	gnaq_human	D	gbb1_human	C			Gamma subunit fused to alpha subunit
7VL8	gnai1_human	A	gbb1_human	B	gbg2_human	G	
7VL9	gnai1_human	A	gbb1_human	B	gbg2_human	G	
7VLA	gnai1_human	A	gbb1_human	B	gbg2_human	G	
7VKT	gnai1_human	B	gbb1_human	C	gbg2_human	D	
7TD0	gnai1_mouse	A	gbb1_bovin	B	gbg2_bovin	G	
7TD1	gnai1_mouse	A	gbb1_bovin	B	gbg2_bovin	G	
7TD2	gnai1_mouse	A	gbb1_bovin	B	gbg2_bovin	G	
7TD3	gnai1_mouse	A	gbb1_bovin	B	gbg2_bovin	G	
7TD4	gnai1_mouse	A	gbb1_bovin	B	gbg2_bovin	G	
7VGY	gnai1_human	B	gbb1_rat	C	gbg2_bovin	D	
7VGZ	gnai1_human	C	gbb1_rat	D	gbg2_bovin	E	
7VH0	gnai1_human	B	gbb1_rat	C	gbg2_human	D	
7TYF	gnas2_human	A	gbb1_human	B	gbg2_human	G	
7TYH	gnas2_human	A	gbb1_human	B	gbg2_human	G	
7TYI	gnas2_human	A	gbb1_human	B	gbg2_human	G	
7TYL	gnas2_human	A	gbb1_human	B	gbg2_human	G	
7TYN	gnas2_human	A	gbb1_human	B	gbg2_human	G	
7TYO	gnas2_human	A	gbb1_human	B	gbg2_human	G	
7TYW	gnas2_human	A	gbb1_human	B	gbg2_human	G	
7TYX	gnas2_human	A	gbb1_human	B	gbg2_human	G	
7TYY	gnas2_human	A	gbb1_human	B	gbg2_human	G	
7TZF	gnas2_human	A	gbb1_human	B	gbg2_human	G	
7FIN	gnas2_bovin	A	gbb1_rat	B	gbg2_bovin	G	
7FIY	gnas2_bovin	A	gbb1_rat	B	gbg2_bovin	G	
7VAB	gnas2_human	A	gbb1_rat	B	gbg2_bovin	G	Mini-Gs
7FIM	gnas2_bovin	A	gbb1_rat	B	gbg2_bovin	G	
7VBI	gnas2_human	A	gbb1_rat	B	gbg2_bovin	G	Mini-Gs
7V35	gnas2_human	A	gbb1_rat	B	gbg2_bovin	C	
7EJ0	gnao_human	A	gbb1_human	B	gbg2_human	G	
7EJ8	gnao_human	A	gbb1_human	B	gbg2_human	G	
7EJA	gnao_human	A	gbb1_human	B	gbg2_human	G	
7EJK	gnao_human	A	gbb1_human	B	gbg2_human	G	
7WVU	gnai1_human	A	gbb1_human	B	gbg2_human	C	
7WVV	gnai2_human	A	gbb1_human	B	gbg2_human	C	
7WVW	gnai2_human	A	gbb1_human	B	gbg2_human	C	
7WVX	gnai2_human	A	gbb1_human	B	gbg2_human	C	
7WVY	gnai2_human	A	gbb1_human	B	gbg2_human	C	
7WQ3	gnai1_human	A	gbb1_rat	B	gbg2_bovin	G	
7WQ4	gnaq_human	A	gbb1_rat	B	gbg2_bovin	G	
7SBF	gnai1_human	A	gbb1_human	B	gbg2_human	C	
7SCG	gnai1_human	A	gbb1_human	B	gbg2_human	C	
7WUI	gnas2_human	A	gbb1_human	B	gbg2_human	G	Mini-Gs
7U2L	gnai1_human	A	gbb1_human	B	gbg2_human	C	
7T6B	gna13_human	A	gbb1_human	C	gbg2_human	D	
7TUZ	gnai1_human	A	gbb1_human	B	gbg2_human	C	
7RA3	gnas2_human	A	gbb1_human	B	gbg2_human	G	Engineered G alpha
7RBT	gnas2_human	A	gbb1_human	B	gbg2_human	G	
7RG9	gnas2_human	A	gbb1_human	B	gbg2_human	G	
7RGP	gnas2_human	A	gbb1_human	B	gbg2_human	G	Engineered G alpha
7VBH	gnas2_human	A	gbb1_rat	B	gbg2_bovin	G	
7WU2	gnas2_human	A	gbb1_human	B	gbg2_human	C	Mini-Gs
7WU3	gnas2_human	A	gbb1_human	B	gbg2_human	C	Mini-Gs
7WU4	gnai1_human	A	gbb1_human	B	gbg2_human	C	Mini-Gi1
7WU5	gnai1_human	A	gbb1_human	B	gbg2_human	C	Mini-Gi1
7SF7	gna13_human	B	gbb1_human	C	gbg2_human	D	Gi2-mini-G13 chimera
7SF8	gna13_human	B	gbb1_human	C	gbg2_human	D	Gi2-mini-G13 chimera
7WUJ	gnas2_human	A	gbb1_human	B	gbg2_human	Y	Mini-Gs
7EJX	gnai1_human	A	gbb1_human	B	gbg2_human	G	
7S0G	gnas2_bovin	A	gbb1_bovin	B	gbg2_bovin	G	Gi1-Gs chimera
7S0F	gnai1_human	A	gbb1_bovin	B	gbg2_bovin	G	
7W53	gnaq_human	A	gbb1_human	B	gbg2_human	G	
7W55	gnaq_human	A	gbb1_human	B	gbg2_human	G	
7W56	gnaq_human	A	gbb1_human	B	gbg2_human	G	
7W57	gnaq_human	A	gbb1_human	B	gbg2_human	G	
7WUQ	gnas2_human	A	gbb1_human	B	gbg2_human	G	
7EPT	gnas2_human	A	gbb1_human	B	gbg2_human	G	
7EQ1	gnas2_bovin	A	gbb1_rat	B	gbg2_bovin	Y	
7EUO	gnai1_human	A	gbb1_human	B	gbg2_human	G	
7SQO	gnai1_human	A	gbb1_bovin	B	gbg2_bovin	G	
7V68	gnai1_human	A	gbb1_human	B	gbg2_human	C	
7V69	gnai1_human	A	gbb1_human	B	gbg2_human	C	
7V6A	gnai1_human	A	gbb1_human	B	gbg2_human	C	
7VQX	gnas2_bovin	A	gbb1_rat	B	gbg2_bovin	G	
7WBJ	gnas2_bovin	A	gbb1_rat	B	gbg2_bovin	G	
7X9A	gnai1_human	A	gbb1_human	B	gbg2_human	C	
7X9B	gnai1_human	A	gbb1_human	B	gbg2_human	C	
7X9C	gnai1_human	A	gbb1_human	B	gbg2_human	C	
7XJH	gnas2_human	A	gbb1_rat	B	gbg2_bovin	G	
7XJI	gnas2_human	A	gbb1_rat	B	gbg2_bovin	G	
7F6H	gnaq_human	B	gbb1_human	C	gbg2_human	D	
7F6I	gnaq_human	B	gbb1_human	C	gbg2_human	D	
7SR8	gnaq_human	A	gbb1_human	B	gbg2_human	G	
7WIC	gnai1_human	A	gbb1_rat	B	gbg2_human	G	
7WIG	gnai1_human	A	gbb1_rat	B	gbg2_bovin	G	
7F0T	gnas2_human	A	gbb1_human	B	gbg2_human	D	
7F1O	gnas2_human	A	gbb1_human	B	gbg2_human	D	
7F1Z	gnas2_human	A	gbb1_human	B	gbg2_human	D	
7F23	gnas2_human	A	gbb1_human	B	gbg2_human	D	
7F24	gnas2_human	A	gbb1_human	B	gbg2_human	D	
7X2C	gnas2_human	A	gbb1_human	B	gbg2_human	D	
7X2D	gnas2_human	A	gbb1_human	B	gbg2_human	D	
7X2F	gnas2_human	A	gbb1_human	B	gbg2_human	D	
7XJK	gnaq_human	B	gbb1_human	C	gbg2_human	D	
7XJL	gnaq_human	B	gbb1_human	C	gbg2_human	D	
7WKD	gnaq_human	A	gbb1_human	B	gbg2_human	G	
7WV9	gnai2_human	A	gbb1_human	B	gbg2_human	C	
7X8R	gnas2_human	A	gbb1_rat	B	gbg2_human	G	
7X8S	gnas2_human	A	gbb1_rat	B	gbg2_human	G	
7RAN	gnaq_human	B	gbb1_human	C	gbg2_human	D	Gi2-mini-Gq chimera
7UM5	gnao_human	B	gbb1_human	C	gbg2_human	D	Mini-Go
7XTB	gnas2_human	A	gbb1_human	B	gbg2_human	G	
7XT8	gnas2_human	A	gbb1_human	B	gbg2_human	G	
7XT9	gnas2_human	A	gbb1_human	B	gbg2_human	G	
7XTA	gnai1_human	A	gbb1_human	B	gbg2_human	G	
7UM6	gnao_human	B	gbb1_human	C	gbg2_human	D	Mini-Go
7UM7	gnao_human	B	gbb1_human	C	gbg2_human	D	Mini-Go
7XTC	gnas2_human	A	gbb1_human	B	gbg2_human	G	
7W0L	gnai1_human	A	gbb1_human	B	gbg2_human	C	
7W0M	gnai1_human	A	gbb1_human	B	gbg2_human	C	
7W0N	gnai1_human	A	gbb1_human	B	gbg2_human	C	
7W0O	gnai1_human	A	gbb1_human	B	gbg2_human	C	
7W0P	gnai1_human	A	gbb1_human	B	gbg2_human	C	
7XOU	gnas2_human	A	gbb1_human	B	gbg2_human	G	
7XOV	gnas2_human	A	gbb1_human	B	gbg2_human	G	
7XOW	gnaq_human	A	gbb1_human	B	gbg2_human	C	
7XOX	gnaq_human	A	gbb1_human	B	gbg2_human	C	
7XBD	gnaq_human	B	gbb1_human	B	gbg2_human	D	
7WJ5	gnai1_human	A	gbb1_human	B	gbg2_human	C	
7XBW	gnai1_human	C	gbb1_human	D	gbg2_human	E	
7XBX	gnai1_human	C	gbb1_human	D	gbg2_human	E	
7XTQ	gnas2_human	A	gbb1_human	B	gbg2_human	G	
7Y12	gnai1_human	A	gbb1_mouse	B	gbg2_mouse	C	
7Y15	gnai1_human	A	gbb1_mouse	B	gbg2_mouse	C	
8DCR	gnas2_bovin	A	gbb1_bovin	B	gbg2_bovin	G	
8DCS	gnas2_bovin	A	gbb1_bovin	B	gbg2_bovin	G	
8DPF	gnaq_human	B	gbb1_human	C	gbg2_human	D	Gi2-mini-Gq chimera
8DPG	gnaq_human	B	gbb1_human	C	gbg2_human	D	Gi2-mini-Gq chimera
8DPH	gnaq_human	B	gbb1_human	C	gbg2_human	D	Gi2-mini-Gq chimera
8DPI	gnaq_human	B	gbb1_human	C	gbg2_human	D	Gi2-mini-Gq chimera
7XAT	gnai1_human	B	gbb1_bovin	C	gbg2_bovin	D	
7XAU	gnai1_human	B	gbb1_bovin	C	gbg2_bovin	D	
7XAV	gnai1_human	B	gbb1_bovin	C	gbg2_bovin	D	
7XMR	gnai1_human	A	gbb1_human	B	gbg2_human	C	
7XMS	gnai1_human	A	gbb1_human	B	gbg2_human	C	
7XMT	gnai1_human	A	gbb1_human	B	gbg2_human	C	
7X1T	gnaq_human	B	gbb1_bovin	C	gbg2_bovin	F	
7X1U	gnaq_human	B	gbb1_bovin	C	gbg2_bovin	F	
7QVM	gnao_human	A	gbb1_human	B	gbg2_human	G	
7XA3	gnai1_human	A	gbb1_human	B	gbg2_human	C	
7X9Y	gnai1_human	A	gbb1_human	B	gbg2_human	G	
7XW6	gnas2_human	A	gbb1_human	B	gbg2_human	G	
7XW5	gnas2_human	A	gbb1_human	B	gbg2_human	G	
7WU9	gnai1_human	A	gbb1_human	B	gbg2_human	G	
7VVJ	gnas2_human	A	gbb1_rat	B	gbg2_bovin	G	
7VVK	gnas2_human	A	gbb1_rat	B	gbg2_bovin	G	
7VVL	gnas2_human	A	gbb1_rat	B	gbg2_bovin	G	
7VVM	gnas2_human	A	gbb1_rat	B	gbg2_bovin	G	
7VVN	gnas2_human	A	gbb1_rat	B	gbg2_bovin	G	
7VVO	gnas2_human	A	gbb1_rat	B	gbg2_bovin	G	
7XKD	gnas2_human	A	gbb1_human	B	gbg2_human	G	
7XKE	gnas2_human	A	gbb1_human	B	gbg2_human	G	Mini-Gs
7XKF	gnas2_human	A	gbb1_human	B	gbg2_human	G	
7YP7	gnas2_human	A	gbb1_human	B	gbg2_human	G	
7XZ5	gnas2_human	A	gbb1_human	B	gbg2_human	G	
7XZ6	gnas2_human	A	gbb1_human	B	gbg2_human	G	
7T9I	gnas2_human	X	gbb1_human	Y	gbg2_human	Z	Mini-Gs
7T9N	gnas2_human	X	gbb1_human	Y	gbg2_human	Z	Mini-Gs
7UTZ	gnas2_human	X	gbb1_human	Y	gbg2_human	Z	Mini-Gs
7SRR	gnaq_human	B	gbb1_human	C	gbg2_human	D	Gi2-mini-Gq chimera
7T2G	gnai1_human	A	gbb1_human	B	gbg2_human	C	
7T2H	gnai1_human	A	gbb1_human	B	gbg2_human	C	
7TRY	gna11_human	A	gbb1_rat	B	gbg2_mouse	G	
7TS0	gnao_human	A	gbb1_rat	B	gbg2_mouse	G	
7U2K	gnai1_human	A	gbb1_human	B	gbg2_human	C	
7VFX	gnai1_human	A	gbb1_human	B	gbg2_human	G	
7VIE	gnai1_human	D	gbb1_human	A	gbg2_human	C	
7VIF	gnai1_human	D	gbb1_human	A	gbg2_human	C	
7VIG	gnai1_human	D	gbb1_human	A	gbg2_human	C	
7VIH	gnai1_human	D	gbb1_human	A	gbg2_human	C	
7W6P	gnao_human	A	gbb1_human	B	gbg2_human	G	
7W7E	gnao_human	A	gbb1_human	B	gbg2_human	G	
7WCM	gnas2_human	A	gbb1_human	B	gbg2_human	C	
7WCN	gnas2_human	A	gbb1_human	B	gbg2_human	C	
7WXU	gnaq_human	A	gbb1_human	B	gbg2_human	G	
7WXW	gnas2_human	A	gbb1_human	B	gbg2_human	C	Mini-Gs
7WY0	gna13_human	A	gbb1_human	B	gbg2_human		
7WY5	gnaq_human	A	gbb1_human	B	gbg2_human	G	Mini-Gq
7WY8	gnas2_human	A	gbb1_human	B	gbg2_human	C	Mini-Gs
7WYB	gnai1_human	B	gbb1_human	C	gbg2_human	D	
7WZ4	gnai1_human	A	gbb1_human	B	gbg2_human	G	
7WZ7	gna12_human	A	gbb1_human	B	gbg2_human	E	Mini-G12
7X10	gna12_human	A	gbb1_human	B	gbg2_human	G	
7X2V	gnai1_human	B	gbb1_human	C	gbg2_human	D	
7X5H	gnai1_human	A	gbb1_human	B	gbg2_human	C	
7XP4	gnat3_human	A	gbb1_human	B	gbg2_human	G	
7XP5	gnat3_human	A	gbb1_human	B	gbg2_human	G	
7XP6	gnat3_human	A	gbb1_human	B	gbg2_human	G	
7XW9	gnaq_human	A	gbb1_rat	B	gbg2_bovin	G	
7Y24	gnao_human	A	gbb1_human	B	gbg2_human	G	
7Y26	gnaq_human	B	gbb1_human	A	gbg2_human	F	Mini-Gq
7Y27	gnaq_human	B	gbb1_human	A	gbg2_human	F	Mini-Gq
7Y89	gnai1_human	C	gbb1_human	B	gbg2_human	G	
7YU3	gnai1_human	A	gbb1_rat	B	gbg2_bovin	G	
7YU5	gnai1_human	A	gbb1_rat	B	gbg2_bovin	G	
7YU6	gnai1_human	A	gbb1_rat	B	gbg2_bovin	G	
7YU7	gnai1_human	A	gbb1_rat	B	gbg2_bovin	G	
7YU8	gnai1_human	A	gbb1_rat	B	gbg2_bovin	G	
8DWC	gnaq_human	B	gbb1_human	C	gbg2_human	D	Gs-mini-Gq chimera
8DWG	gnaq_human	B	gbb1_human	C	gbg2_human	D	Gs-mini-Gq chimera
8DWH	gnaq_human	B	gbb1_human	C	gbg2_human	D	Gs-mini-Gq chimera
8E3X	gnas2_human	A	gbb1_human	B	gbg2_human	G	
8E3Y	gnas2_human	A	gbb1_human	B	gbg2_human	G	
8E3Z	gnas2_human	A	gbb1_human	B	gbg2_human	G	
8E9W	gnaq_human	B	gbb1_human	C	gbg2_human	D	Mini-Gq 
8E9X	gnao_human	B	gbb1_human	C	gbg2_human	D	Mini-Go 
8E9Y	gnaq_human	B	gbb1_human	C	gbg2_human	D	Mini-Gq 
8E9Z	gnaq_human	B	gbb1_human	C	gbg2_human	D	Mini-Gq 
8EF5	gnai1_human	A	gbb1_rat	B	gbg2_bovin	C	
8EF6	gnai1_human	A	gbb1_rat	B	gbg2_bovin	C	
8EFB	gnai1_human	A	gbb1_rat	B	gbg2_bovin	C	
8EFL	gnai1_human	A	gbb1_rat	B	gbg2_bovin	C	
8EFO	gnai1_human	A	gbb1_rat	B	gbg2_bovin	C	
8EFQ	gnai1_human	A	gbb1_rat	B	gbg2_bovin	C	
8F7Q	gnai1_human	A	gbb1_rat	B	gbg2_bovin	C	
8F7R	gnai1_human	A	gbb1_rat	B	gbg2_bovin	C	
8F7S	gnai1_human	A	gbb1_rat	B	gbg2_bovin	C	
8F7W	gnai1_human	A	gbb1_rat	B	gbg2_bovin	C	
8F7X	gnai1_human	A	gbb1_rat	B	gbg2_bovin	C	
8HA0	gnas2_bovin	A	gbb1_rat	B	gbg2_bovin	G	
8HAF	gnas2_bovin	A	gbb1_rat	B	gbg2_bovin	G	
8HAO	gnas2_bovin	A	gbb1_rat	B	gbg2_bovin	G	
7F6G	gnaq_human	B	gbb1_human	C	gbg2_human	D	
7Y65	gnai1_human	A	gbb1_human	B	gbg2_human	C	
7YJ4	gnai2_human	I	gbb1_bovin	T	gbg2_bovin	G	
7YK6	gnai2_human	I	gbb1_human	T	gbg2_bovin	G	
7YK7	gnai2_human	I	gbb1_human	T	gbg2_bovin	G	
7YON	gnai1_human	A	gbb1_human	B	gbg2_human	G	
7YS6	gnas2_human	B	gbb1_human	C	gbg2_human	D	
7Y66	gnai1_human	A	gbb1_human	B	gbg2_human	C	
7Y67	gnai1_human	A	gbb1_human	B	gbg2_human	C	
8F76	gnas2_human	X	gbb1_human	Y	gbg2_human	Z	Mini-Gs
8FMZ	gnaq_human	B	gbb1_human	C	gbg2_human	D	Mini-Gq 
8FN0	gnao_human	B	gbb1_human	C	gbg2_human	D	Mini-Go 
8FN1	gnao_human	B	gbb1_human	C	gbg2_human	D	
8G59	gnaq_human	A	gbb1_human	B	gbg2_human	Y	
8GY7	gnas2_human	A	gbb1_human	B	gbg2_human	G	
8H8J	gna13_human	A	gbb1_human	B	gbg2_human	G	
8HBD	gnai1_human	A	gbb1_human	B	gbg2_human	G	
8HCQ	gnaq_human	A	gbb1_human	B	gbg2_human	G	
8HCX	gnaq_human	A	gbb1_human	B	gbg2_human	G	
8HDO	gnas2_human	A	gbb1_human	B	gbg2_human	G	Mini-Gs
8HDP	gnas2_human	A	gbb1_human	B	gbg2_human	G	Mini-Gs
8HIX	gnas2_human	A	gbb1_human	B	gbg2_human	G	Mini-Gs
8HJ0	gnas2_human	A	gbb1_human	B	gbg2_human	G	Mini-Gs
8HJ2	gnas2_human	A	gbb1_human	B	gbg2_human	G	Mini-Gs
8HMV	gnas2_human	C	gbb1_human	B	gbg2_human	G	
8HS3	gnai1_human	A	gbb1_human	B	gbg2_human	C	
8HSC	gnai1_human	A	gbb1_human	B	gbg2_human	C	
8I2G	gnas2_human	A	gbb1_human	B	gbg2_human	G	fused Gs
8ID3	gnai1_human	A	gbb1_human	B	gbg2_human	Y	
8ID4	gnai1_human	A	gbb1_human	B	gbg2_human	Y	
8ID6	gnai1_human	A	gbb1_human	B	gbg2_human	Y	
8ID8	gnai1_human	A	gbb1_human	B	gbg2_human	Y	
8ID9	gnai1_human	A	gbb1_human	B	gbg2_human	Y	
7T8X	gnao_human	B	gbb1_human	C	gbg2_human	D	
7T90	gnao_human	B	gbb1_human	C	gbg2_human	D	
7T94	gnao_human	B	gbb1_human	C	gbg2_human	D	
7T96	gnao_human	B	gbb1_human	C	gbg2_human	D	
7TMW	gnas2_human	A	gbb1_human	B	gbg2_human	C	Gs fused to receptor
7W3Z	gnaq_human	B	gbb1_human	C	gbg2_human	D	
7W40	gnaq_human	B	gbb1_human	C	gbg2_human	D	
7XK2	gnai1_human	A	gbb1_human	B	gbg2_human	C	
7XK8	gnai1_human	A	gbb1_human	B	gbg2_human	C	
8EIT	gnaq_human	A	gbb1_human	B	gbg2_human	C	
8FU6	gnas2_human	A	gbb1_human	B	gbg2_human	G	
8IRS	gnai1_human	A	gbb1_human	B	gbg2_human	G	
8IW1	gnal_human	A	gbb1_human	B	gbg2_human	C	Golf-Gi chimera
8IW4	gnas2_human	A	gbb1_human	B	gbg2_human	C	
8IW7	gnas2_human	A	gbb1_human	B	gbg2_human	Y	
8IW9	gnas2_human	A	gbb1_human	B	gbg2_human	C	Mini-Gs
8G2Y	gnaq_human	A	gbb1_human	B	gbg2_human	G	Gs-mini-Gq chimera
8IBV	gnaq_human	A	gbb1_human	B	gbg2_human	G	
8GUS	gnai1_human	A	gbb1_human	B	gbg2_human	C	
7XV3	gnas2_human	A	gbb1_human	B	gbg2_human	G	
7XXI	gnai2_human	B	gbb1_human	C	gbg2_human	G	
8DZP	gnai1_human	B	gbb1_human	C	gbg2_human	D	
8DZR	gnat3_human	B	gbb1_human	C	gbg2_human	D	
8HJ5	gnaq_human	A	gbb1_human	B	gbg2_human	D	
7TRS	gnai1_human	A	gbb1_human	B	gbg2_human	G	
7XJJ	gnao_human	A	gbb1_human	B	gbg2_human	G	
8FLS	gnas2_human	A	gbb1_human	B	gbg2_human	G	
7XWO	gnaq_human	F	gbb1_rat	C	gbg2_bovin	G	
7Y1F	gnai1_human	A	gbb1_human	B	gbg2_human	C	
7Y3G	gnas2_human	A	gbb1_human	B	gbg2_human	G	
8G94	gnai1_human	B	gbb1_human	C	gbg2_human	D	
7TRQ	gnai1_human	A	gbb1_human	B	gbg2_human	G	
7XY7	gnas2_human	A	gbb1_human	B	gbg2_human	G	Mini-Gs
7YAE	gnai1_human	A	gbb1_human	B	gbg2_human	C	
8DZQ	gnao_human	B	gbb1_human	C	gbg2_human	D	
8EJC	gnaq_human	A	gbb1_human	B	gbg2_human	C	
7Y64	gnai1_human	A	gbb1_human	B	gbg2_human	C	
8DZS	gnaz_human	B	gbb1_human	C	gbg2_human	D	
8HK3	gnai1_human	A	gbb1_rat	B	gbg2_bovin	G	
8IBU	gnaq_human	A	gbb1_human	B	gbg2_human	G	
8FLQ	gnas2_human	A	gbb1_human	B	gbg2_human	G	
8GUT	gnai1_human	A	gbb1_human	B	gbg2_human	C	
8IRV	gnas2_human	A	gbb1_human	B	gbg2_human	G	
7TRK	gnai1_human	A	gbb1_human	B	gbg2_human	G	
7YAC	gnai1_human	A	gbb1_human	B	gbg2_human	C	
8EJK	gnaq_human	A	gbb1_human	B	gbg2_human	C	
8GUQ	gnai1_human	A	gbb1_human	B	gbg2_human	C	
8HK2	gnai1_human	B	gbb1_rat	C	gbg2_bovin	G	
8IA8	gnai1_human	C	gbb1_human	B	gbg2_human	G	
8ITF	gnas2_human	A	gbb1_human	B	gbg2_human	C	
8FLT	gnas2_human	A	gbb1_human	B	gbg2_human	G	
8FLU	gnas2_human	A	gbb1_human	B	gbg2_human	G	
8GHV	gnai1_human	A	gbb1_human	B	gbg2_human	C	
8GUR	gnai1_human	A	gbb1_human	B	gbg2_human	C	
8HK5	gnai1_human	C	gbb1_rat	D	gbg2_bovin	G	
8IRT	gnai1_human	A	gbb1_human	B	gbg2_human	G	
7TRP	gnai1_human	A	gbb1_human	B	gbg2_human	G	
7XXH	gna11_human	A	gbb1_human	B	gbg2_human	G	
8FLR	gnas2_human	A	gbb1_human	B	gbg2_human	G	
7XY6	gnas2_human	A	gbb1_human	B	gbg2_human	G	
7YKD	gnai1_human	C	gbb1_human	B	gbg2_human	G	
7Y35	gnas2_human	A	gbb1_rat	B	gbg2_bovin	G	
7Y36	gnas2_human	A	gbb1_rat	B	gbg2_bovin	G	
7YDH	gna13_human	A	gbb1_human	B	gbg2_human	G	Gi2-mini-G13 chimera
7YDJ	gna12_human	A	gbb1_human	B	gbg2_human	G	Mini-G12
7YDM	gnaq_human	A	gbb1_human	B	gbg2_human	G	Mini-Gq
7YDP	gnas2_human	A	gbb1_human	B	gbg2_human	C	Mini-Gs
7YM8	gnaq_human	B					Mini-Gq
7YMH	gnaq_human	B					Mini-Gq
8F0J	gnas2_human	A	gbb1_human	B	gbg2_human	G	
8F0K	gnas2_human	A	gbb1_human	B	gbg2_human	G	
8F2A	gnas2_human	A	gbb1_human	B	gbg2_human	G	
8F2B	gnas2_human	A	gbb1_human	B	gbg2_human	G	
8GW8	gnas2_human	A	gbb1_rat	B	gbg2_bovin	G	
8H0P	gnaq_human	A	gbb1_human	B	gbg2_human	G	
8H0Q	gnaq_human	A	gbb1_human	B	gbg2_human	G	
8H4I	gnas2_human	A	gbb1_human	B	gbg2_human	C	
8H4K	gnaq_human	A	gbb1_human	B	gbg2_human	G	Mini-Gq
8H4L	gnaq_human	A	gbb1_human	B	gbg2_human	G	
8HMP	gnas2_human	A	gbb1_human	B	gbg2_human	G	
8IC0	gnai1_human	B	gbb1_human	C	gbg2_human	D	
8IRR	gnas2_human	A	gbb1_human	B	gbg2_human	G	Mini-Gs
8IRU	gnai1_human	A	gbb1_human	B	gbg2_human	G	
8IUK	gnaq_human	A	gbb1_human	B	gbg2_human	G	
8IUL	gnaq_human	A	gbb1_human	B	gbg2_human	G	
8IUM	gnaq_human	A	gbb1_human	B	gbg2_human	G	
8IY5	gnai1_human	A	gbb1_rat	B	gbg2_bovin	C	
8IYS	gnaq_human	A	gbb1_human	B	gbg2_human	G	
8J18	gnai1_human	A	gbb1_human	B	gbg2_human	G	
8J19	gnai1_human	A	gbb1_human	B	gbg2_human	G	
8J1A	gnai1_human	A	gbb1_human	B	gbg2_human	G	
8JD3	gnai1_human	A	gbb1_human	B	gbg2_human	C	
8JD5	gnai1_human	A	gbb1_human	B	gbg2_human	C	
8JD6	gnai3_human	A	gbb1_human	B	gbg2_human	C	
8JLZ	gnas2_human	A	gbb1_human	B	gbg2_human	G	
8JPB	gnaq_human	Q					GRK2 bound
8JPC	gnaq_human	Q					GRK2 bound
8JR9	gnas2_human	A	gbb1_human	B	gbg2_human	G	
8PM2	gnas2_human	A	gbb1_human	B	gbg2_human	G	
8THK	gnaq_human	A	gbb1_human	B	gbg2_human	G	
8THL	gnaq_human	A	gbb1_human	B	gbg2_human	G	
7YFC	gnaq_human	A	gbb1_human	B	gbg2_human	G	
7YFD	gnaq_human	A	gbb1_human	B	gbg2_human	G	
8FEG	gnai1_human	C	gbb1_human	D	gbg2_human	E	
8FX5	gnai1_mouse	A	gbb1_human	B	gbg2_human	G	
8G05	gnai1_human	A	gbb1_human	B	gbg2_human	G	
8GCM	gnai1_human	A	gbb1_human	B	gbg2_human	C	
8GCP	gnai1_human	A	gbb1_human	B	gbg2_human	C	
8GD9	gnas2_human	A	gbb1_human	B	gbg2_human	G	
8GDA	gnas2_human	A	gbb1_human	B	gbg2_human	G	
8GDB	gnas2_human	A	gbb1_human	B	gbg2_human	G	
8GDC	gnai1_human	A	gbb1_human	B	gbg2_human	C	
8H2G	gnai1_human	B	gbb1_human	C	gbg2_human	D	
8HJ1	gnas2_human	A	gbb1_human	B	gbg2_human	G	
8HN8	gnai1_human	A	gbb1_human	B	gbg2_human	G	
8HNK	gnai1_human	A	gbb1_human	B	gbg2_human	G	
8HNM	gnai1_human	A	gbb1_human	B	gbg2_human	G	
8HOC	gnai1_human	A	gbb1_human	B	gbg2_human	G	
8HPT	gnao_human	B	gbb1_human	C	gbg2_human	G	
8HQC	gnao_human	B	gbb1_human	C	gbg2_human	G	
8HQE	gnai1_human	A	gbb1_human	B	gbg2_human	C	
8HQM	gnai1_human	A	gbb1_human	B	gbg2_human	C	
8HQN	gnai1_human	A	gbb1_human	B	gbg2_human	C	
8HTI	gnas2_human	A	gbb1_human	B	gbg2_human	C	
8HVI	gnai1_human	B	gbb1_human	C	gbg2_human	D	
8I95	gnao_human	A	gbb1_human	B	gbg2_human	G	
8I97	gnao_human	A	gbb1_human	B	gbg2_human	G	
8I9A	gnaq_human	A	gbb1_human	B	gbg2_human	G	
8I9L	gnao_human	A	gbb1_human	B	gbg2_human	G	
8I9S	gnao_human	A	gbb1_human	B	gbg2_human	G	
8IA2	gnao_human	B	gbb1_human	C	gbg2_human	G	
8IA7	gnaq_human	A	gbb1_human	B	gbg2_human	C	
8IHB	gnai1_human	A	gbb1_mouse	B	gbg2_mouse	C	
8IHF	gnai1_human	A	gbb1_mouse	B	gbg2_mouse	C	
8IHH	gnai1_human	A	gbb1_mouse	B	gbg2_mouse	C	
8IHI	gnai1_human	A	gbb1_mouse	B	gbg2_mouse	C	
8IHJ	gnai1_human	A	gbb1_mouse	B	gbg2_mouse	C	
8IJ3	gnai1_human	C	gbb1_human	B	gbg2_human	C	
8IJA	gnai1_human	C	gbb1_human	B	gbg2_human	G	
8IJB	gnai1_human	C	gbb1_human	B	gbg2_human	G	
8IJD	gnai1_human	C	gbb1_human	B	gbg2_human	G	
8INR	gnas2_human	A	gbb1_human	B	gbg2_bovin	G	Gi1-Gs chimera
8IOC	gnas2_human	A	gbb1_human	B	gbg2_bovin	G	Gi1-Gs chimera
8IOD	gnas2_human	A	gbb1_human	B	gbg2_bovin	G	Gi1-Gs chimera
8ITL	gnas2_bovin	A	gbb1_rat	B	gbg2_bovin	G	
8ITM	gnas2_bovin	A	gbb1_rat	B	gbg2_bovin	G	
8IZB	gnas2_human	A	gbb1_human	B	gbg2_human	C	
8J6D	gnao_human	A	gbb1_human	B	gbg2_human	G	
8J6P	gnai1_human	A	gbb1_human	B	gbg2_human	G	
8J6Q	gnai1_human	A	gbb1_human	B	gbg2_human	G	
8J6R	gnai1_human	A	gbb1_human	B	gbg2_human	G	
8JHY	gnai1_human	D	gbb1_human	B	gbg2_human	C	
8JII	gnai1_human	D	gbb1_human	B	gbg2_human	C	
8JIL	gnai1_human	D	gbb1_human	B	gbg2_human	C	
8JIM	gnai1_human	D	gbb1_human	B	gbg2_human	C	
8JIP	gnas2_human	A	gbb1_rat	B	gbg2_bovin	G	
8JIQ	gnas2_human	A	gbb1_rat	B	gbg2_bovin	C	
8JIR	gnas2_human	A	gbb1_rat	B	gbg2_bovin	G	
8JIS	gnas2_human	A	gbb1_rat	B	gbg2_bovin	G	
8JIT	gnas2_human	A	gbb1_rat	B	gbg2_bovin	C	
8JIU	gnas2_human	A	gbb1_rat	B	gbg2_bovin	C	
8JLJ	gnas2_human	A	gbb1_human	B	gbg2_human	Y	
8JLK	gnas2_human	A	gbb1_human	B	gbg2_human	Y	
8JLN	gnas2_human	A	gbb1_human	B	gbg2_human	Y	
8JLO	gnas2_human	A	gbb1_human	B	gbg2_human	Y	
8JLP	gnas2_human	A	gbb1_human	B	gbg2_human	Y	
8JLQ	gnas2_human	A	gbb1_human	B	gbg2_human	Y	
8JLR	gnas2_human	A	gbb1_human	B	gbg2_human	Y	
8JSO	gnas2_human	A	gbb1_human	B	gbg2_mouse	Y	
8JSP	gnai1_human	A	gbb1_human	B	gbg2_human	G	
8JZ7	gnai1_human	D	gbb1_human	B	gbg2_human	C	
8JZZ	gnao_human	C	gbb1_human	B	gbg2_human	G	
8K2X	gnai1_human	A	gbb1_human	B	gbg2_human	G	
8K4N	gnai1_human	A	gbb1_human	B	gbg2_human	C	
8KGK	gnas2_human	B	gbb1_human	C	gbg2_human	D	
8KH4	gnas2_human	B	gbb1_human	C	gbg2_human	D	
8KH5	gnas2_human	B	gbb1_human	C	gbg2_human	D	
8SAI	gnai1_human	D	gbb1_human	E	gbg2_human	C	
8SG1	gnai1_human	A	gbb1_human	B	gbg2_human	G	
8TB0	gnas2_human	A	gbb1_human	B	gbg2_human	G	
8U1U	gnai1_human	B	gbb1_human	C	gbg2_human	D	
8U26	gnas2_human	A	gbb1_human	B	gbg2_human	G	
8W87	gnas2_human	A	gbb1_human	B	gbg2_human	G	
8W88	gnas2_human	A	gbb1_human	B	gbg2_human	G	
8W89	gnas2_human	A	gbb1_human	B	gbg2_human	G	
8W8A	gnai2_human	A	gbb1_human	B	gbg2_human	G	
8W8B	gnai1_human	A	gbb1_human	B	gbg2_human	G	
8W8Q	gnas2_human	A	gbb1_human	B	gbg2_human	G	
8W8R	gnas2_human	A	gbb1_human	B	gbg2_human	G	
8WC3	gnas2_human	A	gbb1_human	B	gbg2_human	Y	
8WC4	gnas2_human	A	gbb1_human	B	gbg2_human	Y	
8WC5	gnas2_human	A	gbb1_human	B	gbg2_human	Y	
8WC6	gnas2_human	A	gbb1_human	B	gbg2_human	Y	
8WC7	gnas2_human	A	gbb1_human	B	gbg2_human	Y	
8WC8	gnas2_human	A	gbb1_human	B	gbg2_human	Y	
8WC9	gnaq_human	A	gbb1_human	B	gbg2_human	Y	
8WCA	gnas2_human	C	gbb1_human	B	gbg2_human	Y	
8WCB	gnaq_human	A	gbb1_human	B	gbg2_human	Y	
8WPU	gnaq_human	G	gbb1_human	B	gbg2_human	Y	Gi2-mini-Gq chimera
8WRB	gnai1_human	A	gbb1_human	B	gbg2_human	C	
8XBH	gnai1_human	A	gbb1_rat	B	gbg2_bovin	G	
7V9L	gnas2_human	A	gbb1_rat	B	gbg2_bovin	Y	
