,ligand_name,ATC_Code,Level 0,Level 1,Name Level 0,Name Level 1
0,cetirizine,R06A,R,R06,RESPIRATORY SYSTEM,ANTIHISTAMINES FOR SYSTEMIC USE
1,cetirizine,S01G,S,S01,SENSORY ORGANS,OPHTHALMOLOGICALS
2,pentazocine,N02A,N,N02,NERVOUS SYSTEM,ANALGESICS
3,levosalbutamol,R03C,R,R03,RESPIRATORY SYSTEM,DRUGS FOR OBSTRUCTIVE AIRWAY DISEASES
4,levosalbutamol,R03A,R,R03,RESPIRATORY SYSTEM,DRUGS FOR OBSTRUCTIVE AIRWAY DISEASES
5,doxylamine,R06A,R,R06,RESPIRATORY SYSTEM,ANTIHISTAMINES FOR SYSTEMIC USE
6,remifentanil,N01A,N,N01,NERVOUS SYSTEM,ANESTHETICS
7,gonadorelin diacetate,H01C,H,H01,"SYSTEMIC HORMONAL PREPARATIONS, EXCL. SEX HORMONES AND INSULINS",PITUITARY AND HYPOTHALAMIC HORMONES AND ANALOGUES
8,gonadorelin,H01C,H,H01,"SYSTEMIC HORMONAL PREPARATIONS, EXCL. SEX HORMONES AND INSULINS",PITUITARY AND HYPOTHALAMIC HORMONES AND ANALOGUES
9,gonadorelin diacetate,V04C,V,V04,VARIOUS,DIAGNOSTIC AGENTS
10,gonadorelin,V04C,V,V04,VARIOUS,DIAGNOSTIC AGENTS
11,levodopa,N04B,N,N04,NERVOUS SYSTEM,ANTI-PARKINSON DRUGS
12,candesartan cilexetil,C09C,C,C09,CARDIOVASCULAR SYSTEM,AGENTS ACTING ON THE RENIN-ANGIOTENSIN SYSTEM
13,candesartan,C09C,C,C09,CARDIOVASCULAR SYSTEM,AGENTS ACTING ON THE RENIN-ANGIOTENSIN SYSTEM
14,candesartan,C09D,C,C09,CARDIOVASCULAR SYSTEM,AGENTS ACTING ON THE RENIN-ANGIOTENSIN SYSTEM
15,telmisartan,C09D,C,C09,CARDIOVASCULAR SYSTEM,AGENTS ACTING ON THE RENIN-ANGIOTENSIN SYSTEM
16,telmisartan,C09C,C,C09,CARDIOVASCULAR SYSTEM,AGENTS ACTING ON THE RENIN-ANGIOTENSIN SYSTEM
17,latanoprost,S01E,S,S01,SENSORY ORGANS,OPHTHALMOLOGICALS
18,valsartan,C09D,C,C09,CARDIOVASCULAR SYSTEM,AGENTS ACTING ON THE RENIN-ANGIOTENSIN SYSTEM
19,valsartan,C09C,C,C09,CARDIOVASCULAR SYSTEM,AGENTS ACTING ON THE RENIN-ANGIOTENSIN SYSTEM
20,valsartan,C10B,C,C10,CARDIOVASCULAR SYSTEM,LIPID MODIFYING AGENTS
21,propiverine,G04B,G,G04,GENITO URINARY SYSTEM AND SEX HORMONES,UROLOGICALS
22,tizanidine,M03B,M,M03,MUSCULO-SKELETAL SYSTEM,MUSCLE RELAXANTS
23,methscopolamine,S01F,S,S01,SENSORY ORGANS,OPHTHALMOLOGICALS
24,methscopolamine bromide,S01F,S,S01,SENSORY ORGANS,OPHTHALMOLOGICALS
25,methscopolamine,A03C,A,A03,ALIMENTARY TRACT AND METABOLISM,DRUGS FOR FUNCTIONAL GASTROINTESTINAL DISORDERS
26,methscopolamine bromide,A03C,A,A03,ALIMENTARY TRACT AND METABOLISM,DRUGS FOR FUNCTIONAL GASTROINTESTINAL DISORDERS
27,methscopolamine,A03B,A,A03,ALIMENTARY TRACT AND METABOLISM,DRUGS FOR FUNCTIONAL GASTROINTESTINAL DISORDERS
28,methscopolamine bromide,A03B,A,A03,ALIMENTARY TRACT AND METABOLISM,DRUGS FOR FUNCTIONAL GASTROINTESTINAL DISORDERS
29,suvorexant,N05C,N,N05,NERVOUS SYSTEM,PSYCHOLEPTICS
30,acetophenazine,N05A,N,N05,NERVOUS SYSTEM,PSYCHOLEPTICS
31,agomelatine,N06A,N,N06,NERVOUS SYSTEM,PSYCHOANALEPTICS
32,mesoridazine,N05A,N,N05,NERVOUS SYSTEM,PSYCHOLEPTICS
33,pirbuterol,R03C,R,R03,RESPIRATORY SYSTEM,DRUGS FOR OBSTRUCTIVE AIRWAY DISEASES
34,pirbuterol,R03A,R,R03,RESPIRATORY SYSTEM,DRUGS FOR OBSTRUCTIVE AIRWAY DISEASES
35,reproterol,R03C,R,R03,RESPIRATORY SYSTEM,DRUGS FOR OBSTRUCTIVE AIRWAY DISEASES
36,reproterol,R03A,R,R03,RESPIRATORY SYSTEM,DRUGS FOR OBSTRUCTIVE AIRWAY DISEASES
37,indacaterol,R03A,R,R03,RESPIRATORY SYSTEM,DRUGS FOR OBSTRUCTIVE AIRWAY DISEASES
38,ponesimod,L04A,L,L04,ANTINEOPLASTIC AND IMMUNOMODULATING AGENTS,IMMUNOSUPPRESSANTS
39,clazosentan,C04A,C,C04,CARDIOVASCULAR SYSTEM,PERIPHERAL VASODILATORS
40,biperiden,N04A,N,N04,NERVOUS SYSTEM,ANTI-PARKINSON DRUGS
41,epinastine,S01G,S,S01,SENSORY ORGANS,OPHTHALMOLOGICALS
42,epinastine,R06A,R,R06,RESPIRATORY SYSTEM,ANTIHISTAMINES FOR SYSTEMIC USE
43,droperidol,N05A,N,N05,NERVOUS SYSTEM,PSYCHOLEPTICS
44,ambrisentan,C02K,C,C02,CARDIOVASCULAR SYSTEM,ANTIHYPERTENSIVES
45,aripiprazole,N05A,N,N05,NERVOUS SYSTEM,PSYCHOLEPTICS
46,amoxapine,N06A,N,N06,NERVOUS SYSTEM,PSYCHOANALEPTICS
47,dicyclomine,A03A,A,A03,ALIMENTARY TRACT AND METABOLISM,DRUGS FOR FUNCTIONAL GASTROINTESTINAL DISORDERS
48,caffeine,D11A,D,D11,DERMATOLOGICALS,OTHER DERMATOLOGICAL PREPARATIONS
49,caffeine,V04C,V,V04,VARIOUS,DIAGNOSTIC AGENTS
50,caffeine,N06B,N,N06,NERVOUS SYSTEM,PSYCHOANALEPTICS
51,caffeine,R03D,R,R03,RESPIRATORY SYSTEM,DRUGS FOR OBSTRUCTIVE AIRWAY DISEASES
52,epoprostenol (TN),B01A,B,B01,BLOOD AND BLOOD FORMING ORGANS,ANTITHROMBOTIC AGENTS
53,epoprostenol,B01A,B,B01,BLOOD AND BLOOD FORMING ORGANS,ANTITHROMBOTIC AGENTS
54,tulobuterol,R03C,R,R03,RESPIRATORY SYSTEM,DRUGS FOR OBSTRUCTIVE AIRWAY DISEASES
55,tulobuterol,R03A,R,R03,RESPIRATORY SYSTEM,DRUGS FOR OBSTRUCTIVE AIRWAY DISEASES
56,desloratadine,R06A,R,R06,RESPIRATORY SYSTEM,ANTIHISTAMINES FOR SYSTEMIC USE
57,prucalopride,A06A,A,A06,ALIMENTARY TRACT AND METABOLISM,DRUGS FOR CONSTIPATION
58,propantheline,A03C,A,A03,ALIMENTARY TRACT AND METABOLISM,DRUGS FOR FUNCTIONAL GASTROINTESTINAL DISORDERS
59,propantheline,A03A,A,A03,ALIMENTARY TRACT AND METABOLISM,DRUGS FOR FUNCTIONAL GASTROINTESTINAL DISORDERS
60,zolmitriptan,N02C,N,N02,NERVOUS SYSTEM,ANALGESICS
61,methylnaltrexone,A06A,A,A06,ALIMENTARY TRACT AND METABOLISM,DRUGS FOR CONSTIPATION
62,methylnaltrexone [VANDF],A06A,A,A06,ALIMENTARY TRACT AND METABOLISM,DRUGS FOR CONSTIPATION
63,umeclidinium,R03B,R,R03,RESPIRATORY SYSTEM,DRUGS FOR OBSTRUCTIVE AIRWAY DISEASES
64,umeclidinium,R03A,R,R03,RESPIRATORY SYSTEM,DRUGS FOR OBSTRUCTIVE AIRWAY DISEASES
65,olopatadine,R01A,R,R01,RESPIRATORY SYSTEM,NASAL PREPARATIONS
66,olopatadine,S01G,S,S01,SENSORY ORGANS,OPHTHALMOLOGICALS
67,pheniramine,R06A,R,R06,RESPIRATORY SYSTEM,ANTIHISTAMINES FOR SYSTEMIC USE
68,pheniramine,D04A,D,D04,DERMATOLOGICALS,"ANTIPRURITICS, INCL. ANTIHISTAMINES, ANESTHETICS, ETC."
69,aclidinium,R03A,R,R03,RESPIRATORY SYSTEM,DRUGS FOR OBSTRUCTIVE AIRWAY DISEASES
70,aclidinium,R03B,R,R03,RESPIRATORY SYSTEM,DRUGS FOR OBSTRUCTIVE AIRWAY DISEASES
71,ergometrine,G02A,G,G02,GENITO URINARY SYSTEM AND SEX HORMONES,OTHER GYNECOLOGICALS
72,vilanterol,R03A,R,R03,RESPIRATORY SYSTEM,DRUGS FOR OBSTRUCTIVE AIRWAY DISEASES
73,fosaprepitant,A04A,A,A04,ALIMENTARY TRACT AND METABOLISM,ANTIEMETICS AND ANTINAUSEANTS
74,dimenhydrinate+,R06A,R,R06,RESPIRATORY SYSTEM,ANTIHISTAMINES FOR SYSTEMIC USE
75,dimenhydrinate,R06A,R,R06,RESPIRATORY SYSTEM,ANTIHISTAMINES FOR SYSTEMIC USE
76,oxtriphylline,R03D,R,R03,RESPIRATORY SYSTEM,DRUGS FOR OBSTRUCTIVE AIRWAY DISEASES
77,aminophylline,R03D,R,R03,RESPIRATORY SYSTEM,DRUGS FOR OBSTRUCTIVE AIRWAY DISEASES
78,theophylline,R03D,R,R03,RESPIRATORY SYSTEM,DRUGS FOR OBSTRUCTIVE AIRWAY DISEASES
79,cetrorelix,H01C,H,H01,"SYSTEMIC HORMONAL PREPARATIONS, EXCL. SEX HORMONES AND INSULINS",PITUITARY AND HYPOTHALAMIC HORMONES AND ANALOGUES
80,tropicamide,S01F,S,S01,SENSORY ORGANS,OPHTHALMOLOGICALS
81,4-Hydroxybutanoic acid,N01A,N,N01,NERVOUS SYSTEM,ANESTHETICS
82,sodium oxybate,N01A,N,N01,NERVOUS SYSTEM,ANESTHETICS
83,4-Hydroxybutanoic acid,N07X,N,N07,NERVOUS SYSTEM,OTHER NERVOUS SYSTEM DRUGS
84,sodium oxybate,N07X,N,N07,NERVOUS SYSTEM,OTHER NERVOUS SYSTEM DRUGS
85,olmesartan medoxomil,C09C,C,C09,CARDIOVASCULAR SYSTEM,AGENTS ACTING ON THE RENIN-ANGIOTENSIN SYSTEM
86,travoprost,S01E,S,S01,SENSORY ORGANS,OPHTHALMOLOGICALS
87,homatropine methylbromide,A03B,A,A03,ALIMENTARY TRACT AND METABOLISM,DRUGS FOR FUNCTIONAL GASTROINTESTINAL DISORDERS
88,methylhomatropine bromide,A03B,A,A03,ALIMENTARY TRACT AND METABOLISM,DRUGS FOR FUNCTIONAL GASTROINTESTINAL DISORDERS
89,homatropine methylbromide,A03C,A,A03,ALIMENTARY TRACT AND METABOLISM,DRUGS FOR FUNCTIONAL GASTROINTESTINAL DISORDERS
90,methylhomatropine bromide,A03C,A,A03,ALIMENTARY TRACT AND METABOLISM,DRUGS FOR FUNCTIONAL GASTROINTESTINAL DISORDERS
91,fluphenazine decanoate,N05A,N,N05,NERVOUS SYSTEM,PSYCHOLEPTICS
92,dexchlorpheniramine maleate,R06A,R,R06,RESPIRATORY SYSTEM,ANTIHISTAMINES FOR SYSTEMIC USE
93,dexchlorpheniramine,R06A,R,R06,RESPIRATORY SYSTEM,ANTIHISTAMINES FOR SYSTEMIC USE
94,fluphenazine enanthate,N05A,N,N05,NERVOUS SYSTEM,PSYCHOLEPTICS
95,methdilazine,R06A,R,R06,RESPIRATORY SYSTEM,ANTIHISTAMINES FOR SYSTEMIC USE
96,bimatoprost,S01E,S,S01,SENSORY ORGANS,OPHTHALMOLOGICALS
97,haloperidol decanoate,N05A,N,N05,NERVOUS SYSTEM,PSYCHOLEPTICS
98,thiothixene,N05A,N,N05,NERVOUS SYSTEM,PSYCHOLEPTICS
99,cabergoline,G02C,G,G02,GENITO URINARY SYSTEM AND SEX HORMONES,OTHER GYNECOLOGICALS
100,cabergoline,N04B,N,N04,NERVOUS SYSTEM,ANTI-PARKINSON DRUGS
101,lanreotide,H01C,H,H01,"SYSTEMIC HORMONAL PREPARATIONS, EXCL. SEX HORMONES AND INSULINS",PITUITARY AND HYPOTHALAMIC HORMONES AND ANALOGUES
102,S-lanreotide,H01C,H,H01,"SYSTEMIC HORMONAL PREPARATIONS, EXCL. SEX HORMONES AND INSULINS",PITUITARY AND HYPOTHALAMIC HORMONES AND ANALOGUES
103,maraviroc,J05A,J,J05,ANTIINFECTIVES FOR SYSTEMIC USE,ANTIVIRALS FOR SYSTEMIC USE
104,levocetirizine,R06A,R,R06,RESPIRATORY SYSTEM,ANTIHISTAMINES FOR SYSTEMIC USE
105,leuprolide,L02A,L,L02,ANTINEOPLASTIC AND IMMUNOMODULATING AGENTS,ENDOCRINE THERAPY
106,benztropine,N04A,N,N04,NERVOUS SYSTEM,ANTI-PARKINSON DRUGS
107,midodrine,C01C,C,C01,CARDIOVASCULAR SYSTEM,CARDIAC THERAPY
108,isoetharine [MI],R03A,R,R03,RESPIRATORY SYSTEM,DRUGS FOR OBSTRUCTIVE AIRWAY DISEASES
109,isoetharine,R03A,R,R03,RESPIRATORY SYSTEM,DRUGS FOR OBSTRUCTIVE AIRWAY DISEASES
110,dapiprazole,S01E,S,S01,SENSORY ORGANS,OPHTHALMOLOGICALS
111,lisdexamfetamine,N06B,N,N06,NERVOUS SYSTEM,PSYCHOANALEPTICS
112,isopropamide,A03C,A,A03,ALIMENTARY TRACT AND METABOLISM,DRUGS FOR FUNCTIONAL GASTROINTESTINAL DISORDERS
113,isopropamide,A03A,A,A03,ALIMENTARY TRACT AND METABOLISM,DRUGS FOR FUNCTIONAL GASTROINTESTINAL DISORDERS
114,mephentermine,C01C,C,C01,CARDIOVASCULAR SYSTEM,CARDIAC THERAPY
115,levobunolol,S01E,S,S01,SENSORY ORGANS,OPHTHALMOLOGICALS
116,rocuronium,M03A,M,M03,MUSCULO-SKELETAL SYSTEM,MUSCLE RELAXANTS
117,bromodiphenhydramine,R06A,R,R06,RESPIRATORY SYSTEM,ANTIHISTAMINES FOR SYSTEMIC USE
118,S-goserelin,L02A,L,L02,ANTINEOPLASTIC AND IMMUNOMODULATING AGENTS,ENDOCRINE THERAPY
119,goserelin,L02A,L,L02,ANTINEOPLASTIC AND IMMUNOMODULATING AGENTS,ENDOCRINE THERAPY
120,arbutamine,C01C,C,C01,CARDIOVASCULAR SYSTEM,CARDIAC THERAPY
121,histrelin,L02A,L,L02,ANTINEOPLASTIC AND IMMUNOMODULATING AGENTS,ENDOCRINE THERAPY
122,bethanidine,C02C,C,C02,CARDIOVASCULAR SYSTEM,ANTIHYPERTENSIVES
123,dipivefrin,S01E,S,S01,SENSORY ORGANS,OPHTHALMOLOGICALS
124,methantheline,A03A,A,A03,ALIMENTARY TRACT AND METABOLISM,DRUGS FOR FUNCTIONAL GASTROINTESTINAL DISORDERS
125,buclizine,R06A,R,R06,RESPIRATORY SYSTEM,ANTIHISTAMINES FOR SYSTEMIC USE
126,levobetaxolol,S01E,S,S01,SENSORY ORGANS,OPHTHALMOLOGICALS
127,cinacalcet,H05B,H,H05,"SYSTEMIC HORMONAL PREPARATIONS, EXCL. SEX HORMONES AND INSULINS",CALCIUM HOMEOSTASIS
128,oxyphenonium,A03A,A,A03,ALIMENTARY TRACT AND METABOLISM,DRUGS FOR FUNCTIONAL GASTROINTESTINAL DISORDERS
129,dexbrompheniramine,R06A,R,R06,RESPIRATORY SYSTEM,ANTIHISTAMINES FOR SYSTEMIC USE
130,acamprosate,N07B,N,N07,NERVOUS SYSTEM,OTHER NERVOUS SYSTEM DRUGS
131,bitolterol,R03A,R,R03,RESPIRATORY SYSTEM,DRUGS FOR OBSTRUCTIVE AIRWAY DISEASES
132,nafarelin,H01C,H,H01,"SYSTEMIC HORMONAL PREPARATIONS, EXCL. SEX HORMONES AND INSULINS",PITUITARY AND HYPOTHALAMIC HORMONES AND ANALOGUES
133,S-nafarelin,H01C,H,H01,"SYSTEMIC HORMONAL PREPARATIONS, EXCL. SEX HORMONES AND INSULINS",PITUITARY AND HYPOTHALAMIC HORMONES AND ANALOGUES
134,metaraminol,C01C,C,C01,CARDIOVASCULAR SYSTEM,CARDIAC THERAPY
135,hexocyclium,A03A,A,A03,ALIMENTARY TRACT AND METABOLISM,DRUGS FOR FUNCTIONAL GASTROINTESTINAL DISORDERS
136,triptorelin,L02A,L,L02,ANTINEOPLASTIC AND IMMUNOMODULATING AGENTS,ENDOCRINE THERAPY
137,glycopyrronium bromide,A03C,A,A03,ALIMENTARY TRACT AND METABOLISM,DRUGS FOR FUNCTIONAL GASTROINTESTINAL DISORDERS
138,glycopyrronium,A03C,A,A03,ALIMENTARY TRACT AND METABOLISM,DRUGS FOR FUNCTIONAL GASTROINTESTINAL DISORDERS
139,glycopyrronium bromide,R03A,R,R03,RESPIRATORY SYSTEM,DRUGS FOR OBSTRUCTIVE AIRWAY DISEASES
140,glycopyrronium,R03A,R,R03,RESPIRATORY SYSTEM,DRUGS FOR OBSTRUCTIVE AIRWAY DISEASES
141,glycopyrronium bromide,D11A,D,D11,DERMATOLOGICALS,OTHER DERMATOLOGICAL PREPARATIONS
142,glycopyrronium,D11A,D,D11,DERMATOLOGICALS,OTHER DERMATOLOGICAL PREPARATIONS
143,glycopyrronium bromide,A03A,A,A03,ALIMENTARY TRACT AND METABOLISM,DRUGS FOR FUNCTIONAL GASTROINTESTINAL DISORDERS
144,glycopyrronium,A03A,A,A03,ALIMENTARY TRACT AND METABOLISM,DRUGS FOR FUNCTIONAL GASTROINTESTINAL DISORDERS
145,glycopyrronium bromide,R03B,R,R03,RESPIRATORY SYSTEM,DRUGS FOR OBSTRUCTIVE AIRWAY DISEASES
146,glycopyrronium,R03B,R,R03,RESPIRATORY SYSTEM,DRUGS FOR OBSTRUCTIVE AIRWAY DISEASES
147,cyclopentolate,S01F,S,S01,SENSORY ORGANS,OPHTHALMOLOGICALS
148,diphemanil,A03A,A,A03,ALIMENTARY TRACT AND METABOLISM,DRUGS FOR FUNCTIONAL GASTROINTESTINAL DISORDERS
149,diphemanil,A03C,A,A03,ALIMENTARY TRACT AND METABOLISM,DRUGS FOR FUNCTIONAL GASTROINTESTINAL DISORDERS
150,methixene,N04A,N,N04,NERVOUS SYSTEM,ANTI-PARKINSON DRUGS
151,tridihexethyl,A03A,A,A03,ALIMENTARY TRACT AND METABOLISM,DRUGS FOR FUNCTIONAL GASTROINTESTINAL DISORDERS
152,methylergonovine,G02A,G,G02,GENITO URINARY SYSTEM AND SEX HORMONES,OTHER GYNECOLOGICALS
153,lutropin alfa,G03G,G,G03,GENITO URINARY SYSTEM AND SEX HORMONES,SEX HORMONES AND MODULATORS OF THE GENITAL SYSTEM
154,choriogonadotropin alfa,G03G,G,G03,GENITO URINARY SYSTEM AND SEX HORMONES,SEX HORMONES AND MODULATORS OF THE GENITAL SYSTEM
155,secretin synthetic human,V04C,V,V04,VARIOUS,DIAGNOSTIC AGENTS
156,"gonadotropin, chorionic",G03G,G,G03,GENITO URINARY SYSTEM AND SEX HORMONES,SEX HORMONES AND MODULATORS OF THE GENITAL SYSTEM
157,follitropin,G03G,G,G03,GENITO URINARY SYSTEM AND SEX HORMONES,SEX HORMONES AND MODULATORS OF THE GENITAL SYSTEM
158,thyrotropin alfa,H01A,H,H01,"SYSTEMIC HORMONAL PREPARATIONS, EXCL. SEX HORMONES AND INSULINS",PITUITARY AND HYPOTHALAMIC HORMONES AND ANALOGUES
159,teriparatide acetate hydrate,H05A,H,H05,"SYSTEMIC HORMONAL PREPARATIONS, EXCL. SEX HORMONES AND INSULINS",CALCIUM HOMEOSTASIS
160,teriparatide,H05A,H,H05,"SYSTEMIC HORMONAL PREPARATIONS, EXCL. SEX HORMONES AND INSULINS",CALCIUM HOMEOSTASIS
161,corticorelin ovine triflutate,V04C,V,V04,VARIOUS,DIAGNOSTIC AGENTS
162,corticotropin,H01A,H,H01,"SYSTEMIC HORMONAL PREPARATIONS, EXCL. SEX HORMONES AND INSULINS",PITUITARY AND HYPOTHALAMIC HORMONES AND ANALOGUES
163,secretin synthetic porcine,V04C,V,V04,VARIOUS,DIAGNOSTIC AGENTS
164,glucagon hydrochloride,H04A,H,H04,"SYSTEMIC HORMONAL PREPARATIONS, EXCL. SEX HORMONES AND INSULINS",PANCREATIC HORMONES
165,calcitonin salmon recombinant,H05B,H,H05,"SYSTEMIC HORMONAL PREPARATIONS, EXCL. SEX HORMONES AND INSULINS",CALCIUM HOMEOSTASIS
166,alcaftadine,S01G,S,S01,SENSORY ORGANS,OPHTHALMOLOGICALS
167,bepotastine free base,R06A,R,R06,RESPIRATORY SYSTEM,ANTIHISTAMINES FOR SYSTEMIC USE
168,bepotastine,R06A,R,R06,RESPIRATORY SYSTEM,ANTIHISTAMINES FOR SYSTEMIC USE
169,fesoterodine,G04B,G,G04,GENITO URINARY SYSTEM AND SEX HORMONES,UROLOGICALS
170,prasugrel,B01A,B,B01,BLOOD AND BLOOD FORMING ORGANS,ANTITHROMBOTIC AGENTS
171,tapentadol,N02A,N,N02,NERVOUS SYSTEM,ANALGESICS
172,ethopropazine,N04A,N,N04,NERVOUS SYSTEM,ANTI-PARKINSON DRUGS
173,beraprost sodium,B01A,B,B01,BLOOD AND BLOOD FORMING ORGANS,ANTITHROMBOTIC AGENTS
174,beraprost,B01A,B,B01,BLOOD AND BLOOD FORMING ORGANS,ANTITHROMBOTIC AGENTS
175,elagolix,H01C,H,H01,"SYSTEMIC HORMONAL PREPARATIONS, EXCL. SEX HORMONES AND INSULINS",PITUITARY AND HYPOTHALAMIC HORMONES AND ANALOGUES
176,phenylephrine,R01B,R,R01,RESPIRATORY SYSTEM,NASAL PREPARATIONS
177,phenylephrine,R01A,R,R01,RESPIRATORY SYSTEM,NASAL PREPARATIONS
178,phenylephrine,C01C,C,C01,CARDIOVASCULAR SYSTEM,CARDIAC THERAPY
179,phenylephrine,S01G,S,S01,SENSORY ORGANS,OPHTHALMOLOGICALS
180,phenylephrine,S01F,S,S01,SENSORY ORGANS,OPHTHALMOLOGICALS
181,ramelteon,N05C,N,N05,NERVOUS SYSTEM,PSYCHOLEPTICS
182,acrivastine,R06A,R,R06,RESPIRATORY SYSTEM,ANTIHISTAMINES FOR SYSTEMIC USE
183,oxybutynin,G04B,G,G04,GENITO URINARY SYSTEM AND SEX HORMONES,UROLOGICALS
184,lurasidone,N05A,N,N05,NERVOUS SYSTEM,PSYCHOLEPTICS
185,S-tesamorelin,H01A,H,H01,"SYSTEMIC HORMONAL PREPARATIONS, EXCL. SEX HORMONES AND INSULINS",PITUITARY AND HYPOTHALAMIC HORMONES AND ANALOGUES
186,tesamorelin,H01A,H,H01,"SYSTEMIC HORMONAL PREPARATIONS, EXCL. SEX HORMONES AND INSULINS",PITUITARY AND HYPOTHALAMIC HORMONES AND ANALOGUES
187,Ultram,N02A,N,N02,NERVOUS SYSTEM,ANALGESICS
188,tramadol,N02A,N,N02,NERVOUS SYSTEM,ANALGESICS
189,carboprost,G02A,G,G02,GENITO URINARY SYSTEM AND SEX HORMONES,OTHER GYNECOLOGICALS
190,carboprost tromethamine,G02A,G,G02,GENITO URINARY SYSTEM AND SEX HORMONES,OTHER GYNECOLOGICALS
191,treprostinil,B01A,B,B01,BLOOD AND BLOOD FORMING ORGANS,ANTITHROMBOTIC AGENTS
192,tripelennamine,R06A,R,R06,RESPIRATORY SYSTEM,ANTIHISTAMINES FOR SYSTEMIC USE
193,tripelennamine,D04A,D,D04,DERMATOLOGICALS,"ANTIPRURITICS, INCL. ANTIHISTAMINES, ANESTHETICS, ETC."
194,ganirelix acetate,H01C,H,H01,"SYSTEMIC HORMONAL PREPARATIONS, EXCL. SEX HORMONES AND INSULINS",PITUITARY AND HYPOTHALAMIC HORMONES AND ANALOGUES
195,abarelix,L02B,L,L02,ANTINEOPLASTIC AND IMMUNOMODULATING AGENTS,ENDOCRINE THERAPY
196,formoterol,R03C,R,R03,RESPIRATORY SYSTEM,DRUGS FOR OBSTRUCTIVE AIRWAY DISEASES
197,"(S,S)-formoterol",R03C,R,R03,RESPIRATORY SYSTEM,DRUGS FOR OBSTRUCTIVE AIRWAY DISEASES
198,"(R,R)-formoterol",R03C,R,R03,RESPIRATORY SYSTEM,DRUGS FOR OBSTRUCTIVE AIRWAY DISEASES
199,formoterol,R03A,R,R03,RESPIRATORY SYSTEM,DRUGS FOR OBSTRUCTIVE AIRWAY DISEASES
200,"(S,S)-formoterol",R03A,R,R03,RESPIRATORY SYSTEM,DRUGS FOR OBSTRUCTIVE AIRWAY DISEASES
201,"(R,R)-formoterol",R03A,R,R03,RESPIRATORY SYSTEM,DRUGS FOR OBSTRUCTIVE AIRWAY DISEASES
202,picotamide,B01A,B,B01,BLOOD AND BLOOD FORMING ORGANS,ANTITHROMBOTIC AGENTS
203,salmeterol,R03A,R,R03,RESPIRATORY SYSTEM,DRUGS FOR OBSTRUCTIVE AIRWAY DISEASES
204,tetrahydrozoline,R01A,R,R01,RESPIRATORY SYSTEM,NASAL PREPARATIONS
205,tetrahydrozoline,S01G,S,S01,SENSORY ORGANS,OPHTHALMOLOGICALS
206,naratriptan,N02C,N,N02,NERVOUS SYSTEM,ANALGESICS
207,frovatriptan,N02C,N,N02,NERVOUS SYSTEM,ANALGESICS
208,sumatriptan,N02C,N,N02,NERVOUS SYSTEM,ANALGESICS
209,sumatriptan,G01A,G,G01,GENITO URINARY SYSTEM AND SEX HORMONES,GYNECOLOGICAL ANTIINFECTIVES AND ANTISEPTICS
210,tianeptine,N06A,N,N06,NERVOUS SYSTEM,PSYCHOANALEPTICS
211,penbutolol,C07C,C,C07,CARDIOVASCULAR SYSTEM,BETA BLOCKING AGENTS
212,penbutolol,C07A,C,C07,CARDIOVASCULAR SYSTEM,BETA BLOCKING AGENTS
213,metipranolol,C07B,C,C07,CARDIOVASCULAR SYSTEM,BETA BLOCKING AGENTS
214,metipranolol,S01E,S,S01,SENSORY ORGANS,OPHTHALMOLOGICALS
215,metoprolol,C07A,C,C07,CARDIOVASCULAR SYSTEM,BETA BLOCKING AGENTS
216,metoprolol,C07C,C,C07,CARDIOVASCULAR SYSTEM,BETA BLOCKING AGENTS
217,metoprolol,C07B,C,C07,CARDIOVASCULAR SYSTEM,BETA BLOCKING AGENTS
218,metoprolol,C07F,C,C07,CARDIOVASCULAR SYSTEM,BETA BLOCKING AGENTS
219,rotigotine,N04B,N,N04,NERVOUS SYSTEM,ANTI-PARKINSON DRUGS
220,antazoline,R01A,R,R01,RESPIRATORY SYSTEM,NASAL PREPARATIONS
221,antazoline,R06A,R,R06,RESPIRATORY SYSTEM,ANTIHISTAMINES FOR SYSTEMIC USE
222,hyoscyamine,A03C,A,A03,ALIMENTARY TRACT AND METABOLISM,DRUGS FOR FUNCTIONAL GASTROINTESTINAL DISORDERS
223,hyoscyamine,A03B,A,A03,ALIMENTARY TRACT AND METABOLISM,DRUGS FOR FUNCTIONAL GASTROINTESTINAL DISORDERS
224,clonidine,S01E,S,S01,SENSORY ORGANS,OPHTHALMOLOGICALS
225,clonidine,C02A,C,C02,CARDIOVASCULAR SYSTEM,ANTIHYPERTENSIVES
226,clonidine,N02C,N,N02,NERVOUS SYSTEM,ANALGESICS
227,clonidine,C02L,C,C02,CARDIOVASCULAR SYSTEM,ANTIHYPERTENSIVES
228,R-darifenacin,G04B,G,G04,GENITO URINARY SYSTEM AND SEX HORMONES,UROLOGICALS
229,darifenacin,G04B,G,G04,GENITO URINARY SYSTEM AND SEX HORMONES,UROLOGICALS
230,piribedil,N04B,N,N04,NERVOUS SYSTEM,ANTI-PARKINSON DRUGS
231,nicergoline,C04A,C,C04,CARDIOVASCULAR SYSTEM,PERIPHERAL VASODILATORS
232,thiethylperazine,R06A,R,R06,RESPIRATORY SYSTEM,ANTIHISTAMINES FOR SYSTEMIC USE
233,tolterodine,G04B,G,G04,GENITO URINARY SYSTEM AND SEX HORMONES,UROLOGICALS
234,oxatomide,R06A,R,R06,RESPIRATORY SYSTEM,ANTIHISTAMINES FOR SYSTEMIC USE
235,pimozide,N05A,N,N05,NERVOUS SYSTEM,PSYCHOLEPTICS
236,naftopidil,G04C,G,G04,GENITO URINARY SYSTEM AND SEX HORMONES,UROLOGICALS
237,desmopressin,H01B,H,H01,"SYSTEMIC HORMONAL PREPARATIONS, EXCL. SEX HORMONES AND INSULINS",PITUITARY AND HYPOTHALAMIC HORMONES AND ANALOGUES
238,S-desmopressin,H01B,H,H01,"SYSTEMIC HORMONAL PREPARATIONS, EXCL. SEX HORMONES AND INSULINS",PITUITARY AND HYPOTHALAMIC HORMONES AND ANALOGUES
239,R-desmopressin,H01B,H,H01,"SYSTEMIC HORMONAL PREPARATIONS, EXCL. SEX HORMONES AND INSULINS",PITUITARY AND HYPOTHALAMIC HORMONES AND ANALOGUES
240,norepinephrine,C01C,C,C01,CARDIOVASCULAR SYSTEM,CARDIAC THERAPY
241,iloperidone,N05A,N,N05,NERVOUS SYSTEM,PSYCHOLEPTICS
242,dibenzepin,N06A,N,N06,NERVOUS SYSTEM,PSYCHOANALEPTICS
243,hydrocodone,R05D,R,R05,RESPIRATORY SYSTEM,COUGH AND COLD PREPARATIONS
244,aprepitant,A04A,A,A04,ALIMENTARY TRACT AND METABOLISM,ANTIEMETICS AND ANTINAUSEANTS
245,protirelin,V04C,V,V04,VARIOUS,DIAGNOSTIC AGENTS
246,danazol,G03X,G,G03,GENITO URINARY SYSTEM AND SEX HORMONES,SEX HORMONES AND MODULATORS OF THE GENITAL SYSTEM
247,bethanechol,N07A,N,N07,NERVOUS SYSTEM,OTHER NERVOUS SYSTEM DRUGS
248,trihexyphenidyl,N04A,N,N04,NERVOUS SYSTEM,ANTI-PARKINSON DRUGS
249,diphenylpyraline,R06A,R,R06,RESPIRATORY SYSTEM,ANTIHISTAMINES FOR SYSTEMIC USE
250,dothiepin,N06A,N,N06,NERVOUS SYSTEM,PSYCHOANALEPTICS
251,dosulepin,N06A,N,N06,NERVOUS SYSTEM,PSYCHOANALEPTICS
252,trans-dothiepin,N06A,N,N06,NERVOUS SYSTEM,PSYCHOANALEPTICS
253,flavoxate,G04B,G,G04,GENITO URINARY SYSTEM AND SEX HORMONES,UROLOGICALS
254,oxyphencyclimine,A03C,A,A03,ALIMENTARY TRACT AND METABOLISM,DRUGS FOR FUNCTIONAL GASTROINTESTINAL DISORDERS
255,oxyphencyclimine,A03A,A,A03,ALIMENTARY TRACT AND METABOLISM,DRUGS FOR FUNCTIONAL GASTROINTESTINAL DISORDERS
256,almotriptan,N02C,N,N02,NERVOUS SYSTEM,ANALGESICS
257,eletriptan,N02C,N,N02,NERVOUS SYSTEM,ANALGESICS
258,irbesartan,C09D,C,C09,CARDIOVASCULAR SYSTEM,AGENTS ACTING ON THE RENIN-ANGIOTENSIN SYSTEM
259,irbesartan,C09C,C,C09,CARDIOVASCULAR SYSTEM,AGENTS ACTING ON THE RENIN-ANGIOTENSIN SYSTEM
260,levomethadyl acetate,N07B,N,N07,NERVOUS SYSTEM,OTHER NERVOUS SYSTEM DRUGS
261,olmesartan,C09D,C,C09,CARDIOVASCULAR SYSTEM,AGENTS ACTING ON THE RENIN-ANGIOTENSIN SYSTEM
262,olmesartan,C09C,C,C09,CARDIOVASCULAR SYSTEM,AGENTS ACTING ON THE RENIN-ANGIOTENSIN SYSTEM
263,ephedrine hydrochloride,R03C,R,R03,RESPIRATORY SYSTEM,DRUGS FOR OBSTRUCTIVE AIRWAY DISEASES
264,ephedrine sulfate,R03C,R,R03,RESPIRATORY SYSTEM,DRUGS FOR OBSTRUCTIVE AIRWAY DISEASES
265,ephedrine,R03C,R,R03,RESPIRATORY SYSTEM,DRUGS FOR OBSTRUCTIVE AIRWAY DISEASES
266,ephedrine hydrochloride,S01F,S,S01,SENSORY ORGANS,OPHTHALMOLOGICALS
267,ephedrine sulfate,S01F,S,S01,SENSORY ORGANS,OPHTHALMOLOGICALS
268,ephedrine,S01F,S,S01,SENSORY ORGANS,OPHTHALMOLOGICALS
269,ephedrine hydrochloride,R01A,R,R01,RESPIRATORY SYSTEM,NASAL PREPARATIONS
270,ephedrine sulfate,R01A,R,R01,RESPIRATORY SYSTEM,NASAL PREPARATIONS
271,ephedrine,R01A,R,R01,RESPIRATORY SYSTEM,NASAL PREPARATIONS
272,ephedrine hydrochloride,C01C,C,C01,CARDIOVASCULAR SYSTEM,CARDIAC THERAPY
273,ephedrine sulfate,C01C,C,C01,CARDIOVASCULAR SYSTEM,CARDIAC THERAPY
274,ephedrine,C01C,C,C01,CARDIOVASCULAR SYSTEM,CARDIAC THERAPY
275,ephedrine hydrochloride,A08A,A,A08,ALIMENTARY TRACT AND METABOLISM,"ANTIOBESITY PREPARATIONS, EXCL. DIET PRODUCTS"
276,ephedrine sulfate,A08A,A,A08,ALIMENTARY TRACT AND METABOLISM,"ANTIOBESITY PREPARATIONS, EXCL. DIET PRODUCTS"
277,ephedrine,A08A,A,A08,ALIMENTARY TRACT AND METABOLISM,"ANTIOBESITY PREPARATIONS, EXCL. DIET PRODUCTS"
278,yohimbine,G04B,G,G04,GENITO URINARY SYSTEM AND SEX HORMONES,UROLOGICALS
279,doxofylline,R03D,R,R03,RESPIRATORY SYSTEM,DRUGS FOR OBSTRUCTIVE AIRWAY DISEASES
280,befunolol,S01E,S,S01,SENSORY ORGANS,OPHTHALMOLOGICALS
281,lisuride,N02C,N,N02,NERVOUS SYSTEM,ANALGESICS
282,lisuride,G02C,G,G02,GENITO URINARY SYSTEM AND SEX HORMONES,OTHER GYNECOLOGICALS
283,pseudoephedrine,R01B,R,R01,RESPIRATORY SYSTEM,NASAL PREPARATIONS
284,moxisylyte,G04B,G,G04,GENITO URINARY SYSTEM AND SEX HORMONES,UROLOGICALS
285,moxisylyte,C04A,C,C04,CARDIOVASCULAR SYSTEM,PERIPHERAL VASODILATORS
286,dihydrocodeine,N02A,N,N02,NERVOUS SYSTEM,ANALGESICS
287,procaterol free base,R03C,R,R03,RESPIRATORY SYSTEM,DRUGS FOR OBSTRUCTIVE AIRWAY DISEASES
288,"(R,S)-procaterol",R03C,R,R03,RESPIRATORY SYSTEM,DRUGS FOR OBSTRUCTIVE AIRWAY DISEASES
289,procaterol,R03C,R,R03,RESPIRATORY SYSTEM,DRUGS FOR OBSTRUCTIVE AIRWAY DISEASES
290,procaterol free base,R03A,R,R03,RESPIRATORY SYSTEM,DRUGS FOR OBSTRUCTIVE AIRWAY DISEASES
291,"(R,S)-procaterol",R03A,R,R03,RESPIRATORY SYSTEM,DRUGS FOR OBSTRUCTIVE AIRWAY DISEASES
292,procaterol,R03A,R,R03,RESPIRATORY SYSTEM,DRUGS FOR OBSTRUCTIVE AIRWAY DISEASES
293,levocabastine,R01A,R,R01,RESPIRATORY SYSTEM,NASAL PREPARATIONS
294,levocabastine,S01G,S,S01,SENSORY ORGANS,OPHTHALMOLOGICALS
295,phendimetrazine,A08A,A,A08,ALIMENTARY TRACT AND METABOLISM,"ANTIOBESITY PREPARATIONS, EXCL. DIET PRODUCTS"
296,scopolamine butylbromide,A03B,A,A03,ALIMENTARY TRACT AND METABOLISM,DRUGS FOR FUNCTIONAL GASTROINTESTINAL DISORDERS
297,butylscopolamine,A03B,A,A03,ALIMENTARY TRACT AND METABOLISM,DRUGS FOR FUNCTIONAL GASTROINTESTINAL DISORDERS
298,scopolamine butylbromide,A03D,A,A03,ALIMENTARY TRACT AND METABOLISM,DRUGS FOR FUNCTIONAL GASTROINTESTINAL DISORDERS
299,butylscopolamine,A03D,A,A03,ALIMENTARY TRACT AND METABOLISM,DRUGS FOR FUNCTIONAL GASTROINTESTINAL DISORDERS
300,paliperidone,N05A,N,N05,NERVOUS SYSTEM,PSYCHOLEPTICS
301,ipratropium,R03A,R,R03,RESPIRATORY SYSTEM,DRUGS FOR OBSTRUCTIVE AIRWAY DISEASES
302,ipratropium bromide,R03A,R,R03,RESPIRATORY SYSTEM,DRUGS FOR OBSTRUCTIVE AIRWAY DISEASES
303,ipratropium,R03B,R,R03,RESPIRATORY SYSTEM,DRUGS FOR OBSTRUCTIVE AIRWAY DISEASES
304,ipratropium bromide,R03B,R,R03,RESPIRATORY SYSTEM,DRUGS FOR OBSTRUCTIVE AIRWAY DISEASES
305,ipratropium,R01A,R,R01,RESPIRATORY SYSTEM,NASAL PREPARATIONS
306,ipratropium bromide,R01A,R,R01,RESPIRATORY SYSTEM,NASAL PREPARATIONS
307,meclizine,R06A,R,R06,RESPIRATORY SYSTEM,ANTIHISTAMINES FOR SYSTEMIC USE
308,thonzylamine,R06A,R,R06,RESPIRATORY SYSTEM,ANTIHISTAMINES FOR SYSTEMIC USE
309,thonzylamine,R01A,R,R01,RESPIRATORY SYSTEM,NASAL PREPARATIONS
310,thonzylamine,D04A,D,D04,DERMATOLOGICALS,"ANTIPRURITICS, INCL. ANTIHISTAMINES, ANESTHETICS, ETC."
311,clemastine,R06A,R,R06,RESPIRATORY SYSTEM,ANTIHISTAMINES FOR SYSTEMIC USE
312,clemastine,D04A,D,D04,DERMATOLOGICALS,"ANTIPRURITICS, INCL. ANTIHISTAMINES, ANESTHETICS, ETC."
313,doxepin,D04A,D,D04,DERMATOLOGICALS,"ANTIPRURITICS, INCL. ANTIHISTAMINES, ANESTHETICS, ETC."
314,cidoxepin,D04A,D,D04,DERMATOLOGICALS,"ANTIPRURITICS, INCL. ANTIHISTAMINES, ANESTHETICS, ETC."
315,zonalon,D04A,D,D04,DERMATOLOGICALS,"ANTIPRURITICS, INCL. ANTIHISTAMINES, ANESTHETICS, ETC."
316,doxepin,N06A,N,N06,NERVOUS SYSTEM,PSYCHOANALEPTICS
317,cidoxepin,N06A,N,N06,NERVOUS SYSTEM,PSYCHOANALEPTICS
318,zonalon,N06A,N,N06,NERVOUS SYSTEM,PSYCHOANALEPTICS
319,octreotide,H01C,H,H01,"SYSTEMIC HORMONAL PREPARATIONS, EXCL. SEX HORMONES AND INSULINS",PITUITARY AND HYPOTHALAMIC HORMONES AND ANALOGUES
320,dezocine,N02A,N,N02,NERVOUS SYSTEM,ANALGESICS
321,R-cevimeline,N07A,N,N07,NERVOUS SYSTEM,OTHER NERVOUS SYSTEM DRUGS
322,cevimeline,N07A,N,N07,NERVOUS SYSTEM,OTHER NERVOUS SYSTEM DRUGS
323,isometheptene,A03A,A,A03,ALIMENTARY TRACT AND METABOLISM,DRUGS FOR FUNCTIONAL GASTROINTESTINAL DISORDERS
324,ethylmorphine,R05D,R,R05,RESPIRATORY SYSTEM,COUGH AND COLD PREPARATIONS
325,ethylmorphine,S01X,S,S01,SENSORY ORGANS,OPHTHALMOLOGICALS
326,dihydroergotamine,N02C,N,N02,NERVOUS SYSTEM,ANALGESICS
327,solifenacin,G04B,G,G04,GENITO URINARY SYSTEM AND SEX HORMONES,UROLOGICALS
328,solifenacin,G04C,G,G04,GENITO URINARY SYSTEM AND SEX HORMONES,UROLOGICALS
329,racepinephrine,R03A,R,R03,RESPIRATORY SYSTEM,DRUGS FOR OBSTRUCTIVE AIRWAY DISEASES
330,lafutidine,A02B,A,A02,ALIMENTARY TRACT AND METABOLISM,DRUGS FOR ACID RELATED DISORDERS
331,ibalizumab,J05A,J,J05,ANTIINFECTIVES FOR SYSTEMIC USE,ANTIVIRALS FOR SYSTEMIC USE
332,mogamulizumab,L01F,L,L01,ANTINEOPLASTIC AND IMMUNOMODULATING AGENTS,ANTINEOPLASTIC AGENTS
333,dihydro-alpha-ergocryptine,N04B,N,N04,NERVOUS SYSTEM,ANTI-PARKINSON DRUGS
334,dyphylline,R03D,R,R03,RESPIRATORY SYSTEM,DRUGS FOR OBSTRUCTIVE AIRWAY DISEASES
335,conivaptan,C03X,C,C03,CARDIOVASCULAR SYSTEM,DIURETICS
336,terbutaline,R03A,R,R03,RESPIRATORY SYSTEM,DRUGS FOR OBSTRUCTIVE AIRWAY DISEASES
337,terbutaline,R03C,R,R03,RESPIRATORY SYSTEM,DRUGS FOR OBSTRUCTIVE AIRWAY DISEASES
338,levomepromazine,N05A,N,N05,NERVOUS SYSTEM,PSYCHOLEPTICS
339,clopidogrel,B01A,B,B01,BLOOD AND BLOOD FORMING ORGANS,ANTITHROMBOTIC AGENTS
340,lofexidine,N07B,N,N07,NERVOUS SYSTEM,OTHER NERVOUS SYSTEM DRUGS
341,blonanserin,N05A,N,N05,NERVOUS SYSTEM,PSYCHOLEPTICS
342,ranitidine,A02B,A,A02,ALIMENTARY TRACT AND METABOLISM,DRUGS FOR ACID RELATED DISORDERS
343,relugolix,L02B,L,L02,ANTINEOPLASTIC AND IMMUNOMODULATING AGENTS,ENDOCRINE THERAPY
344,relugolix,H01C,H,H01,"SYSTEMIC HORMONAL PREPARATIONS, EXCL. SEX HORMONES AND INSULINS",PITUITARY AND HYPOTHALAMIC HORMONES AND ANALOGUES
345,dronedarone,C01B,C,C01,CARDIOVASCULAR SYSTEM,CARDIAC THERAPY
346,plerixafor,L03A,L,L03,ANTINEOPLASTIC AND IMMUNOMODULATING AGENTS,IMMUNOSTIMULANTS
347,trospium,G04B,G,G04,GENITO URINARY SYSTEM AND SEX HORMONES,UROLOGICALS
348,trospium,A03D,A,A03,ALIMENTARY TRACT AND METABOLISM,DRUGS FOR FUNCTIONAL GASTROINTESTINAL DISORDERS
349,trimebutine,A03A,A,A03,ALIMENTARY TRACT AND METABOLISM,DRUGS FOR FUNCTIONAL GASTROINTESTINAL DISORDERS
350,tiotropium,R03A,R,R03,RESPIRATORY SYSTEM,DRUGS FOR OBSTRUCTIVE AIRWAY DISEASES
351,tiotropium,R03B,R,R03,RESPIRATORY SYSTEM,DRUGS FOR OBSTRUCTIVE AIRWAY DISEASES
352,naltrexone,N07B,N,N07,NERVOUS SYSTEM,OTHER NERVOUS SYSTEM DRUGS
353,naltrexone,A08A,A,A08,ALIMENTARY TRACT AND METABOLISM,"ANTIOBESITY PREPARATIONS, EXCL. DIET PRODUCTS"
354,naltrexone,N02A,N,N02,NERVOUS SYSTEM,ANALGESICS
355,cannabidiol,N03A,N,N03,NERVOUS SYSTEM,ANTIEPILEPTICS
356,losartan,C09C,C,C09,CARDIOVASCULAR SYSTEM,AGENTS ACTING ON THE RENIN-ANGIOTENSIN SYSTEM
357,losartan,C09D,C,C09,CARDIOVASCULAR SYSTEM,AGENTS ACTING ON THE RENIN-ANGIOTENSIN SYSTEM
358,moxonidine,C02L,C,C02,CARDIOVASCULAR SYSTEM,ANTIHYPERTENSIVES
359,moxonidine,C02A,C,C02,CARDIOVASCULAR SYSTEM,ANTIHYPERTENSIVES
360,fimasartan,C10B,C,C10,CARDIOVASCULAR SYSTEM,LIPID MODIFYING AGENTS
361,fimasartan,C09C,C,C09,CARDIOVASCULAR SYSTEM,AGENTS ACTING ON THE RENIN-ANGIOTENSIN SYSTEM
362,fimasartan,C09D,C,C09,CARDIOVASCULAR SYSTEM,AGENTS ACTING ON THE RENIN-ANGIOTENSIN SYSTEM
363,tafluprost,S01E,S,S01,SENSORY ORGANS,OPHTHALMOLOGICALS
364,prazosin,C02C,C,C02,CARDIOVASCULAR SYSTEM,ANTIHYPERTENSIVES
365,prazosin,C02L,C,C02,CARDIOVASCULAR SYSTEM,ANTIHYPERTENSIVES
366,methoxyphenamine,R03C,R,R03,RESPIRATORY SYSTEM,DRUGS FOR OBSTRUCTIVE AIRWAY DISEASES
367,cariprazine,N05A,N,N05,NERVOUS SYSTEM,PSYCHOLEPTICS
368,azilsartan medoxomil,C09C,C,C09,CARDIOVASCULAR SYSTEM,AGENTS ACTING ON THE RENIN-ANGIOTENSIN SYSTEM
369,azilsartan medoxomil,C09D,C,C09,CARDIOVASCULAR SYSTEM,AGENTS ACTING ON THE RENIN-ANGIOTENSIN SYSTEM
370,icatibant,B06A,B,B06,BLOOD AND BLOOD FORMING ORGANS,OTHER HEMATOLOGICAL AGENTS
371,glasdegib,L01X,L,L01,ANTINEOPLASTIC AND IMMUNOMODULATING AGENTS,ANTINEOPLASTIC AGENTS
372,netupitant,A04A,A,A04,ALIMENTARY TRACT AND METABOLISM,ANTIEMETICS AND ANTINAUSEANTS
373,bremelanotide,G02C,G,G02,GENITO URINARY SYSTEM AND SEX HORMONES,OTHER GYNECOLOGICALS
374,lorcaserin hydrochloride,A08A,A,A08,ALIMENTARY TRACT AND METABOLISM,"ANTIOBESITY PREPARATIONS, EXCL. DIET PRODUCTS"
375,mirabegron,G04B,G,G04,GENITO URINARY SYSTEM AND SEX HORMONES,UROLOGICALS
376,pramlintide,A10B,A,A10,ALIMENTARY TRACT AND METABOLISM,DRUGS USED IN DIABETES
377,cosyntropin,H01A,H,H01,"SYSTEMIC HORMONAL PREPARATIONS, EXCL. SEX HORMONES AND INSULINS",PITUITARY AND HYPOTHALAMIC HORMONES AND ANALOGUES
378,tasimelteon,N05C,N,N05,NERVOUS SYSTEM,PSYCHOLEPTICS
379,droxidopa,C01C,C,C01,CARDIOVASCULAR SYSTEM,CARDIAC THERAPY
380,macitentan,C02K,C,C02,CARDIOVASCULAR SYSTEM,ANTIHYPERTENSIVES
381,vapreotide,H01C,H,H01,"SYSTEMIC HORMONAL PREPARATIONS, EXCL. SEX HORMONES AND INSULINS",PITUITARY AND HYPOTHALAMIC HORMONES AND ANALOGUES
382,cinitapride,A03F,A,A03,ALIMENTARY TRACT AND METABOLISM,DRUGS FOR FUNCTIONAL GASTROINTESTINAL DISORDERS
383,teduglutide,A16A,A,A16,ALIMENTARY TRACT AND METABOLISM,OTHER ALIMENTARY TRACT AND METABOLISM PRODUCTS
384,vortioxetine+,N06A,N,N06,NERVOUS SYSTEM,PSYCHOANALEPTICS
385,vortioxetine,N06A,N,N06,NERVOUS SYSTEM,PSYCHOANALEPTICS
386,pholcodine,R05D,R,R05,RESPIRATORY SYSTEM,COUGH AND COLD PREPARATIONS
387,sonidegib,L01X,L,L01,ANTINEOPLASTIC AND IMMUNOMODULATING AGENTS,ANTINEOPLASTIC AGENTS
388,naldemedine,A06A,A,A06,ALIMENTARY TRACT AND METABOLISM,DRUGS FOR CONSTIPATION
389,brexpiprazole,N05A,N,N05,NERVOUS SYSTEM,PSYCHOLEPTICS
390,calcium citrate,A11G,A,A11,ALIMENTARY TRACT AND METABOLISM,VITAMINS
391,citric acid,A11G,A,A11,ALIMENTARY TRACT AND METABOLISM,VITAMINS
392,calcium citrate,A12A,A,A12,ALIMENTARY TRACT AND METABOLISM,MINERAL SUPPLEMENTS
393,citric acid,A12A,A,A12,ALIMENTARY TRACT AND METABOLISM,MINERAL SUPPLEMENTS
394,paliperidone palmitate,N05A,N,N05,NERVOUS SYSTEM,PSYCHOLEPTICS
395,limaprost,B01A,B,B01,BLOOD AND BLOOD FORMING ORGANS,ANTITHROMBOTIC AGENTS
396,itopride,A03F,A,A03,ALIMENTARY TRACT AND METABOLISM,DRUGS FOR FUNCTIONAL GASTROINTESTINAL DISORDERS
397,vibegron,G04B,G,G04,GENITO URINARY SYSTEM AND SEX HORMONES,UROLOGICALS
398,albiglutide,A10B,A,A10,ALIMENTARY TRACT AND METABOLISM,DRUGS USED IN DIABETES
399,dulaglutide,A10B,A,A10,ALIMENTARY TRACT AND METABOLISM,DRUGS USED IN DIABETES
400,parathyroid hormone,H05A,H,H05,"SYSTEMIC HORMONAL PREPARATIONS, EXCL. SEX HORMONES AND INSULINS",CALCIUM HOMEOSTASIS
401,corifollitropin alfa,G03G,G,G03,GENITO URINARY SYSTEM AND SEX HORMONES,SEX HORMONES AND MODULATORS OF THE GENITAL SYSTEM
402,lixisenatide,A10B,A,A10,ALIMENTARY TRACT AND METABOLISM,DRUGS USED IN DIABETES
403,S-lixisenatide,A10B,A,A10,ALIMENTARY TRACT AND METABOLISM,DRUGS USED IN DIABETES
404,lixisenatide,A10A,A,A10,ALIMENTARY TRACT AND METABOLISM,DRUGS USED IN DIABETES
405,S-lixisenatide,A10A,A,A10,ALIMENTARY TRACT AND METABOLISM,DRUGS USED IN DIABETES
406,serelaxin,C01D,C,C01,CARDIOVASCULAR SYSTEM,CARDIAC THERAPY
407,menotropins,G03G,G,G03,GENITO URINARY SYSTEM AND SEX HORMONES,SEX HORMONES AND MODULATORS OF THE GENITAL SYSTEM
408,semaglutide,A10B,A,A10,ALIMENTARY TRACT AND METABOLISM,DRUGS USED IN DIABETES
409,chlorphenoxamine,R06A,R,R06,RESPIRATORY SYSTEM,ANTIHISTAMINES FOR SYSTEMIC USE
410,chlorphenoxamine,D04A,D,D04,DERMATOLOGICALS,"ANTIPRURITICS, INCL. ANTIHISTAMINES, ANESTHETICS, ETC."
411,buserelin,L02A,L,L02,ANTINEOPLASTIC AND IMMUNOMODULATING AGENTS,ENDOCRINE THERAPY
412,dapoxetine,G04B,G,G04,GENITO URINARY SYSTEM AND SEX HORMONES,UROLOGICALS
413,pimavanserin,N05A,N,N05,NERVOUS SYSTEM,PSYCHOLEPTICS
414,pranlukast,R03D,R,R03,RESPIRATORY SYSTEM,DRUGS FOR OBSTRUCTIVE AIRWAY DISEASES
415,terlipressin,H01B,H,H01,"SYSTEMIC HORMONAL PREPARATIONS, EXCL. SEX HORMONES AND INSULINS",PITUITARY AND HYPOTHALAMIC HORMONES AND ANALOGUES
416,eluxadoline,A07D,A,A07,ALIMENTARY TRACT AND METABOLISM,"ANTIDIARRHEALS, INTESTINAL ANTIINFLAMMATORY/ANTIINFECTIVE AGENTS"
417,rimegepant,N02C,N,N02,NERVOUS SYSTEM,ANALGESICS
418,domperidone,A03F,A,A03,ALIMENTARY TRACT AND METABOLISM,DRUGS FOR FUNCTIONAL GASTROINTESTINAL DISORDERS
419,dimethindene,R06A,R,R06,RESPIRATORY SYSTEM,ANTIHISTAMINES FOR SYSTEMIC USE
420,dimethindene,D04A,D,D04,DERMATOLOGICALS,"ANTIPRURITICS, INCL. ANTIHISTAMINES, ANESTHETICS, ETC."
421,diquafosol,S01X,S,S01,SENSORY ORGANS,OPHTHALMOLOGICALS
422,chlorcyclizine,R06A,R,R06,RESPIRATORY SYSTEM,ANTIHISTAMINES FOR SYSTEMIC USE
423,quinagolide,G02C,G,G02,GENITO URINARY SYSTEM AND SEX HORMONES,OTHER GYNECOLOGICALS
424,nabilone,A04A,A,A04,ALIMENTARY TRACT AND METABOLISM,ANTIEMETICS AND ANTINAUSEANTS
425,naloxegol,A06A,A,A06,ALIMENTARY TRACT AND METABOLISM,DRUGS FOR CONSTIPATION
426,aripiprazole lauroxil,N05A,N,N05,NERVOUS SYSTEM,PSYCHOLEPTICS
427,flibanserin,G02C,G,G02,GENITO URINARY SYSTEM AND SEX HORMONES,OTHER GYNECOLOGICALS
428,ergoloid,C04A,C,C04,CARDIOVASCULAR SYSTEM,PERIPHERAL VASODILATORS
429,siponimod,L04A,L,L04,ANTINEOPLASTIC AND IMMUNOMODULATING AGENTS,IMMUNOSUPPRESSANTS
430,latanoprostene bunod,S01E,S,S01,SENSORY ORGANS,OPHTHALMOLOGICALS
431,ubrogepant,N02C,N,N02,NERVOUS SYSTEM,ANALGESICS
432,selexipag,B01A,B,B01,BLOOD AND BLOOD FORMING ORGANS,ANTITHROMBOTIC AGENTS
433,atenolol,C07C,C,C07,CARDIOVASCULAR SYSTEM,BETA BLOCKING AGENTS
434,atenolol,C07F,C,C07,CARDIOVASCULAR SYSTEM,BETA BLOCKING AGENTS
435,atenolol,C07A,C,C07,CARDIOVASCULAR SYSTEM,BETA BLOCKING AGENTS
436,atenolol,C07B,C,C07,CARDIOVASCULAR SYSTEM,BETA BLOCKING AGENTS
437,atenolol,C07D,C,C07,CARDIOVASCULAR SYSTEM,BETA BLOCKING AGENTS
438,amisulpride,N05A,N,N05,NERVOUS SYSTEM,PSYCHOLEPTICS
439,oliceridine,N02A,N,N02,NERVOUS SYSTEM,ANALGESICS
440,betahistine,N07C,N,N07,NERVOUS SYSTEM,OTHER NERVOUS SYSTEM DRUGS
441,silodosin,G04C,G,G04,GENITO URINARY SYSTEM AND SEX HORMONES,UROLOGICALS
442,periciazine,N05A,N,N05,NERVOUS SYSTEM,PSYCHOLEPTICS
443,alverine,A03A,A,A03,ALIMENTARY TRACT AND METABOLISM,DRUGS FOR FUNCTIONAL GASTROINTESTINAL DISORDERS
444,sulpiride,N05A,N,N05,NERVOUS SYSTEM,PSYCHOLEPTICS
445,levosulpiride,N05A,N,N05,NERVOUS SYSTEM,PSYCHOLEPTICS
446,suramin,P01C,P,P01,"ANTIPARASITIC PRODUCTS, INSECTICIDES AND REPELLENTS",ANTIPROTOZOALS
447,glucagon,H04A,H,H04,"SYSTEMIC HORMONAL PREPARATIONS, EXCL. SEX HORMONES AND INSULINS",PANCREATIC HORMONES
448,propranolol,C07B,C,C07,CARDIOVASCULAR SYSTEM,BETA BLOCKING AGENTS
449,propranolol,C07A,C,C07,CARDIOVASCULAR SYSTEM,BETA BLOCKING AGENTS
450,propranolol,C07F,C,C07,CARDIOVASCULAR SYSTEM,BETA BLOCKING AGENTS
451,alvimopan,A06A,A,A06,ALIMENTARY TRACT AND METABOLISM,DRUGS FOR CONSTIPATION
452,celiprolol,C07A,C,C07,CARDIOVASCULAR SYSTEM,BETA BLOCKING AGENTS
453,phenindamine,R06A,R,R06,RESPIRATORY SYSTEM,ANTIHISTAMINES FOR SYSTEMIC USE
454,macimorelin,V04C,V,V04,VARIOUS,DIAGNOSTIC AGENTS
455,bromperidol,N05A,N,N05,NERVOUS SYSTEM,PSYCHOLEPTICS
456,gepirone,N06A,N,N06,NERVOUS SYSTEM,PSYCHOANALEPTICS
457,alizapride,A03F,A,A03,ALIMENTARY TRACT AND METABOLISM,DRUGS FOR FUNCTIONAL GASTROINTESTINAL DISORDERS
458,carfentanil,V04C,V,V04,VARIOUS,DIAGNOSTIC AGENTS
459,pizotifen,N02C,N,N02,NERVOUS SYSTEM,ANALGESICS
460,benperidol,N05A,N,N05,NERVOUS SYSTEM,PSYCHOLEPTICS
461,cimetidine,A02B,A,A02,ALIMENTARY TRACT AND METABOLISM,DRUGS FOR ACID RELATED DISORDERS
462,pramipexole,N04B,N,N04,NERVOUS SYSTEM,ANTI-PARKINSON DRUGS
463,lasmiditan,N02C,N,N02,NERVOUS SYSTEM,ANALGESICS
464,secretin,V04C,V,V04,VARIOUS,DIAGNOSTIC AGENTS
465,pasireotide,H01C,H,H01,"SYSTEMIC HORMONAL PREPARATIONS, EXCL. SEX HORMONES AND INSULINS",PITUITARY AND HYPOTHALAMIC HORMONES AND ANALOGUES
466,clothiapine,N05A,N,N05,NERVOUS SYSTEM,PSYCHOLEPTICS
467,bupranolol,C07A,C,C07,CARDIOVASCULAR SYSTEM,BETA BLOCKING AGENTS
468,ebastine,R06A,R,R06,RESPIRATORY SYSTEM,ANTIHISTAMINES FOR SYSTEMIC USE
469,xylometazoline,S01G,S,S01,SENSORY ORGANS,OPHTHALMOLOGICALS
470,xylometazoline,R01A,R,R01,RESPIRATORY SYSTEM,NASAL PREPARATIONS
471,benzhydrocodone,N02A,N,N02,NERVOUS SYSTEM,ANALGESICS
472,meptazinol,N02A,N,N02,NERVOUS SYSTEM,ANALGESICS
473,fingolimod,L04A,L,L04,ANTINEOPLASTIC AND IMMUNOMODULATING AGENTS,IMMUNOSUPPRESSANTS
474,regadenoson,C01E,C,C01,CARDIOVASCULAR SYSTEM,CARDIAC THERAPY
475,nizatidine,A02B,A,A02,ALIMENTARY TRACT AND METABOLISM,DRUGS FOR ACID RELATED DISORDERS
476,(E)-nizatidine,A02B,A,A02,ALIMENTARY TRACT AND METABOLISM,DRUGS FOR ACID RELATED DISORDERS
477,"(S,S)-asenapine",N05A,N,N05,NERVOUS SYSTEM,PSYCHOLEPTICS
478,asenapine,N05A,N,N05,NERVOUS SYSTEM,PSYCHOLEPTICS
479,"(R,R)-asenapine",N05A,N,N05,NERVOUS SYSTEM,PSYCHOLEPTICS
480,irl-1620,C05,C,C05,CARDIOVASCULAR SYSTEM,VASOPROTECTIVES
481,clebopride,A03F,A,A03,ALIMENTARY TRACT AND METABOLISM,DRUGS FOR FUNCTIONAL GASTROINTESTINAL DISORDERS
482,abaloparatide,H05A,H,H05,"SYSTEMIC HORMONAL PREPARATIONS, EXCL. SEX HORMONES AND INSULINS",CALCIUM HOMEOSTASIS
483,setmelanotide,A08A,A,A08,ALIMENTARY TRACT AND METABOLISM,"ANTIOBESITY PREPARATIONS, EXCL. DIET PRODUCTS"
484,carbetocin,H01B,H,H01,"SYSTEMIC HORMONAL PREPARATIONS, EXCL. SEX HORMONES AND INSULINS",PITUITARY AND HYPOTHALAMIC HORMONES AND ANALOGUES
485,S-carbetocin,H01B,H,H01,"SYSTEMIC HORMONAL PREPARATIONS, EXCL. SEX HORMONES AND INSULINS",PITUITARY AND HYPOTHALAMIC HORMONES AND ANALOGUES
486,lumateperone,N05A,N,N05,NERVOUS SYSTEM,PSYCHOLEPTICS
487,cangrelor,B01A,B,B01,BLOOD AND BLOOD FORMING ORGANS,ANTITHROMBOTIC AGENTS
488,synephrine,S01G,S,S01,SENSORY ORGANS,OPHTHALMOLOGICALS
489,synephrine,C01C,C,C01,CARDIOVASCULAR SYSTEM,CARDIAC THERAPY
490,butorphanol,N02A,N,N02,NERVOUS SYSTEM,ANALGESICS
491,S-butorphanol,N02A,N,N02,NERVOUS SYSTEM,ANALGESICS
492,tolvaptan,C03X,C,C03,CARDIOVASCULAR SYSTEM,DIURETICS
493,R-tolvaptan,C03X,C,C03,CARDIOVASCULAR SYSTEM,DIURETICS
494,velcalcetide,H05B,H,H05,"SYSTEMIC HORMONAL PREPARATIONS, EXCL. SEX HORMONES AND INSULINS",CALCIUM HOMEOSTASIS
495,lemborexant,N05C,N,N05,NERVOUS SYSTEM,PSYCHOLEPTICS
496,benzphetamine,A08A,A,A08,ALIMENTARY TRACT AND METABOLISM,"ANTIOBESITY PREPARATIONS, EXCL. DIET PRODUCTS"
497,rauwolfia serpentina,C02A,C,C02,CARDIOVASCULAR SYSTEM,ANTIHYPERTENSIVES
498,bopindolol,C07A,C,C07,CARDIOVASCULAR SYSTEM,BETA BLOCKING AGENTS
499,bopindolol,C07C,C,C07,CARDIOVASCULAR SYSTEM,BETA BLOCKING AGENTS
500,fezolinetant,G02C,G,G02,GENITO URINARY SYSTEM AND SEX HORMONES,OTHER GYNECOLOGICALS
501,linzagolix,H01C,H,H01,"SYSTEMIC HORMONAL PREPARATIONS, EXCL. SEX HORMONES AND INSULINS",PITUITARY AND HYPOTHALAMIC HORMONES AND ANALOGUES
502,sofpironium,D11A,D,D11,DERMATOLOGICALS,OTHER DERMATOLOGICAL PREPARATIONS
503,ozanimod,L04A,L,L04,ANTINEOPLASTIC AND IMMUNOMODULATING AGENTS,IMMUNOSUPPRESSANTS
504,rolapitant,A04A,A,A04,ALIMENTARY TRACT AND METABOLISM,ANTIEMETICS AND ANTINAUSEANTS
505,vasopressin,H01B,H,H01,"SYSTEMIC HORMONAL PREPARATIONS, EXCL. SEX HORMONES AND INSULINS",PITUITARY AND HYPOTHALAMIC HORMONES AND ANALOGUES
506,atosiban,G02C,G,G02,GENITO URINARY SYSTEM AND SEX HORMONES,OTHER GYNECOLOGICALS
507,S-atosiban,G02C,G,G02,GENITO URINARY SYSTEM AND SEX HORMONES,OTHER GYNECOLOGICALS
508,revefenacin,R03B,R,R03,RESPIRATORY SYSTEM,DRUGS FOR OBSTRUCTIVE AIRWAY DISEASES
509,erenumab,N02C,N,N02,NERVOUS SYSTEM,ANALGESICS
510,nabiximols,N02B,N,N02,NERVOUS SYSTEM,ANALGESICS
511,dextromoramide,N02A,N,N02,NERVOUS SYSTEM,ANALGESICS
512,oxytocin,G02A,G,G02,GENITO URINARY SYSTEM AND SEX HORMONES,OTHER GYNECOLOGICALS
513,oxytocin,H01B,H,H01,"SYSTEMIC HORMONAL PREPARATIONS, EXCL. SEX HORMONES AND INSULINS",PITUITARY AND HYPOTHALAMIC HORMONES AND ANALOGUES
514,ticagrelor,B01A,B,B01,BLOOD AND BLOOD FORMING ORGANS,ANTITHROMBOTIC AGENTS
515,hydromorphone,N02A,N,N02,NERVOUS SYSTEM,ANALGESICS
516,calcitonin salmon,H05B,H,H05,"SYSTEMIC HORMONAL PREPARATIONS, EXCL. SEX HORMONES AND INSULINS",CALCIUM HOMEOSTASIS
517,avacopan,L04A,L,L04,ANTINEOPLASTIC AND IMMUNOMODULATING AGENTS,IMMUNOSUPPRESSANTS
518,difelikefalin,V03A,V,V03,VARIOUS,ALL OTHER THERAPEUTIC PRODUCTS
519,pronetupitant,A04A,A,A04,ALIMENTARY TRACT AND METABOLISM,ANTIEMETICS AND ANTINAUSEANTS
520,fosnetupitant,A04A,A,A04,ALIMENTARY TRACT AND METABOLISM,ANTIEMETICS AND ANTINAUSEANTS
521,lutetium dotatate,V10X,V,V10,VARIOUS,THERAPEUTIC RADIOPHARMACEUTICALS
522,atogepant,N02C,N,N02,NERVOUS SYSTEM,ANALGESICS
523,bromopride,A03F,A,A03,ALIMENTARY TRACT AND METABOLISM,DRUGS FOR FUNCTIONAL GASTROINTESTINAL DISORDERS
524,amphetamine,N06B,N,N06,NERVOUS SYSTEM,PSYCHOANALEPTICS
525,angiotensin ii,C01C,C,C01,CARDIOVASCULAR SYSTEM,CARDIAC THERAPY
526,liraglutide,A10A,A,A10,ALIMENTARY TRACT AND METABOLISM,DRUGS USED IN DIABETES
527,liraglutide,A10B,A,A10,ALIMENTARY TRACT AND METABOLISM,DRUGS USED IN DIABETES
528,exenatide,A10B,A,A10,ALIMENTARY TRACT AND METABOLISM,DRUGS USED IN DIABETES
529,clomipramine,N06A,N,N06,NERVOUS SYSTEM,PSYCHOANALEPTICS
530,degarelix,L02B,L,L02,ANTINEOPLASTIC AND IMMUNOMODULATING AGENTS,ENDOCRINE THERAPY
531,clozapine,N05A,N,N05,NERVOUS SYSTEM,PSYCHOLEPTICS
532,guanaben-acetate,C02A,C,C02,CARDIOVASCULAR SYSTEM,ANTIHYPERTENSIVES
533,guanabenz,C02A,C,C02,CARDIOVASCULAR SYSTEM,ANTIHYPERTENSIVES
534,trifluoperazine,N05A,N,N05,NERVOUS SYSTEM,PSYCHOLEPTICS
535,betaxolol,S01E,S,S01,SENSORY ORGANS,OPHTHALMOLOGICALS
536,betaxolol,C07A,C,C07,CARDIOVASCULAR SYSTEM,BETA BLOCKING AGENTS
537,samidorphan,N05A,N,N05,NERVOUS SYSTEM,PSYCHOLEPTICS
538,labetalol,C07A,C,C07,CARDIOVASCULAR SYSTEM,BETA BLOCKING AGENTS
539,labetalol,C07B,C,C07,CARDIOVASCULAR SYSTEM,BETA BLOCKING AGENTS
540,labetalol,C07C,C,C07,CARDIOVASCULAR SYSTEM,BETA BLOCKING AGENTS
541,gatate,V09I,V,V09,VARIOUS,DIAGNOSTIC RADIOPHARMACEUTICALS
542,Edotreotide Gallium Ga-68,V09I,V,V09,VARIOUS,DIAGNOSTIC RADIOPHARMACEUTICALS
543,dotatate gallium ga-68,V09I,V,V09,VARIOUS,DIAGNOSTIC RADIOPHARMACEUTICALS
544,daridorexant,N05C,N,N05,NERVOUS SYSTEM,PSYCHOLEPTICS
545,evocalcet,H05B,H,H05,"SYSTEMIC HORMONAL PREPARATIONS, EXCL. SEX HORMONES AND INSULINS",CALCIUM HOMEOSTASIS
546,omidenepag isopropyl,G01A,G,G01,GENITO URINARY SYSTEM AND SEX HORMONES,GYNECOLOGICAL ANTIINFECTIVES AND ANTISEPTICS
547,dasiglucagon,H04A,H,H04,"SYSTEMIC HORMONAL PREPARATIONS, EXCL. SEX HORMONES AND INSULINS",PANCREATIC HORMONES
548,tirzepatide,A10B,A,A10,ALIMENTARY TRACT AND METABOLISM,DRUGS USED IN DIABETES
549,R-tirzepatide,A10B,A,A10,ALIMENTARY TRACT AND METABOLISM,DRUGS USED IN DIABETES
550,cinnarizine,N07C,N,N07,NERVOUS SYSTEM,OTHER NERVOUS SYSTEM DRUGS
551,istradefylline,N04C,N,N04,NERVOUS SYSTEM,ANTI-PARKINSON DRUGS
552,isoproterenol,R03A,R,R03,RESPIRATORY SYSTEM,DRUGS FOR OBSTRUCTIVE AIRWAY DISEASES
553,isoproterenol,C01C,C,C01,CARDIOVASCULAR SYSTEM,CARDIAC THERAPY
554,isoproterenol,R03C,R,R03,RESPIRATORY SYSTEM,DRUGS FOR OBSTRUCTIVE AIRWAY DISEASES
555,dexnebivolol,C07A,C,C07,CARDIOVASCULAR SYSTEM,BETA BLOCKING AGENTS
556,levonebivolol,C07A,C,C07,CARDIOVASCULAR SYSTEM,BETA BLOCKING AGENTS
557,nebivolol,C07A,C,C07,CARDIOVASCULAR SYSTEM,BETA BLOCKING AGENTS
558,dexnebivolol,C07B,C,C07,CARDIOVASCULAR SYSTEM,BETA BLOCKING AGENTS
559,levonebivolol,C07B,C,C07,CARDIOVASCULAR SYSTEM,BETA BLOCKING AGENTS
560,nebivolol,C07B,C,C07,CARDIOVASCULAR SYSTEM,BETA BLOCKING AGENTS
561,dexnebivolol,C09D,C,C09,CARDIOVASCULAR SYSTEM,AGENTS ACTING ON THE RENIN-ANGIOTENSIN SYSTEM
562,levonebivolol,C09D,C,C09,CARDIOVASCULAR SYSTEM,AGENTS ACTING ON THE RENIN-ANGIOTENSIN SYSTEM
563,nebivolol,C09D,C,C09,CARDIOVASCULAR SYSTEM,AGENTS ACTING ON THE RENIN-ANGIOTENSIN SYSTEM
564,dexnebivolol,C07F,C,C07,CARDIOVASCULAR SYSTEM,BETA BLOCKING AGENTS
565,levonebivolol,C07F,C,C07,CARDIOVASCULAR SYSTEM,BETA BLOCKING AGENTS
566,nebivolol,C07F,C,C07,CARDIOVASCULAR SYSTEM,BETA BLOCKING AGENTS
567,vilazodone,N06A,N,N06,NERVOUS SYSTEM,PSYCHOANALEPTICS
568,pipamperone,N05A,N,N05,NERVOUS SYSTEM,PSYCHOLEPTICS
569,afamelanotide,D02B,D,D02,DERMATOLOGICALS,EMOLLIENTS AND PROTECTIVES
570,R-ergotamine,N02C,N,N02,NERVOUS SYSTEM,ANALGESICS
571,ergotamine,N02C,N,N02,NERVOUS SYSTEM,ANALGESICS
572,nortriptyline,N06A,N,N06,NERVOUS SYSTEM,PSYCHOANALEPTICS
573,methyldopa,C02A,C,C02,CARDIOVASCULAR SYSTEM,ANTIHYPERTENSIVES
574,diacetylmorphine,N07B,N,N07,NERVOUS SYSTEM,OTHER NERVOUS SYSTEM DRUGS
575,calcitonin human,H05B,H,H05,"SYSTEMIC HORMONAL PREPARATIONS, EXCL. SEX HORMONES AND INSULINS",CALCIUM HOMEOSTASIS
576,talquetamab,L01,L,L01,ANTINEOPLASTIC AND IMMUNOMODULATING AGENTS,ANTINEOPLASTIC AGENTS
577,molindone,N05A,N,N05,NERVOUS SYSTEM,PSYCHOLEPTICS
578,pitolisant,N07X,N,N07,NERVOUS SYSTEM,OTHER NERVOUS SYSTEM DRUGS
579,dronabinol,A04A,A,A04,ALIMENTARY TRACT AND METABOLISM,ANTIEMETICS AND ANTINAUSEANTS
580,fluspirilene,N05A,N,N05,NERVOUS SYSTEM,PSYCHOLEPTICS
581,ketobemidone,N02A,N,N02,NERVOUS SYSTEM,ANALGESICS
582,sotalol,C07F,C,C07,CARDIOVASCULAR SYSTEM,BETA BLOCKING AGENTS
583,sotalol,C07A,C,C07,CARDIOVASCULAR SYSTEM,BETA BLOCKING AGENTS
584,sotalol,C07B,C,C07,CARDIOVASCULAR SYSTEM,BETA BLOCKING AGENTS
585,vismodegib,L01X,L,L01,ANTINEOPLASTIC AND IMMUNOMODULATING AGENTS,ANTINEOPLASTIC AGENTS
586,adenosine,C01E,C,C01,CARDIOVASCULAR SYSTEM,CARDIAC THERAPY
587,codeine,N02A,N,N02,NERVOUS SYSTEM,ANALGESICS
588,codeine,R05D,R,R05,RESPIRATORY SYSTEM,COUGH AND COLD PREPARATIONS
589,methysergide,N02C,N,N02,NERVOUS SYSTEM,ANALGESICS
590,1-Methyllysergic acid butanolamide,N02C,N,N02,NERVOUS SYSTEM,ANALGESICS
591,buspirone,N05B,N,N05,NERVOUS SYSTEM,PSYCHOLEPTICS
592,clenbuterol,R03C,R,R03,RESPIRATORY SYSTEM,DRUGS FOR OBSTRUCTIVE AIRWAY DISEASES
593,clenbuterol,R03A,R,R03,RESPIRATORY SYSTEM,DRUGS FOR OBSTRUCTIVE AIRWAY DISEASES
594,bromocriptine,G02C,G,G02,GENITO URINARY SYSTEM AND SEX HORMONES,OTHER GYNECOLOGICALS
595,bromocriptine,N04B,N,N04,NERVOUS SYSTEM,ANTI-PARKINSON DRUGS
596,vorapaxar,B01A,B,B01,BLOOD AND BLOOD FORMING ORGANS,ANTITHROMBOTIC AGENTS
597,iloprost,B01A,B,B01,BLOOD AND BLOOD FORMING ORGANS,ANTITHROMBOTIC AGENTS
598,alprostadil,G04B,G,G04,GENITO URINARY SYSTEM AND SEX HORMONES,UROLOGICALS
599,S-alprostadil,G04B,G,G04,GENITO URINARY SYSTEM AND SEX HORMONES,UROLOGICALS
600,alprostadil,C01E,C,C01,CARDIOVASCULAR SYSTEM,CARDIAC THERAPY
601,S-alprostadil,C01E,C,C01,CARDIOVASCULAR SYSTEM,CARDIAC THERAPY
602,timolol,S01E,S,S01,SENSORY ORGANS,OPHTHALMOLOGICALS
603,timolol,C07A,C,C07,CARDIOVASCULAR SYSTEM,BETA BLOCKING AGENTS
604,timolol,C07D,C,C07,CARDIOVASCULAR SYSTEM,BETA BLOCKING AGENTS
605,timolol,C07B,C,C07,CARDIOVASCULAR SYSTEM,BETA BLOCKING AGENTS
606,pindolol,C07C,C,C07,CARDIOVASCULAR SYSTEM,BETA BLOCKING AGENTS
607,pindolol,C07A,C,C07,CARDIOVASCULAR SYSTEM,BETA BLOCKING AGENTS
608,chlorpheniramine,R06A,R,R06,RESPIRATORY SYSTEM,ANTIHISTAMINES FOR SYSTEMIC USE
609,motixafortide,L01,L,L01,ANTINEOPLASTIC AND IMMUNOMODULATING AGENTS,ANTINEOPLASTIC AGENTS
610,ketanserin,C02K,C,C02,CARDIOVASCULAR SYSTEM,ANTIHYPERTENSIVES
611,pyrilamine,D04A,D,D04,DERMATOLOGICALS,"ANTIPRURITICS, INCL. ANTIHISTAMINES, ANESTHETICS, ETC."
612,pyrilamine,R06A,R,R06,RESPIRATORY SYSTEM,ANTIHISTAMINES FOR SYSTEMIC USE
613,buprenorphine,N02A,N,N02,NERVOUS SYSTEM,ANALGESICS
614,buprenorphine,N07B,N,N07,NERVOUS SYSTEM,OTHER NERVOUS SYSTEM DRUGS
615,cyproheptadine,R06A,R,R06,RESPIRATORY SYSTEM,ANTIHISTAMINES FOR SYSTEMIC USE
616,atropine,S01F,S,S01,SENSORY ORGANS,OPHTHALMOLOGICALS
617,atropine,A03C,A,A03,ALIMENTARY TRACT AND METABOLISM,DRUGS FOR FUNCTIONAL GASTROINTESTINAL DISORDERS
618,atropine,A03B,A,A03,ALIMENTARY TRACT AND METABOLISM,DRUGS FOR FUNCTIONAL GASTROINTESTINAL DISORDERS
619,bambuterol,R03C,R,R03,RESPIRATORY SYSTEM,DRUGS FOR OBSTRUCTIVE AIRWAY DISEASES
620,methoxamine,C01C,C,C01,CARDIOVASCULAR SYSTEM,CARDIAC THERAPY
621,mepenzolate,A03A,A,A03,ALIMENTARY TRACT AND METABOLISM,DRUGS FOR FUNCTIONAL GASTROINTESTINAL DISORDERS
622,sarpogrelate,B01,B,B01,BLOOD AND BLOOD FORMING ORGANS,ANTITHROMBOTIC AGENTS
623,apomorphine,N04B,N,N04,NERVOUS SYSTEM,ANTI-PARKINSON DRUGS
624,apomorphine,G04B,G,G04,GENITO URINARY SYSTEM AND SEX HORMONES,UROLOGICALS
625,imidafenacin,G04B,G,G04,GENITO URINARY SYSTEM AND SEX HORMONES,UROLOGICALS
626,ketotifen,R06A,R,R06,RESPIRATORY SYSTEM,ANTIHISTAMINES FOR SYSTEMIC USE
627,ketotifen,S01G,S,S01,SENSORY ORGANS,OPHTHALMOLOGICALS
628,zuclopenthixol,N05A,N,N05,NERVOUS SYSTEM,PSYCHOLEPTICS
629,sparsentan,C09X,C,C09,CARDIOVASCULAR SYSTEM,AGENTS ACTING ON THE RENIN-ANGIOTENSIN SYSTEM
630,haloperidol,N05A,N,N05,NERVOUS SYSTEM,PSYCHOLEPTICS
631,oxprenolol,C07B,C,C07,CARDIOVASCULAR SYSTEM,BETA BLOCKING AGENTS
632,oxprenolol,C07C,C,C07,CARDIOVASCULAR SYSTEM,BETA BLOCKING AGENTS
633,oxprenolol,C07A,C,C07,CARDIOVASCULAR SYSTEM,BETA BLOCKING AGENTS
634,dinoprostone,G02A,G,G02,GENITO URINARY SYSTEM AND SEX HORMONES,OTHER GYNECOLOGICALS
635,pilocarpine,N07A,N,N07,NERVOUS SYSTEM,OTHER NERVOUS SYSTEM DRUGS
636,pilocarpine,S01E,S,S01,SENSORY ORGANS,OPHTHALMOLOGICALS
637,perphenazine,N05A,N,N05,NERVOUS SYSTEM,PSYCHOLEPTICS
638,S-scopolamine,A04A,A,A04,ALIMENTARY TRACT AND METABOLISM,ANTIEMETICS AND ANTINAUSEANTS
639,atroscine,A04A,A,A04,ALIMENTARY TRACT AND METABOLISM,ANTIEMETICS AND ANTINAUSEANTS
640,(-)-scopolamine,A04A,A,A04,ALIMENTARY TRACT AND METABOLISM,ANTIEMETICS AND ANTINAUSEANTS
641,hyoscine,A04A,A,A04,ALIMENTARY TRACT AND METABOLISM,ANTIEMETICS AND ANTINAUSEANTS
642,S-scopolamine,S01F,S,S01,SENSORY ORGANS,OPHTHALMOLOGICALS
643,atroscine,S01F,S,S01,SENSORY ORGANS,OPHTHALMOLOGICALS
644,(-)-scopolamine,S01F,S,S01,SENSORY ORGANS,OPHTHALMOLOGICALS
645,hyoscine,S01F,S,S01,SENSORY ORGANS,OPHTHALMOLOGICALS
646,S-scopolamine,N05C,N,N05,NERVOUS SYSTEM,PSYCHOLEPTICS
647,atroscine,N05C,N,N05,NERVOUS SYSTEM,PSYCHOLEPTICS
648,(-)-scopolamine,N05C,N,N05,NERVOUS SYSTEM,PSYCHOLEPTICS
649,hyoscine,N05C,N,N05,NERVOUS SYSTEM,PSYCHOLEPTICS
650,triflupromazine,N05A,N,N05,NERVOUS SYSTEM,PSYCHOLEPTICS
651,azilsartan,C09C,C,C09,CARDIOVASCULAR SYSTEM,AGENTS ACTING ON THE RENIN-ANGIOTENSIN SYSTEM
652,azilsartan,C09D,C,C09,CARDIOVASCULAR SYSTEM,AGENTS ACTING ON THE RENIN-ANGIOTENSIN SYSTEM
653,fenoldopam,C01C,C,C01,CARDIOVASCULAR SYSTEM,CARDIAC THERAPY
654,ropinirole,N04B,N,N04,NERVOUS SYSTEM,ANTI-PARKINSON DRUGS
655,dopamine,C01C,C,C01,CARDIOVASCULAR SYSTEM,CARDIAC THERAPY
656,levorphanol,N02A,N,N02,NERVOUS SYSTEM,ANALGESICS
657,emedastine,S01G,S,S01,SENSORY ORGANS,OPHTHALMOLOGICALS
658,fentanyl,N02A,N,N02,NERVOUS SYSTEM,ANALGESICS
659,fentanyl,N01A,N,N01,NERVOUS SYSTEM,ANESTHETICS
660,phentolamine,V03A,V,V03,VARIOUS,ALL OTHER THERAPEUTIC PRODUCTS
661,phentolamine,C04A,C,C04,CARDIOVASCULAR SYSTEM,PERIPHERAL VASODILATORS
662,zafirlukast,R03D,R,R03,RESPIRATORY SYSTEM,DRUGS FOR OBSTRUCTIVE AIRWAY DISEASES
663,olodaterol,R03A,R,R03,RESPIRATORY SYSTEM,DRUGS FOR OBSTRUCTIVE AIRWAY DISEASES
664,misoprostol,A02B,A,A02,ALIMENTARY TRACT AND METABOLISM,DRUGS FOR ACID RELATED DISORDERS
665,misoprostol,G02A,G,G02,GENITO URINARY SYSTEM AND SEX HORMONES,OTHER GYNECOLOGICALS
666,misoprostol,M01A,M,M01,MUSCULO-SKELETAL SYSTEM,ANTIINFLAMMATORY AND ANTIRHEUMATIC PRODUCTS
667,meperidine,N02A,N,N02,NERVOUS SYSTEM,ANALGESICS
668,mosapride,A03F,A,A03,ALIMENTARY TRACT AND METABOLISM,DRUGS FOR FUNCTIONAL GASTROINTESTINAL DISORDERS
669,thioproperazine,N05A,N,N05,NERVOUS SYSTEM,PSYCHOLEPTICS
670,terazosin,G04C,G,G04,GENITO URINARY SYSTEM AND SEX HORMONES,UROLOGICALS
671,clidinium,A03C,A,A03,ALIMENTARY TRACT AND METABOLISM,DRUGS FOR FUNCTIONAL GASTROINTESTINAL DISORDERS
672,trazodone,N06A,N,N06,NERVOUS SYSTEM,PSYCHOANALEPTICS
673,pentoxifylline,R03D,R,R03,RESPIRATORY SYSTEM,DRUGS FOR OBSTRUCTIVE AIRWAY DISEASES
674,pentoxifylline,C04A,C,C04,CARDIOVASCULAR SYSTEM,PERIPHERAL VASODILATORS
675,amitriptyline,N06C,N,N06,NERVOUS SYSTEM,PSYCHOANALEPTICS
676,amitriptyline,N06A,N,N06,NERVOUS SYSTEM,PSYCHOANALEPTICS
677,propafenone,C01B,C,C01,CARDIOVASCULAR SYSTEM,CARDIAC THERAPY
678,amiodarone,C01B,C,C01,CARDIOVASCULAR SYSTEM,CARDIAC THERAPY
679,azelastine,R06A,R,R06,RESPIRATORY SYSTEM,ANTIHISTAMINES FOR SYSTEMIC USE
680,azelastine,S01G,S,S01,SENSORY ORGANS,OPHTHALMOLOGICALS
681,azelastine,R01A,R,R01,RESPIRATORY SYSTEM,NASAL PREPARATIONS
682,acebutolol,C07A,C,C07,CARDIOVASCULAR SYSTEM,BETA BLOCKING AGENTS
683,acebutolol,C07B,C,C07,CARDIOVASCULAR SYSTEM,BETA BLOCKING AGENTS
684,promethazine,D04A,D,D04,DERMATOLOGICALS,"ANTIPRURITICS, INCL. ANTIHISTAMINES, ANESTHETICS, ETC."
685,promethazine,R06A,R,R06,RESPIRATORY SYSTEM,ANTIHISTAMINES FOR SYSTEMIC USE
686,promethazine,V03A,V,V03,VARIOUS,ALL OTHER THERAPEUTIC PRODUCTS
687,mianserin,N06A,N,N06,NERVOUS SYSTEM,PSYCHOANALEPTICS
688,trimipramine,N06A,N,N06,NERVOUS SYSTEM,PSYCHOANALEPTICS
689,bisoprolol,C07B,C,C07,CARDIOVASCULAR SYSTEM,BETA BLOCKING AGENTS
690,bisoprolol,C09B,C,C09,CARDIOVASCULAR SYSTEM,AGENTS ACTING ON THE RENIN-ANGIOTENSIN SYSTEM
691,bisoprolol,C07F,C,C07,CARDIOVASCULAR SYSTEM,BETA BLOCKING AGENTS
692,bisoprolol,C07A,C,C07,CARDIOVASCULAR SYSTEM,BETA BLOCKING AGENTS
693,apraclonidine,S01E,S,S01,SENSORY ORGANS,OPHTHALMOLOGICALS
694,cyclizine,R06A,R,R06,RESPIRATORY SYSTEM,ANTIHISTAMINES FOR SYSTEMIC USE
695,nadolol,C07A,C,C07,CARDIOVASCULAR SYSTEM,BETA BLOCKING AGENTS
696,solgol,C07A,C,C07,CARDIOVASCULAR SYSTEM,BETA BLOCKING AGENTS
697,S-nadolol,C07A,C,C07,CARDIOVASCULAR SYSTEM,BETA BLOCKING AGENTS
698,nadolol,C07B,C,C07,CARDIOVASCULAR SYSTEM,BETA BLOCKING AGENTS
699,solgol,C07B,C,C07,CARDIOVASCULAR SYSTEM,BETA BLOCKING AGENTS
700,S-nadolol,C07B,C,C07,CARDIOVASCULAR SYSTEM,BETA BLOCKING AGENTS
701,methadone,N07B,N,N07,NERVOUS SYSTEM,OTHER NERVOUS SYSTEM DRUGS
702,methadone,N02A,N,N02,NERVOUS SYSTEM,ANALGESICS
703,mirtazapine,N06A,N,N06,NERVOUS SYSTEM,PSYCHOANALEPTICS
704,diphenhydramine,R06A,R,R06,RESPIRATORY SYSTEM,ANTIHISTAMINES FOR SYSTEMIC USE
705,diphenhydramine,D04A,D,D04,DERMATOLOGICALS,"ANTIPRURITICS, INCL. ANTIHISTAMINES, ANESTHETICS, ETC."
706,sufentanil,N01A,N,N01,NERVOUS SYSTEM,ANESTHETICS
707,amantadine,N04B,N,N04,NERVOUS SYSTEM,ANTI-PARKINSON DRUGS
708,acetylcholine,S01E,S,S01,SENSORY ORGANS,OPHTHALMOLOGICALS
709,cyclobenzaprine,M03B,M,M03,MUSCULO-SKELETAL SYSTEM,MUSCLE RELAXANTS
710,epinephrine,B02B,B,B02,BLOOD AND BLOOD FORMING ORGANS,ANTIHEMORRHAGICS
711,epinephrine,S01E,S,S01,SENSORY ORGANS,OPHTHALMOLOGICALS
712,epinephrine,R03A,R,R03,RESPIRATORY SYSTEM,DRUGS FOR OBSTRUCTIVE AIRWAY DISEASES
713,epinephrine,C01C,C,C01,CARDIOVASCULAR SYSTEM,CARDIAC THERAPY
714,epinephrine,R01A,R,R01,RESPIRATORY SYSTEM,NASAL PREPARATIONS
715,epinephrine,A01A,A,A01,ALIMENTARY TRACT AND METABOLISM,STOMATOLOGICAL PREPARATIONS
716,etomidate,N01A,N,N01,NERVOUS SYSTEM,ANESTHETICS
717,morphine,A07D,A,A07,ALIMENTARY TRACT AND METABOLISM,"ANTIDIARRHEALS, INTESTINAL ANTIINFLAMMATORY/ANTIINFECTIVE AGENTS"
718,morphine,N02A,N,N02,NERVOUS SYSTEM,ANALGESICS
719,baclofen,M03B,M,M03,MUSCULO-SKELETAL SYSTEM,MUSCLE RELAXANTS
720,doxazosin,C02C,C,C02,CARDIOVASCULAR SYSTEM,ANTIHYPERTENSIVES
721,ziprasidone,N05A,N,N05,NERVOUS SYSTEM,PSYCHOLEPTICS
722,alfuzosin,G04C,G,G04,GENITO URINARY SYSTEM AND SEX HORMONES,UROLOGICALS
723,seratrodast,R03D,R,R03,RESPIRATORY SYSTEM,DRUGS FOR OBSTRUCTIVE AIRWAY DISEASES
724,chlorpromazine,N05A,N,N05,NERVOUS SYSTEM,PSYCHOLEPTICS
725,albuterol,R03A,R,R03,RESPIRATORY SYSTEM,DRUGS FOR OBSTRUCTIVE AIRWAY DISEASES
726,albuterol,R03C,R,R03,RESPIRATORY SYSTEM,DRUGS FOR OBSTRUCTIVE AIRWAY DISEASES
727,olanzapine,N05A,N,N05,NERVOUS SYSTEM,PSYCHOLEPTICS
728,quetiapine,N05A,N,N05,NERVOUS SYSTEM,PSYCHOLEPTICS
729,desipramine,N06A,N,N06,NERVOUS SYSTEM,PSYCHOANALEPTICS
730,carvedilol,C07F,C,C07,CARDIOVASCULAR SYSTEM,BETA BLOCKING AGENTS
731,carvedilol,C07A,C,C07,CARDIOVASCULAR SYSTEM,BETA BLOCKING AGENTS
732,fluphenazine,N05A,N,N05,NERVOUS SYSTEM,PSYCHOLEPTICS
733,prochlorperazine,N05A,N,N05,NERVOUS SYSTEM,PSYCHOLEPTICS
734,mequitazine,R06A,R,R06,RESPIRATORY SYSTEM,ANTIHISTAMINES FOR SYSTEMIC USE
735,nedocromil,S01G,S,S01,SENSORY ORGANS,OPHTHALMOLOGICALS
736,nedocromil,R03B,R,R03,RESPIRATORY SYSTEM,DRUGS FOR OBSTRUCTIVE AIRWAY DISEASES
737,nedocromil,R01A,R,R01,RESPIRATORY SYSTEM,NASAL PREPARATIONS
738,phenoxybenzamine,C04A,C,C04,CARDIOVASCULAR SYSTEM,PERIPHERAL VASODILATORS
739,naphazoline,S01G,S,S01,SENSORY ORGANS,OPHTHALMOLOGICALS
740,naphazoline,R01A,R,R01,RESPIRATORY SYSTEM,NASAL PREPARATIONS
741,oxymetazoline,R01A,R,R01,RESPIRATORY SYSTEM,NASAL PREPARATIONS
742,oxymetazoline,D11A,D,D11,DERMATOLOGICALS,OTHER DERMATOLOGICAL PREPARATIONS
743,oxymetazoline,S01G,S,S01,SENSORY ORGANS,OPHTHALMOLOGICALS
744,dexmedetomidine,N05C,N,N05,NERVOUS SYSTEM,PSYCHOLEPTICS
745,montelukast,R03D,R,R03,RESPIRATORY SYSTEM,DRUGS FOR OBSTRUCTIVE AIRWAY DISEASES
746,naloxone,V03A,V,V03,VARIOUS,ALL OTHER THERAPEUTIC PRODUCTS
747,naloxone,A06A,A,A06,ALIMENTARY TRACT AND METABOLISM,DRUGS FOR CONSTIPATION
748,naloxone,N02A,N,N02,NERVOUS SYSTEM,ANALGESICS
749,brompheniramine,R06A,R,R06,RESPIRATORY SYSTEM,ANTIHISTAMINES FOR SYSTEMIC USE
750,eprosartan,C09C,C,C09,CARDIOVASCULAR SYSTEM,AGENTS ACTING ON THE RENIN-ANGIOTENSIN SYSTEM
751,eprosartan,C09D,C,C09,CARDIOVASCULAR SYSTEM,AGENTS ACTING ON THE RENIN-ANGIOTENSIN SYSTEM
752,methylpromazine,R06A,R,R06,RESPIRATORY SYSTEM,ANTIHISTAMINES FOR SYSTEMIC USE
753,loxapine,N05A,N,N05,NERVOUS SYSTEM,PSYCHOLEPTICS
754,ticlopidine,B01A,B,B01,BLOOD AND BLOOD FORMING ORGANS,ANTITHROMBOTIC AGENTS
755,tamsulosin,G01A,G,G01,GENITO URINARY SYSTEM AND SEX HORMONES,GYNECOLOGICAL ANTIINFECTIVES AND ANTISEPTICS
756,tamsulosin,G04C,G,G04,GENITO URINARY SYSTEM AND SEX HORMONES,UROLOGICALS
757,carteolol,S01E,S,S01,SENSORY ORGANS,OPHTHALMOLOGICALS
758,carteolol,C07A,C,C07,CARDIOVASCULAR SYSTEM,BETA BLOCKING AGENTS
759,loperamide,A07D,A,A07,ALIMENTARY TRACT AND METABOLISM,"ANTIDIARRHEALS, INTESTINAL ANTIINFLAMMATORY/ANTIINFECTIVE AGENTS"
760,tiapride,N05A,N,N05,NERVOUS SYSTEM,PSYCHOLEPTICS
761,brimonidine,S01E,S,S01,SENSORY ORGANS,OPHTHALMOLOGICALS
762,brimonidine,D11A,D,D11,DERMATOLOGICALS,OTHER DERMATOLOGICAL PREPARATIONS
763,brimonidine,S01G,S,S01,SENSORY ORGANS,OPHTHALMOLOGICALS
764,risperidone,N05A,N,N05,NERVOUS SYSTEM,PSYCHOLEPTICS
765,triprolidine,R06A,R,R06,RESPIRATORY SYSTEM,ANTIHISTAMINES FOR SYSTEMIC USE
766,metoclopramide,A03F,A,A03,ALIMENTARY TRACT AND METABOLISM,DRUGS FOR FUNCTIONAL GASTROINTESTINAL DISORDERS
767,guanfacine,C02A,C,C02,CARDIOVASCULAR SYSTEM,ANTIHYPERTENSIVES
768,procyclidine,N04A,N,N04,NERVOUS SYSTEM,ANTI-PARKINSON DRUGS
769,rimiterol,R03A,R,R03,RESPIRATORY SYSTEM,DRUGS FOR OBSTRUCTIVE AIRWAY DISEASES
770,nalbuphine,N02A,N,N02,NERVOUS SYSTEM,ANALGESICS
771,hydroxyzine,N05B,N,N05,NERVOUS SYSTEM,PSYCHOLEPTICS
772,histamine,V04C,V,V04,VARIOUS,DIAGNOSTIC AGENTS
773,histamine,L03A,L,L03,ANTINEOPLASTIC AND IMMUNOMODULATING AGENTS,IMMUNOSTIMULANTS
774,orphenadrine,N04A,N,N04,NERVOUS SYSTEM,ANTI-PARKINSON DRUGS
775,orphenadrine,M03B,M,M03,MUSCULO-SKELETAL SYSTEM,MUSCLE RELAXANTS
776,famotidine,A02B,A,A02,ALIMENTARY TRACT AND METABOLISM,DRUGS FOR ACID RELATED DISORDERS
777,rizatriptan,N02C,N,N02,NERVOUS SYSTEM,ANALGESICS
778,chlorprothixene,N05A,N,N05,NERVOUS SYSTEM,PSYCHOLEPTICS
779,fexofenadine,R06A,R,R06,RESPIRATORY SYSTEM,ANTIHISTAMINES FOR SYSTEMIC USE
780,dobutamine,C01C,C,C01,CARDIOVASCULAR SYSTEM,CARDIAC THERAPY
781,mizolastine,R06A,R,R06,RESPIRATORY SYSTEM,ANTIHISTAMINES FOR SYSTEMIC USE
782,azatadine,R06A,R,R06,RESPIRATORY SYSTEM,ANTIHISTAMINES FOR SYSTEMIC USE
783,bosentan,C02K,C,C02,CARDIOVASCULAR SYSTEM,ANTIHYPERTENSIVES
784,bosentan,G01A,G,G01,GENITO URINARY SYSTEM AND SEX HORMONES,GYNECOLOGICAL ANTIINFECTIVES AND ANTISEPTICS
785,oxymorphone,N02A,N,N02,NERVOUS SYSTEM,ANALGESICS
786,carbamoylcholine,N07A,N,N07,NERVOUS SYSTEM,OTHER NERVOUS SYSTEM DRUGS
787,carbachol,N07A,N,N07,NERVOUS SYSTEM,OTHER NERVOUS SYSTEM DRUGS
788,carbamoylcholine,S01E,S,S01,SENSORY ORGANS,OPHTHALMOLOGICALS
789,carbachol,S01E,S,S01,SENSORY ORGANS,OPHTHALMOLOGICALS
790,methacholine,V04C,V,V04,VARIOUS,DIAGNOSTIC AGENTS
791,nalmefene,N07B,N,N07,NERVOUS SYSTEM,OTHER NERVOUS SYSTEM DRUGS
792,pirenzepine,A02B,A,A02,ALIMENTARY TRACT AND METABOLISM,DRUGS FOR ACID RELATED DISORDERS
793,loratadine,R06A,R,R06,RESPIRATORY SYSTEM,ANTIHISTAMINES FOR SYSTEMIC USE
794,fenfluramine,A08,A,A08,ALIMENTARY TRACT AND METABOLISM,"ANTIOBESITY PREPARATIONS, EXCL. DIET PRODUCTS"
